/*--------------------------------*- C++ -*----------------------------------*\
  =========                 |
  \\      /  F ield         | OpenFOAM: The Open Source CFD Toolbox
   \\    /   O peration     | Website:  https://openfoam.org
    \\  /    A nd           | Version:  10
     \\/     M anipulation  |
\*---------------------------------------------------------------------------*/
FoamFile
{
    format      ascii;
    class       faceList;
    location    "constant/polyMesh";
    object      faces;
}
// * * * * * * * * * * * * * * * * * * * * * * * * * * * * * * * * * * * * * //


10779
(
4(1579 1638 3027 2968)
4(1080 1579 2968 2469)
4(1080 2469 3027 1638)
4(1244 1611 3000 2633)
4(1408 1244 2633 2797)
4(1408 2797 3000 1611)
4(1209 1267 2656 2598)
4(1209 2598 2860 1471)
4(1267 1471 2860 2656)
4(1195 1295 2684 2584)
4(948 2337 2684 1295)
4(948 1195 2584 2337)
4(1192 1505 2894 2581)
4(1166 1192 2581 2555)
4(1166 2555 2894 1505)
4(955 677 2066 2344)
4(677 1888 3277 2066)
4(955 2344 3277 1888)
4(1238 1183 2572 2627)
4(1183 1710 3099 2572)
4(1238 2627 3099 1710)
4(1554 1713 3102 2943)
4(1580 1554 2943 2969)
4(1580 2969 3102 1713)
4(859 980 2369 2248)
4(980 1132 2521 2369)
4(859 2248 2521 1132)
4(1531 2920 3269 1880)
4(1531 1540 2929 2920)
4(1540 1880 3269 2929)
4(954 815 2204 2343)
4(815 1414 2803 2204)
4(954 2343 2803 1414)
4(1125 710 2099 2514)
4(710 1285 2674 2099)
4(1125 2514 2674 1285)
4(1173 555 1944 2562)
4(555 1429 2818 1944)
4(1173 2562 2818 1429)
4(1014 1131 2520 2403)
4(1019 1014 2403 2408)
4(1019 2408 2520 1131)
4(1012 2401 3135 1746)
4(1012 1018 2407 2401)
4(1018 1746 3135 2407)
4(1299 2688 2808 1419)
4(1299 976 2365 2688)
4(976 1419 2808 2365)
4(663 698 2087 2052)
4(670 2059 2087 698)
4(670 663 2052 2059)
4(1558 956 2345 2947)
4(1558 2947 3027 1638)
4(956 1638 3027 2345)
4(1726 3115 3117 1728)
4(1130 1728 3117 2519)
4(1726 1130 2519 3115)
4(1115 739 2128 2504)
4(1115 2504 2674 1285)
4(739 1285 2674 2128)
4(1646 3035 3102 1713)
4(1646 1079 2468 3035)
4(1079 1713 3102 2468)
4(1291 1846 3235 2680)
4(699 2088 3235 1846)
4(699 1291 2680 2088)
4(1027 2416 3135 1746)
4(1027 1012 2401 2416)
4(963 1720 3109 2352)
4(1029 963 2352 2418)
4(1029 2418 3109 1720)
4(1360 1236 2625 2749)
4(1236 1384 2773 2625)
4(1360 2749 2773 1384)
4(536 1728 3117 1925)
4(1203 536 1925 2592)
4(1203 2592 3117 1728)
4(1215 1419 2808 2604)
4(602 1215 2604 1991)
4(602 1991 2808 1419)
4(1332 775 2164 2721)
4(1332 2721 2743 1354)
4(775 1354 2743 2164)
4(1520 1518 2907 2909)
4(1520 2909 2975 1586)
4(1518 1586 2975 2907)
4(961 2350 2363 974)
4(961 816 2205 2350)
4(816 974 2363 2205)
4(562 1162 2551 1951)
4(1162 1327 2716 2551)
4(562 1951 2716 1327)
4(1103 2492 2497 1108)
4(1103 1041 2430 2492)
4(1041 1108 2497 2430)
4(899 1118 2507 2288)
4(899 2288 2579 1190)
4(1118 1190 2579 2507)
4(1174 1094 2483 2563)
4(1174 2563 3227 1838)
4(1094 1838 3227 2483)
4(1619 1637 3026 3008)
4(1603 2992 3026 1637)
4(1603 1619 3008 2992)
4(1312 840 2229 2701)
4(1312 2701 2795 1406)
4(840 1406 2795 2229)
4(1619 893 2282 3008)
4(893 1637 3026 2282)
4(947 910 2299 2336)
4(910 1478 2867 2299)
4(947 2336 2867 1478)
4(871 1194 2583 2260)
4(1194 1338 2727 2583)
4(871 2260 2727 1338)
4(1161 538 1927 2550)
4(1161 2550 2731 1342)
4(538 1342 2731 1927)
4(1572 1571 2960 2961)
4(1572 2961 2974 1585)
4(1571 1585 2974 2960)
4(1579 1646 3035 2968)
4(1579 2968 3102 1713)
4(813 967 2356 2202)
4(813 2202 2845 1456)
4(967 1456 2845 2356)
4(1015 1131 2520 2404)
4(1014 1015 2404 2403)
4(1570 1569 2958 2959)
4(1570 2959 2960 1571)
4(1569 1571 2960 2958)
4(1002 1425 2814 2391)
4(1323 2712 2814 1425)
4(1323 1002 2391 2712)
4(1523 1522 2911 2912)
4(1523 2912 2913 1524)
4(1522 1524 2913 2911)
4(1212 2601 3117 1728)
4(1212 1726 3115 2601)
4(962 963 2352 2351)
4(812 962 2351 2201)
4(812 2201 2352 963)
4(536 1212 2601 1925)
4(891 1295 2684 2280)
4(1195 891 2280 2584)
4(71 524 3191 1802)
4(70 1802 3191 525)
4(530 1305 2694 1919)
4(1149 530 1919 2538)
4(1149 2538 2694 1305)
4(812 967 2356 2201)
4(813 812 2201 2202)
4(1262 1032 2421 2651)
4(1262 2651 3285 1896)
4(1032 1896 3285 2421)
4(1008 2397 2638 1249)
4(1006 1249 2638 2395)
4(1008 1006 2395 2397)
4(969 1183 2572 2358)
4(969 2358 2627 1238)
4(850 2239 2660 1271)
4(1219 1271 2660 2608)
4(850 1219 2608 2239)
4(555 1944 2772 1383)
4(1173 1383 2772 2562)
4(848 2237 2648 1259)
4(849 1259 2648 2238)
4(848 849 2238 2237)
4(1215 1299 2688 2604)
4(745 746 2135 2134)
4(746 797 2186 2135)
4(745 2134 2186 797)
4(1028 912 2301 2417)
4(912 1676 3065 2301)
4(1028 2417 3065 1676)
4(1208 1407 2796 2597)
4(960 1208 2597 2349)
4(960 2349 2796 1407)
4(1247 1268 2657 2636)
4(659 1247 2636 2048)
4(659 2048 2657 1268)
4(1076 1070 2459 2465)
4(1070 1830 3219 2459)
4(1076 2465 3219 1830)
4(754 1257 2646 2143)
4(756 2145 2646 1257)
4(756 754 2143 2145)
4(1192 1193 2582 2581)
4(1193 1505 2894 2582)
4(1058 1057 2446 2447)
4(1058 2447 3262 1873)
4(1057 1873 3262 2446)
4(1152 2541 2616 1227)
4(1226 1227 2616 2615)
4(1152 1226 2615 2541)
4(692 2081 2360 971)
4(692 970 2359 2081)
4(970 971 2360 2359)
4(1148 949 2338 2537)
4(949 1834 3223 2338)
4(1148 2537 3223 1834)
4(1194 1214 2603 2583)
4(873 1194 2583 2262)
4(873 2262 2603 1214)
4(1209 1103 2492 2598)
4(1103 1267 2656 2492)
4(1371 1511 2900 2760)
4(789 1371 2760 2178)
4(789 2178 2900 1511)
4(1287 1189 2578 2676)
4(1287 2676 2713 1324)
4(1189 1324 2713 2578)
4(871 1214 2603 2260)
4(840 2229 2702 1313)
4(1312 1313 2702 2701)
4(974 975 2364 2363)
4(961 2350 2364 975)
4(1092 1552 2941 2481)
4(1552 1869 3258 2941)
4(1092 2481 3258 1869)
4(555 558 1947 1944)
4(558 1429 2818 1947)
4(781 1449 2838 2170)
4(783 2172 2838 1449)
4(783 781 2170 2172)
4(904 905 2294 2293)
4(903 904 2293 2292)
4(903 2292 2294 905)
4(857 980 2369 2246)
4(859 857 2246 2248)
4(1158 1002 2391 2547)
4(1002 1321 2710 2391)
4(1158 2547 2710 1321)
4(908 2297 2336 947)
4(908 910 2299 2297)
4(530 1188 2577 1919)
4(1188 1305 2694 2577)
4(897 663 2052 2286)
4(663 1651 3040 2052)
4(897 2286 3040 1651)
4(1662 1880 3269 3051)
4(1061 1662 3051 2450)
4(1061 2450 3269 1880)
4(533 1145 2534 1922)
4(533 1922 2706 1317)
4(1145 1317 2706 2534)
4(544 1171 2560 1933)
4(544 1933 2672 1283)
4(1171 1283 2672 2560)
4(963 982 2371 2352)
4(967 963 2352 2356)
4(967 2356 2371 982)
4(819 2208 2343 954)
4(819 815 2204 2208)
4(805 812 2201 2194)
4(806 2195 2201 812)
4(806 805 2194 2195)
4(635 1814 3203 2024)
4(1128 635 2024 2517)
4(1128 2517 3203 1814)
4(1118 2507 2593 1204)
4(899 1204 2593 2288)
4(1563 541 1930 2952)
4(541 1609 2998 1930)
4(1563 2952 2998 1609)
4(1027 1442 2831 2416)
4(1027 2416 3017 1628)
4(1442 1628 3017 2831)
4(1161 935 2324 2550)
4(1161 2550 2732 1343)
4(935 1343 2732 2324)
4(808 816 2205 2197)
4(808 2197 2350 961)
4(1175 1782 3171 2564)
4(1175 2564 3173 1784)
4(1782 1784 3173 3171)
4(926 2315 2668 1279)
4(1234 1279 2668 2623)
4(926 1234 2623 2315)
4(1203 1464 2853 2592)
4(536 1925 2853 1464)
4(784 1449 2838 2173)
4(781 784 2173 2170)
4(1151 1306 2695 2540)
4(1306 1820 3209 2695)
4(1151 2540 3209 1820)
4(584 1973 2795 1406)
4(586 1406 2795 1975)
4(584 586 1975 1973)
4(1236 2625 2750 1361)
4(1360 1361 2750 2749)
4(797 805 2194 2186)
4(798 2187 2194 805)
4(798 797 2186 2187)
4(714 717 2106 2103)
4(717 718 2107 2106)
4(714 2103 2107 718)
4(1065 1060 2449 2454)
4(1060 1822 3211 2449)
4(1065 2454 3211 1822)
4(534 1923 2772 1383)
4(534 555 1944 1923)
4(1072 2461 2465 1076)
4(1072 1070 2459 2461)
4(943 2332 2537 1148)
4(943 949 2338 2332)
4(1098 1522 2911 2487)
4(1098 2487 2912 1523)
4(1185 1710 3099 2574)
4(1183 1185 2574 2572)
4(1798 657 2046 3187)
4(657 1805 3194 2046)
4(1798 3187 3194 1805)
4(1108 1824 3213 2497)
4(1103 2492 3213 1824)
4(1096 2485 2563 1174)
4(1096 1094 2483 2485)
4(1545 1543 2932 2934)
4(1545 2934 2972 1583)
4(1543 1583 2972 2932)
4(963 965 2354 2352)
4(965 1720 3109 2354)
4(1258 2647 2668 1279)
4(1258 926 2315 2647)
4(745 744 2133 2134)
4(744 746 2135 2133)
4(533 1143 2532 1922)
4(1143 1145 2534 2532)
4(746 2135 2698 1309)
4(746 902 2291 2135)
4(902 1309 2698 2291)
4(742 744 2133 2131)
4(742 2131 2134 745)
4(1169 898 2287 2558)
4(898 1451 2840 2287)
4(1169 2558 2840 1451)
4(582 1432 2821 1971)
4(585 1974 2821 1432)
4(585 582 1971 1974)
4(706 1183 2572 2095)
4(1182 706 2095 2571)
4(1182 2571 2572 1183)
4(1299 1388 2777 2688)
4(976 2365 2777 1388)
4(567 570 1959 1956)
4(567 1956 3087 1698)
4(570 1698 3087 1959)
4(975 2364 2585 1196)
4(974 1196 2585 2363)
4(1574 1572 2961 2963)
4(1572 1588 2977 2961)
4(1574 2963 2977 1588)
4(905 918 2307 2294)
4(914 905 2294 2303)
4(914 2303 2307 918)
4(959 848 2237 2348)
4(959 2348 2648 1259)
4(1398 1056 2445 2787)
4(1398 2787 2863 1474)
4(1056 1474 2863 2445)
4(962 965 2354 2351)
4(802 808 2197 2191)
4(808 811 2200 2197)
4(802 2191 2200 811)
4(654 2043 2081 692)
4(649 692 2081 2038)
4(654 649 2038 2043)
4(949 948 2337 2338)
4(949 2338 2684 1295)
4(1016 2405 2638 1249)
4(1016 1008 2397 2405)
4(594 1307 2696 1983)
4(625 2014 2696 1307)
4(625 594 1983 2014)
4(849 1210 2599 2238)
4(1210 1259 2648 2599)
4(714 645 2034 2103)
4(645 717 2106 2034)
4(1902 3291 3294 1905)
4(1902 1659 3048 3291)
4(1659 1905 3294 3048)
4(1150 674 2063 2539)
4(674 1307 2696 2063)
4(1150 2539 2696 1307)
4(1102 2491 3244 1855)
4(1102 1632 3021 2491)
4(1632 1855 3244 3021)
4(532 1160 2549 1921)
4(532 1921 2556 1167)
4(1160 1167 2556 2549)
4(869 1194 2583 2258)
4(873 869 2258 2262)
4(1064 2453 2454 1065)
4(1064 1060 2449 2453)
4(842 2231 2649 1260)
4(662 1260 2649 2051)
4(842 662 2051 2231)
4(933 2322 2550 1161)
4(933 935 2324 2322)
4(971 1169 2558 2360)
4(692 2081 2558 1169)
4(970 642 2031 2359)
4(642 1598 2987 2031)
4(970 2359 2987 1598)
4(805 962 2351 2194)
4(609 1666 3055 1998)
4(629 609 1998 2018)
4(629 2018 3055 1666)
4(955 1516 2905 2344)
4(677 2066 2905 1516)
4(533 1198 2587 1922)
4(1143 2532 2587 1198)
4(797 2186 2698 1309)
4(1208 50 308 2597)
4(50 1407 2796 308)
4(1522 1520 2909 2911)
4(1522 2911 2928 1539)
4(1520 1539 2928 2909)
4(982 2371 2418 1029)
4(1098 2487 3239 1850)
4(1098 1532 2921 2487)
4(1532 1850 3239 2921)
4(851 2240 2660 1271)
4(851 850 2239 2240)
4(595 1984 2795 1406)
4(595 584 1973 1984)
4(88 507 3174 1785)
4(87 1785 3174 508)
4(1115 1284 2673 2504)
4(739 2128 2673 1284)
4(1197 544 1933 2586)
4(1197 2586 3127 1738)
4(544 1738 3127 1933)
4(803 808 2197 2192)
4(802 803 2192 2191)
4(805 2194 2196 807)
4(797 807 2196 2186)
4(683 1128 2517 2072)
4(683 2072 2606 1217)
4(1128 1217 2606 2517)
4(1517 2906 3273 1884)
4(1517 1701 3090 2906)
4(1701 1884 3273 3090)
4(1268 1483 2872 2657)
4(673 1268 2657 2062)
4(673 2062 2872 1483)
4(1276 2665 2787 1398)
4(1276 1056 2445 2665)
4(710 2099 3046 1657)
4(1125 1657 3046 2514)
4(919 918 2307 2308)
4(919 2308 2508 1119)
4(918 1119 2508 2307)
4(800 903 2292 2189)
4(902 800 2189 2291)
4(902 2291 2292 903)
4(1339 1615 3004 2728)
4(1481 1339 2728 2870)
4(1481 2870 3004 1615)
4(58 1263 2652 316)
4(57 315 2652 1263)
4(658 2047 3249 1860)
4(658 1788 3177 2047)
4(1788 1860 3249 3177)
4(995 2384 2595 1206)
4(995 993 2382 2384)
4(993 1206 2595 2382)
4(853 2242 2243 854)
4(853 811 2200 2242)
4(811 854 2243 2200)
4(717 1902 3291 2106)
4(718 2107 3291 1902)
4(544 54 312 1933)
4(54 1171 2560 312)
4(775 2164 2744 1355)
4(1332 1355 2744 2721)
4(905 2294 2295 906)
4(904 906 2295 2293)
4(908 946 2335 2297)
4(906 908 2297 2295)
4(906 2295 2335 946)
4(815 2204 2211 822)
4(813 822 2211 2202)
4(815 813 2202 2204)
4(674 2063 2629 1240)
4(1150 1240 2629 2539)
4(649 2038 2359 970)
4(649 642 2031 2038)
4(765 2154 3008 1619)
4(765 1233 2622 2154)
4(1233 1619 3008 2622)
4(780 802 2191 2169)
4(780 2169 2241 852)
4(802 852 2241 2191)
4(1162 2551 3072 1683)
4(562 1683 3072 1951)
4(918 972 2361 2307)
4(972 1140 2529 2361)
4(918 2307 2529 1140)
4(878 1320 2709 2267)
4(1220 2609 2709 1320)
4(1220 878 2267 2609)
4(530 1288 2677 1919)
4(1188 2577 2677 1288)
4(1176 1782 3171 2565)
4(1175 1176 2565 2564)
4(808 809 2198 2197)
4(809 816 2205 2198)
4(751 800 2189 2140)
4(749 2138 2189 800)
4(749 751 2140 2138)
4(1022 2411 2892 1503)
4(68 1503 2892 527)
4(1022 68 527 2411)
4(849 1211 2600 2238)
4(1210 2599 2600 1211)
4(927 1137 2526 2316)
4(927 2316 3251 1862)
4(1137 1862 3251 2526)
4(800 904 2293 2189)
4(857 2246 2251 862)
4(857 855 2244 2246)
4(855 862 2251 2244)
4(855 854 2243 2244)
4(854 1155 2544 2243)
4(855 2244 2544 1155)
4(582 580 1969 1971)
4(580 1432 2821 1969)
4(862 980 2369 2251)
4(905 972 2361 2294)
4(1002 999 2388 2391)
4(999 1425 2814 2388)
4(819 846 2235 2208)
4(837 819 2208 2226)
4(837 2226 2235 846)
4(1382 2771 3053 1664)
4(872 1664 3053 2261)
4(1382 872 2261 2771)
4(793 2182 2719 1330)
4(793 1329 2718 2182)
4(1329 1330 2719 2718)
4(1245 1611 3000 2634)
4(1244 1245 2634 2633)
4(547 1168 2557 1936)
4(547 1936 3080 1691)
4(1168 1691 3080 2557)
4(946 2335 2336 947)
4(853 2242 2244 855)
4(1291 1253 2642 2680)
4(1253 1846 3235 2642)
4(912 950 2339 2301)
4(910 912 2301 2299)
4(910 2299 2339 950)
4(1337 1213 2602 2726)
4(1337 2726 3138 1749)
4(1213 1749 3138 2602)
4(61 533 1922 319)
4(61 319 2706 1317)
4(921 2310 3024 1635)
4(921 1138 2527 2310)
4(1138 1635 3024 2527)
4(604 600 1989 1993)
4(604 1993 2015 626)
4(600 626 2015 1989)
4(717 719 2108 2106)
4(719 1902 3291 2108)
4(609 996 2385 1998)
4(996 1666 3055 2385)
4(599 1988 1989 600)
4(599 596 1985 1988)
4(596 600 1989 1985)
4(565 566 1955 1954)
4(566 567 1956 1955)
4(565 1954 1956 567)
4(1371 1372 2761 2760)
4(1372 1511 2900 2761)
4(564 565 1954 1953)
4(561 564 1953 1950)
4(561 1950 1954 565)
4(1155 2544 2545 1156)
4(854 1156 2545 2243)
4(1129 921 2310 2518)
4(1129 2518 3024 1635)
4(1055 1057 2446 2444)
4(1055 2444 2447 1058)
4(629 993 2382 2018)
4(992 2381 2382 993)
4(992 629 2018 2381)
4(592 1981 1985 596)
4(592 588 1977 1981)
4(588 596 1985 1977)
4(749 902 2291 2138)
4(746 749 2138 2135)
4(576 1965 1977 588)
4(576 572 1961 1965)
4(572 588 1977 1961)
4(560 561 1950 1949)
4(556 560 1949 1945)
4(556 1945 1950 561)
4(1531 1529 2918 2920)
4(1529 1606 2995 2918)
4(1531 2920 2995 1606)
4(996 2385 2386 997)
4(996 626 2015 2385)
4(626 997 2386 2015)
4(956 2345 2948 1559)
4(1558 1559 2948 2947)
4(950 2339 2417 1028)
4(819 1909 3298 2208)
4(846 2235 3298 1909)
4(1423 1749 3138 2812)
4(1160 1423 2812 2549)
4(1160 2549 3138 1749)
4(1034 2423 2651 1262)
4(1034 1032 2421 2423)
4(53 544 1933 311)
4(53 311 2586 1197)
4(1357 1148 2537 2746)
4(1148 1378 2767 2537)
4(1357 2746 2767 1378)
4(1373 1675 3064 2762)
4(1353 2742 3064 1675)
4(1353 1373 2762 2742)
4(567 568 1957 1956)
4(568 570 1959 1957)
4(1206 1256 2645 2595)
4(995 2384 2645 1256)
4(1278 759 2148 2667)
4(759 1475 2864 2148)
4(1278 2667 2864 1475)
4(980 2369 2567 1178)
4(862 1178 2567 2251)
4(757 2146 2667 1278)
4(757 759 2148 2146)
4(1149 1316 2705 2538)
4(530 1919 2705 1316)
4(1797 3186 3187 1798)
4(1797 657 2046 3186)
4(915 921 2310 2304)
4(915 2304 2518 1129)
4(570 1959 1961 572)
4(570 571 1960 1959)
4(571 572 1961 1960)
4(1195 2584 3026 1637)
4(1195 1603 2992 2584)
4(1134 887 2276 2523)
4(887 1645 3034 2276)
4(1134 2523 3034 1645)
4(1561 541 1930 2950)
4(1561 2950 2952 1563)
4(1052 1758 3147 2441)
4(1757 3146 3147 1758)
4(1757 1052 2441 3146)
4(72 523 3191 1802)
4(1227 1486 2875 2616)
4(1152 2541 2875 1486)
4(4 10 3045 1656)
4(817 1656 3045 2206)
4(4 817 2206 10)
4(1102 1569 2958 2491)
4(1102 2491 2959 1570)
4(788 2177 2721 1332)
4(788 1331 2720 2177)
4(1331 1332 2721 2720)
4(993 994 2383 2382)
4(994 1135 2524 2383)
4(993 2382 2524 1135)
4(719 2108 2131 742)
4(719 741 2130 2108)
4(741 742 2131 2130)
4(965 1508 2897 2354)
4(1427 965 2354 2816)
4(1427 2816 2897 1508)
4(721 1669 3058 2110)
4(985 2374 3058 1669)
4(985 721 2110 2374)
4(977 890 2279 2366)
4(890 1133 2522 2279)
4(977 2366 2522 1133)
4(869 2258 2502 1113)
4(867 1113 2502 2256)
4(869 867 2256 2258)
4(1516 2905 3257 1868)
4(1246 1868 3257 2635)
4(1516 1246 2635 2905)
4(1518 1517 2906 2907)
4(1518 2907 3273 1884)
4(549 1749 3138 1938)
4(1423 549 1938 2812)
4(553 1213 2602 1942)
4(553 1942 2726 1337)
4(683 638 2027 2072)
4(638 1128 2517 2027)
4(1306 2695 3005 1616)
4(1151 1616 3005 2540)
4(821 979 2368 2210)
4(979 1658 3047 2368)
4(821 2210 3047 1658)
4(1060 1104 2493 2449)
4(1104 1822 3211 2493)
4(670 1888 3277 2059)
4(677 670 2059 2066)
4(924 1138 2527 2313)
4(921 924 2313 2310)
4(1108 1494 2883 2497)
4(1494 1824 3213 2883)
4(731 1765 3154 2120)
4(1142 731 2120 2531)
4(1142 2531 3154 1765)
4(1224 567 1956 2613)
4(1224 2613 3087 1698)
4(543 556 1945 1932)
4(554 543 1932 1943)
4(554 1943 1945 556)
4(997 2386 2388 999)
4(997 998 2387 2386)
4(998 999 2388 2387)
4(715 1813 3202 2104)
4(1448 2837 3202 1813)
4(1448 715 2104 2837)
4(757 796 2185 2146)
4(755 757 2146 2144)
4(755 2144 2185 796)
4(878 1460 2849 2267)
4(1320 2709 2849 1460)
4(930 1137 2526 2319)
4(927 930 2319 2316)
4(1067 1876 3265 2456)
4(1091 1067 2456 2480)
4(1091 2480 3265 1876)
4(1215 2604 3254 1865)
4(602 1865 3254 1991)
4(1236 877 2266 2625)
4(877 1384 2773 2266)
4(912 915 2304 2301)
4(915 1676 3065 2304)
4(1263 2652 3119 1730)
4(58 1730 3119 316)
4(1014 1018 2407 2403)
4(1012 1014 2403 2401)
4(923 1842 3231 2312)
4(1489 923 2312 2878)
4(1489 2878 3231 1842)
4(1203 1201 2590 2592)
4(1201 1464 2853 2590)
4(1607 2996 3025 1636)
4(651 1636 3025 2040)
4(1607 651 2040 2996)
4(936 2325 2536 1147)
4(941 1147 2536 2330)
4(936 941 2330 2325)
4(1169 1398 2787 2558)
4(898 2287 2787 1398)
4(720 1902 3291 2109)
4(720 2109 3294 1905)
4(864 1114 2503 2253)
4(867 2256 2503 1114)
4(867 864 2253 2256)
4(1219 548 1937 2608)
4(548 1271 2660 1937)
4(640 638 2027 2029)
4(640 2029 2072 683)
4(933 1136 2525 2322)
4(930 2319 2525 1136)
4(930 933 2322 2319)
4(822 1412 2801 2211)
4(822 2211 2802 1413)
4(1412 1413 2802 2801)
4(594 669 2058 1983)
4(669 1307 2696 2058)
4(776 793 2182 2165)
4(776 2165 2719 1330)
4(759 2148 2184 795)
4(759 761 2150 2148)
4(761 795 2184 2150)
4(874 1164 2553 2263)
4(879 874 2263 2268)
4(879 2268 2553 1164)
4(635 633 2022 2024)
4(633 1814 3203 2022)
4(1310 1811 3200 2699)
4(1506 1310 2699 2895)
4(1506 2895 3200 1811)
4(897 2286 3293 1904)
4(897 898 2287 2286)
4(898 1904 3293 2287)
4(654 2043 2840 1451)
4(692 1451 2840 2081)
4(982 983 2372 2371)
4(967 2356 2372 983)
4(1092 1883 3272 2481)
4(1552 2941 3272 1883)
4(1168 2557 3036 1647)
4(547 1647 3036 1936)
4(638 635 2024 2027)
4(721 718 2107 2110)
4(718 1669 3058 2107)
4(751 1470 2859 2140)
4(800 2189 2859 1470)
4(698 2087 2286 897)
4(535 1262 2651 1924)
4(535 1924 3285 1896)
4(1287 1760 3149 2676)
4(1189 2578 3149 1760)
4(581 668 2057 1970)
4(581 1970 2561 1172)
4(668 1172 2561 2057)
4(822 1414 2803 2211)
4(943 1146 2535 2332)
4(941 943 2332 2330)
4(941 2330 2535 1146)
4(1310 694 2083 2699)
4(694 1811 3200 2083)
4(788 2177 2743 1354)
4(890 887 2276 2279)
4(890 2279 2523 1134)
4(1339 795 2184 2728)
4(795 1615 3004 2184)
4(1554 1556 2945 2943)
4(1556 1713 3102 2945)
4(1192 2581 3206 1817)
4(1192 1096 2485 2581)
4(1096 1817 3206 2485)
4(765 794 2183 2154)
4(763 2152 2183 794)
4(763 765 2154 2152)
4(583 668 2057 1972)
4(581 583 1972 1970)
4(792 1257 2646 2181)
4(754 792 2181 2143)
4(538 1927 2732 1343)
4(1002 2391 2620 1231)
4(1158 1231 2620 2547)
4(1146 2535 2537 1148)
4(1102 1568 2957 2491)
4(1568 1569 2958 2957)
4(663 656 2045 2052)
4(656 1651 3040 2045)
4(611 2000 2018 629)
4(611 609 1998 2000)
4(1070 1105 2494 2459)
4(1105 1830 3219 2494)
4(1067 1065 2454 2456)
4(1065 1876 3265 2454)
4(1292 618 2007 2681)
4(618 1648 3037 2007)
4(1292 2681 3037 1648)
4(611 992 2381 2000)
4(616 2005 2381 992)
4(616 611 2000 2005)
4(806 2195 2202 813)
4(1111 2500 2883 1494)
4(1111 1109 2498 2500)
4(1109 1494 2883 2498)
4(1183 2572 2573 1184)
4(706 1184 2573 2095)
4(1072 2461 3272 1883)
4(1076 1883 3272 2465)
4(769 790 2179 2158)
4(767 2156 2179 790)
4(767 769 2158 2156)
4(796 2185 2667 1278)
4(1547 1545 2934 2936)
4(1547 2936 2973 1584)
4(1545 1584 2973 2934)
4(956 2345 2978 1589)
4(1559 1589 2978 2948)
4(997 1231 2620 2386)
4(996 2385 2620 1231)
4(1306 668 2057 2695)
4(668 1820 3209 2057)
4(1087 1780 3169 2476)
4(1780 1789 3178 3169)
4(1087 2476 3178 1789)
4(1206 792 2181 2595)
4(792 1256 2645 2181)
4(778 793 2182 2167)
4(776 778 2167 2165)
4(532 1423 2812 1921)
4(753 2142 2658 1269)
4(753 755 2144 2142)
4(755 1269 2658 2144)
4(1655 3044 3221 1832)
4(1612 1832 3221 3001)
4(1655 1612 3001 3044)
4(1579 1558 2947 2968)
4(798 2187 2195 806)
4(997 2386 2391 1002)
4(578 1967 2561 1172)
4(578 581 1970 1967)
4(1644 1706 3095 3033)
4(1073 2462 3095 1706)
4(1073 1644 3033 2462)
4(773 791 2180 2162)
4(771 773 2162 2160)
4(771 2160 2180 791)
4(1240 2629 2714 1325)
4(1240 826 2215 2629)
4(826 1325 2714 2215)
4(742 743 2132 2131)
4(743 744 2133 2132)
4(882 879 2268 2271)
4(879 1163 2552 2268)
4(882 2271 2552 1163)
4(745 2134 2187 798)
4(1455 923 2312 2844)
4(1455 2844 2876 1487)
4(923 1487 2876 2312)
4(1041 839 2228 2430)
4(1041 2430 3266 1877)
4(839 1877 3266 2228)
4(1783 1860 3249 3172)
4(1787 1783 3172 3176)
4(1787 3176 3249 1860)
4(599 1988 1993 604)
4(592 1981 1988 599)
4(629 994 2383 2018)
4(1528 1636 3025 2917)
4(1529 2918 3025 1636)
4(1529 1528 2917 2918)
4(1169 2558 2665 1276)
4(971 1276 2665 2360)
4(576 1965 1981 592)
4(794 2183 3008 1619)
4(564 566 1955 1953)
4(903 2292 2303 914)
4(1321 2710 2877 1488)
4(1321 785 2174 2710)
4(785 1488 2877 2174)
4(560 564 1953 1949)
4(604 1993 2385 996)
4(570 1959 1965 576)
4(609 604 1993 1998)
4(1436 1813 3202 2825)
4(715 1436 2825 2104)
4(1136 2525 2550 1161)
4(1269 1455 2844 2658)
4(753 2142 2844 1455)
4(616 630 2019 2005)
4(618 616 2005 2007)
4(618 2007 2019 630)
4(1502 4 10 2891)
4(1502 2891 3045 1656)
4(543 560 1949 1932)
4(982 2371 2836 1447)
4(1029 1447 2836 2418)
4(1553 1551 2940 2942)
4(1553 2942 2944 1555)
4(1551 1555 2944 2940)
4(1074 1564 2953 2463)
4(1564 1608 2997 2953)
4(1074 2463 2997 1608)
4(761 2150 2639 1250)
4(763 1250 2639 2152)
4(761 763 2152 2150)
4(566 568 1957 1955)
4(1764 1852 3241 3153)
4(1099 2488 3241 1852)
4(1099 1764 3153 2488)
4(914 2303 2308 919)
4(1234 615 2004 2623)
4(1234 2623 2751 1362)
4(615 1362 2751 2004)
4(883 1235 2624 2272)
4(886 2275 2624 1235)
4(886 883 2272 2275)
4(1388 2777 2778 1389)
4(1299 1389 2778 2688)
4(761 2150 2880 1491)
4(1250 1491 2880 2639)
4(954 1909 3298 2343)
4(767 1233 2622 2156)
4(765 767 2156 2154)
4(613 1258 2647 2002)
4(613 2002 2668 1279)
4(567 569 1958 1956)
4(565 1954 1958 569)
4(1155 2544 2604 1215)
4(1156 1215 2604 2545)
4(992 2381 2384 995)
4(771 1220 2609 2160)
4(769 2158 2609 1220)
4(769 771 2160 2158)
4(160 435 3013 1624)
4(159 1624 3013 436)
4(1087 1829 3218 2476)
4(1780 3169 3218 1829)
4(1442 1746 3135 2831)
4(1443 2832 3135 1746)
4(1443 1442 2831 2832)
4(568 571 1960 1957)
4(1064 2453 2456 1067)
4(1291 1695 3084 2680)
4(1253 2642 3084 1695)
4(1395 606 1995 2784)
4(1395 2784 2789 1400)
4(606 1400 2789 1995)
4(1538 1062 2451 2927)
4(1538 2927 3123 1734)
4(1062 1734 3123 2451)
4(1273 547 1936 2662)
4(1273 2662 3080 1691)
4(536 65 323 1925)
4(65 1212 2601 323)
4(1133 1358 2747 2522)
4(1133 2522 2759 1370)
4(1358 1370 2759 2747)
4(1137 1136 2525 2526)
4(1136 1207 2596 2525)
4(1137 2526 2596 1207)
4(1551 1549 2938 2940)
4(1549 1558 2947 2938)
4(1551 2940 2947 1558)
4(1113 1194 2583 2502)
4(1131 1254 2643 2520)
4(1254 1686 3075 2643)
4(1131 2520 3075 1686)
4(1211 2600 2839 1450)
4(849 1450 2839 2238)
4(805 2194 3247 1858)
4(807 1858 3247 2196)
4(674 2063 2714 1325)
4(782 802 2191 2171)
4(780 782 2171 2169)
4(572 1180 2569 1961)
4(588 1977 2569 1180)
4(1250 1468 2857 2639)
4(945 1250 2639 2334)
4(945 2334 2857 1468)
4(864 1808 3197 2253)
4(1114 2503 3197 1808)
4(862 1155 2544 2251)
4(1155 1216 2605 2544)
4(862 2251 2605 1216)
4(1289 2678 2772 1383)
4(1289 534 1923 2678)
4(1119 1120 2509 2508)
4(919 2308 2509 1120)
4(1004 2393 2638 1249)
4(1225 1249 2638 2614)
4(1004 1225 2614 2393)
4(1003 1449 2838 2392)
4(1003 2392 3234 1845)
4(1449 1845 3234 2838)
4(1435 2824 3238 1849)
4(1434 1849 3238 2823)
4(1435 1434 2823 2824)
4(698 2087 3293 1904)
4(822 2211 2845 1456)
4(1140 2529 2551 1162)
4(972 1162 2551 2361)
4(1255 1351 2740 2644)
4(559 1255 2644 1948)
4(559 1948 2740 1351)
4(1269 923 2312 2658)
4(1498 1507 2896 2887)
4(1251 2640 2896 1507)
4(1251 1498 2887 2640)
4(626 998 2387 2015)
4(1135 2524 2547 1158)
4(994 1158 2547 2383)
4(706 2095 2764 1375)
4(1182 1375 2764 2571)
4(983 2372 2644 1255)
4(982 1255 2644 2371)
4(1120 1368 2757 2509)
4(1123 1120 2509 2512)
4(1123 2512 2757 1368)
4(891 890 2279 2280)
4(891 2280 2366 977)
4(946 2335 2631 1242)
4(947 1242 2631 2336)
4(936 2325 3242 1853)
4(1147 1853 3242 2536)
4(1006 1004 2393 2395)
4(1412 1456 2845 2801)
4(1456 1892 3281 2845)
4(1412 2801 3281 1892)
4(1424 1668 3057 2813)
4(1039 2428 3057 1668)
4(1039 1424 2813 2428)
4(1227 1621 3010 2616)
4(1405 1227 2616 2794)
4(1405 2794 3010 1621)
4(1277 1170 2559 2666)
4(1277 2666 3231 1842)
4(1170 1842 3231 2559)
4(1055 2444 3305 1916)
4(1055 1050 2439 2444)
4(1050 1916 3305 2439)
4(950 2339 2730 1341)
4(1028 1341 2730 2417)
4(899 2288 2580 1191)
4(1190 1191 2580 2579)
4(1556 2945 2976 1587)
4(1554 1587 2976 2943)
4(549 1337 2726 1938)
4(731 1868 3257 2120)
4(1765 3154 3257 1868)
4(1172 1887 3276 2561)
4(578 1967 3276 1887)
4(725 2114 2636 1247)
4(733 1247 2636 2122)
4(725 733 2122 2114)
4(1214 2603 2739 1350)
4(871 1350 2739 2260)
4(1566 1074 2463 2955)
4(1074 1677 3066 2463)
4(1566 2955 3066 1677)
4(595 1984 3010 1621)
4(1406 1621 3010 2795)
4(1052 1525 2914 2441)
4(1525 1758 3147 2914)
4(1194 1454 2843 2583)
4(1338 2727 2843 1454)
4(1206 1257 2646 2595)
4(1232 2621 3037 1648)
4(1038 1648 3037 2427)
4(1232 1038 2427 2621)
4(874 1812 3201 2263)
4(1164 2553 3201 1812)
4(1084 1855 3244 2473)
4(1086 1084 2473 2475)
4(1086 2475 3244 1855)
4(19 1894 3283 277)
4(537 19 277 1926)
4(537 1926 3283 1894)
4(694 2083 2722 1333)
4(1310 1333 2722 2699)
4(1577 1574 2963 2966)
4(1577 2966 2980 1591)
4(1574 1591 2980 2963)
4(856 855 2244 2245)
4(856 2245 2246 857)
4(1236 1629 3018 2625)
4(877 2266 3018 1629)
4(606 1426 2815 1995)
4(1367 2756 2815 1426)
4(1367 606 1995 2756)
4(1220 2609 3020 1631)
4(771 1631 3020 2160)
4(811 2200 3230 1841)
4(808 1841 3230 2197)
4(1235 882 2271 2624)
4(882 1237 2626 2271)
4(1235 2624 2626 1237)
4(852 811 2200 2241)
4(852 2241 2242 853)
4(999 2388 2389 1000)
4(998 1000 2389 2387)
4(598 1214 2603 1987)
4(598 1987 2739 1350)
4(949 2338 2686 1297)
4(949 1296 2685 2338)
4(1296 1297 2686 2685)
4(883 882 2271 2272)
4(1333 1493 2882 2722)
4(694 2083 2882 1493)
4(1247 1035 2424 2636)
4(1035 1268 2657 2424)
4(1043 2432 2492 1103)
4(1043 1041 2430 2432)
4(746 748 2137 2135)
4(748 749 2138 2137)
4(1355 1385 2774 2744)
4(775 2164 2774 1385)
4(552 1941 3115 1726)
4(552 1458 2847 1941)
4(1458 1726 3115 2847)
4(783 1248 2637 2172)
4(783 2172 3017 1628)
4(1248 1628 3017 2637)
4(698 1888 3277 2087)
4(742 1857 3246 2131)
4(719 2108 3246 1857)
4(553 1274 2663 1942)
4(1213 2602 2663 1274)
4(1167 1168 2557 2556)
4(532 1921 2557 1168)
4(906 1890 3279 2295)
4(905 2294 3279 1890)
4(1212 552 1941 2601)
4(616 2005 3128 1739)
4(992 1739 3128 2381)
4(1399 1882 3271 2788)
4(747 1399 2788 2136)
4(747 2136 3271 1882)
4(620 2009 2681 1292)
4(620 618 2007 2009)
4(1214 2603 2735 1346)
4(598 1346 2735 1987)
4(1297 1834 3223 2686)
4(1138 2527 3064 1675)
4(924 1675 3064 2313)
4(19 1211 2600 277)
4(1211 1894 3283 2600)
4(1148 2537 3039 1650)
4(1357 1650 3039 2746)
4(1411 716 2105 2800)
4(1411 2800 2835 1446)
4(716 1446 2835 2105)
4(1269 1842 3231 2658)
4(16 543 1932 274)
4(16 274 1943 554)
4(55 535 1924 313)
4(535 1171 2560 1924)
4(55 313 2560 1171)
4(713 645 2034 2102)
4(713 2102 2103 714)
4(1248 2637 2838 1449)
4(1570 2959 2961 1572)
4(795 1475 2864 2184)
4(684 1287 2676 2073)
4(684 2073 2713 1324)
4(1235 1236 2625 2624)
4(886 2275 2625 1236)
4(985 1424 2813 2374)
4(987 985 2374 2376)
4(987 2376 2813 1424)
4(543 17 275 1932)
4(543 1932 2362 973)
4(17 973 2362 275)
4(1017 1306 2695 2406)
4(1017 2406 3005 1616)
4(906 907 2296 2295)
4(907 908 2297 2296)
4(90 505 3218 1829)
4(89 1829 3218 506)
4(1289 901 2290 2678)
4(1289 2678 2679 1290)
4(901 1290 2679 2290)
4(1347 1806 3195 2736)
4(1674 3063 3195 1806)
4(1674 1347 2736 3063)
4(880 2269 2271 882)
4(880 879 2268 2269)
4(780 2169 3022 1633)
4(852 1633 3022 2241)
4(918 1727 3116 2307)
4(1119 2508 3116 1727)
4(600 1989 1992 603)
4(596 603 1992 1985)
4(990 842 2231 2379)
4(990 2379 2649 1260)
4(858 857 2246 2247)
4(858 2247 2248 859)
4(590 1303 2692 1979)
4(1303 1650 3039 2692)
4(590 1979 3039 1650)
4(221 1344 2733 374)
4(222 373 2733 1344)
4(1016 2405 3139 1750)
4(1249 1750 3139 2638)
4(1113 2502 2503 1114)
4(1203 1465 2854 2592)
4(1203 2592 3144 1755)
4(1465 1755 3144 2854)
4(1795 1800 3189 3184)
4(1794 3183 3189 1800)
4(1794 1795 3184 3183)
4(1607 1527 2916 2996)
4(1527 1759 3148 2916)
4(1607 2996 3148 1759)
4(710 1115 2504 2099)
4(1227 595 1984 2616)
4(1373 1138 2527 2762)
4(569 1958 2613 1224)
4(1119 1392 2781 2508)
4(1120 2509 2781 1392)
4(1662 1639 3028 3051)
4(1639 1880 3269 3028)
4(1268 1037 2426 2657)
4(1037 1483 2872 2426)
4(897 1451 2840 2286)
4(1135 1206 2595 2524)
4(868 2257 2258 869)
4(868 867 2256 2257)
4(1291 973 2362 2680)
4(973 1695 3084 2362)
4(1322 1321 2710 2711)
4(1322 2711 2877 1488)
4(1125 1748 3137 2514)
4(1640 1125 2514 3029)
4(1640 3029 3137 1748)
4(620 645 2034 2009)
4(622 2011 2034 645)
4(622 620 2009 2011)
4(1525 2914 3148 1759)
4(1052 1759 3148 2441)
4(870 869 2258 2259)
4(870 2259 2262 873)
4(1199 1202 2591 2588)
4(1202 1223 2612 2591)
4(1199 2588 2612 1223)
4(1210 529 1918 2599)
4(529 1259 2648 1918)
4(749 750 2139 2138)
4(750 751 2140 2139)
4(1635 1363 2752 3024)
4(1635 3024 3086 1697)
4(1363 1697 3086 2752)
4(786 2175 3226 1837)
4(1348 1837 3226 2737)
4(786 1348 2737 2175)
4(1180 2569 3261 1872)
4(572 1872 3261 1961)
4(1581 1590 2979 2970)
4(1066 2455 2979 1590)
4(1066 1581 2970 2455)
4(803 809 2198 2192)
4(1519 2908 2909 1520)
4(1519 1518 2907 2908)
4(1283 1284 2673 2672)
4(544 1933 2673 1284)
4(1415 1413 2802 2804)
4(1415 2804 2835 1446)
4(1413 1446 2835 2802)
4(908 909 2298 2297)
4(909 910 2299 2298)
4(630 2019 3037 1648)
4(630 1232 2621 2019)
4(889 2278 2279 890)
4(889 887 2276 2278)
4(859 863 2252 2248)
4(860 859 2248 2249)
4(860 2249 2252 863)
4(985 1668 3057 2374)
4(943 948 2337 2332)
4(903 1139 2528 2292)
4(902 2291 2528 1139)
4(1098 1058 2447 2487)
4(1098 2487 3262 1873)
4(1405 1486 2875 2794)
4(1099 2488 2860 1471)
4(1099 1209 2598 2488)
4(168 1264 2653 427)
4(5 11 2653 1264)
4(1084 1595 2984 2473)
4(1102 1084 2473 2491)
4(1102 2491 2984 1595)
4(1542 2931 2932 1543)
4(1541 1543 2932 2930)
4(1542 1541 2930 2931)
4(942 943 2332 2331)
4(941 942 2331 2330)
4(1146 1147 2536 2535)
4(1527 2916 3025 1636)
4(910 911 2300 2299)
4(911 912 2301 2300)
4(1204 1514 2903 2593)
4(1118 2507 2903 1514)
4(782 803 2192 2171)
4(887 886 2275 2276)
4(886 1645 3034 2275)
4(1605 2994 3299 1910)
4(1605 1097 2486 2994)
4(1097 1910 3299 2486)
4(561 1950 2570 1181)
4(565 1181 2570 1954)
4(717 741 2130 2106)
4(1206 1898 3287 2595)
4(1257 2646 3287 1898)
4(1091 1560 2949 2480)
4(1067 2456 2949 1560)
4(1528 1527 2916 2917)
4(1573 1576 2965 2962)
4(1093 2482 2965 1576)
4(1093 1573 2962 2482)
4(614 2003 3024 1635)
4(614 1363 2752 2003)
4(125 1589 2978 470)
4(126 469 2978 1589)
4(912 913 2302 2301)
4(913 915 2304 2302)
4(1277 796 2185 2666)
4(1277 2666 2667 1278)
4(1057 2446 3305 1916)
4(1436 2825 3238 1849)
4(1436 1435 2824 2825)
4(751 2140 2142 753)
4(751 752 2141 2140)
4(752 753 2142 2141)
4(1003 1372 2761 2392)
4(1000 1003 2392 2389)
4(1000 2389 2761 1372)
4(773 1709 3098 2162)
4(791 2180 3098 1709)
4(1161 2550 3073 1684)
4(1342 1684 3073 2731)
4(1816 3205 3249 1860)
4(1816 658 2047 3205)
4(980 1404 2793 2369)
4(1132 2521 2793 1404)
4(828 2217 2629 1240)
4(828 826 2215 2217)
4(885 2274 2275 886)
4(885 883 2272 2274)
4(1521 2910 2911 1522)
4(1521 1520 2909 2910)
4(540 52 310 1929)
4(52 1197 2586 310)
4(540 1929 2586 1197)
4(932 933 2322 2321)
4(930 932 2321 2319)
4(742 2131 2368 979)
4(745 979 2368 2134)
4(1494 1696 3085 2883)
4(1111 2500 3085 1696)
4(933 934 2323 2322)
4(934 935 2324 2323)
4(1216 2605 3053 1664)
4(1216 1382 2771 2605)
4(915 916 2305 2304)
4(916 921 2310 2305)
4(751 1477 2866 2140)
4(1470 2859 2866 1477)
4(64 322 1925 536)
4(56 535 1924 314)
4(15 534 1923 273)
4(14 272 1923 534)
4(62 533 1922 320)
4(51 309 1929 540)
4(18 276 1926 537)
4(935 1153 2542 2324)
4(1153 1343 2732 2542)
4(653 649 2038 2042)
4(653 2042 2043 654)
4(901 2290 2772 1383)
4(971 2360 2683 1294)
4(970 1294 2683 2359)
4(1116 1284 2673 2505)
4(1115 1116 2505 2504)
4(1411 1420 2809 2800)
4(716 2105 2809 1420)
4(1117 2506 3221 1832)
4(1117 1655 3044 2506)
4(790 2179 2609 1220)
4(1172 2561 2695 1306)
4(876 2265 2268 879)
4(876 874 2263 2265)
4(13 1290 2679 271)
4(12 270 2679 1290)
4(921 922 2311 2310)
4(922 924 2313 2311)
4(821 1659 3048 2210)
4(979 2368 3048 1659)
4(1529 2918 3269 1880)
4(1133 2522 2523 1134)
4(554 1943 3236 1847)
4(556 1847 3236 1945)
4(674 625 2014 2063)
4(851 2240 2661 1272)
4(1271 1272 2661 2660)
4(600 1515 2904 1989)
4(626 2015 2904 1515)
4(1084 1077 2466 2473)
4(1077 1595 2984 2466)
4(20 278 2600 1211)
4(20 1210 2599 278)
4(546 1228 2617 1935)
4(23 546 1935 281)
4(23 281 2617 1228)
4(713 2102 3203 1814)
4(713 1218 2607 2102)
4(1218 1814 3203 2607)
4(924 2313 2315 926)
4(924 925 2314 2313)
4(925 926 2315 2314)
4(645 1717 3106 2034)
4(717 2106 3106 1717)
4(753 754 2143 2142)
4(754 755 2144 2143)
4(1295 1296 2685 2684)
4(731 1516 2905 2120)
4(1089 88 507 2478)
4(1089 2478 3174 1785)
4(1498 895 2284 2887)
4(895 1507 2896 2284)
4(1098 1521 2910 2487)
4(1154 1316 2705 2543)
4(1149 1154 2543 2538)
4(645 2034 2681 1292)
4(1334 1219 2608 2723)
4(1334 2723 2873 1484)
4(1219 1484 2873 2608)
4(866 2255 2256 867)
4(866 864 2253 2255)
4(790 1319 2708 2179)
4(790 2179 3009 1620)
4(1319 1620 3009 2708)
4(1542 2931 2934 1545)
4(1359 2748 2994 1605)
4(989 1605 2994 2378)
4(1359 989 2378 2748)
4(555 1847 3236 1944)
4(558 1947 3236 1847)
4(1135 1898 3287 2524)
4(853 856 2245 2242)
4(853 2242 2594 1205)
4(856 1205 2594 2245)
4(678 2067 3264 1875)
4(678 677 2066 2067)
4(677 1875 3264 2066)
4(561 1866 3255 1950)
4(556 1945 3255 1866)
4(1120 1716 3105 2509)
4(1368 2757 3105 1716)
4(1025 2414 2581 1192)
4(1025 1165 2554 2414)
4(1165 1192 2581 2554)
4(1573 1572 2961 2962)
4(1573 2962 2963 1574)
4(1413 1414 2803 2802)
4(1133 1670 3059 2522)
4(1358 2747 3059 1670)
4(547 1936 3280 1891)
4(1273 1891 3280 2662)
4(703 1241 2630 2092)
4(736 2125 2630 1241)
4(736 703 2092 2125)
4(1472 2861 2906 1517)
4(1472 1471 2860 2861)
4(1471 1517 2906 2860)
4(1163 2552 2553 1164)
4(968 2357 3122 1733)
4(968 832 2221 2357)
4(832 1733 3122 2221)
4(1133 1705 3094 2522)
4(977 2366 3094 1705)
4(741 743 2132 2130)
4(1247 1495 2884 2636)
4(725 2114 2884 1495)
4(1414 2803 2804 1415)
4(46 1288 2677 304)
4(530 46 304 1919)
4(555 1944 3296 1907)
4(534 1907 3296 1923)
4(1180 1763 3152 2569)
4(1328 2717 3152 1763)
4(1328 1180 2569 2717)
4(1254 2643 2875 1486)
4(1254 1152 2541 2643)
4(940 941 2330 2329)
4(936 940 2329 2325)
4(1228 2617 2619 1230)
4(546 1230 2619 1935)
4(1339 1475 2864 2728)
4(786 1243 2632 2175)
4(1243 1823 3212 2632)
4(786 2175 3212 1823)
4(755 756 2145 2144)
4(756 757 2146 2145)
4(664 663 2052 2053)
4(664 2053 2059 670)
4(1049 1852 3241 2438)
4(1050 1049 2438 2439)
4(1050 2439 3241 1852)
4(924 2313 2647 1258)
4(1003 1005 2394 2392)
4(1005 1449 2838 2394)
4(790 1233 2622 2179)
4(1250 1618 3007 2639)
4(1468 2857 3007 1618)
4(773 2162 2719 1330)
4(773 776 2165 2162)
4(1537 1534 2923 2926)
4(1534 1538 2927 2923)
4(1537 2926 2927 1538)
4(1306 2695 3006 1617)
4(1017 1617 3006 2406)
4(1546 2935 2936 1547)
4(1546 1545 2934 2935)
4(1308 2697 2821 1432)
4(1308 585 1974 2697)
4(1535 2924 3265 1876)
4(1536 1876 3265 2925)
4(1535 1536 2925 2924)
4(661 2050 2052 663)
4(661 656 2045 2050)
4(1300 1308 2697 2689)
4(1300 2689 2821 1432)
4(729 1241 2630 2118)
4(703 729 2118 2092)
4(1300 1430 2819 2689)
4(1308 2697 2819 1430)
4(1395 1426 2815 2784)
4(1201 1202 2591 2590)
4(1199 1201 2590 2588)
4(1591 1078 2467 2980)
4(1591 2980 3002 1613)
4(1078 1613 3002 2467)
4(106 1597 2986 489)
4(107 488 2986 1597)
4(647 2036 2038 649)
4(647 642 2031 2036)
4(1012 1879 3268 2401)
4(1009 1012 2401 2398)
4(1009 2398 3268 1879)
4(586 1312 2701 1975)
4(1303 2692 2745 1356)
4(590 1356 2745 1979)
4(672 670 2059 2061)
4(672 2061 2066 677)
4(1288 2677 2856 1467)
4(1288 47 305 2677)
4(47 1467 2856 305)
4(1465 2854 3117 1728)
4(1049 1047 2436 2438)
4(1047 1852 3241 2436)
4(757 758 2147 2146)
4(758 759 2148 2147)
4(605 604 1993 1994)
4(605 1994 1998 609)
4(1243 2632 3226 1837)
4(816 1141 2530 2205)
4(974 2363 2530 1141)
4(794 1250 2639 2183)
4(929 930 2319 2318)
4(927 929 2318 2316)
4(1187 1467 2856 2576)
4(1187 2576 3099 1710)
4(1467 1710 3099 2856)
4(1092 2481 2984 1595)
4(1568 1595 2984 2957)
4(1092 1568 2957 2481)
4(1552 2941 2942 1553)
4(1552 1551 2940 2941)
4(1368 2757 2815 1426)
4(1368 1367 2756 2757)
4(1539 648 2037 2928)
4(648 1623 3012 2037)
4(1539 2928 3012 1623)
4(1550 2939 3219 1830)
4(1552 1830 3219 2941)
4(1550 1552 2941 2939)
4(1015 1254 2643 2404)
4(975 2364 3031 1642)
4(1196 1642 3031 2585)
4(21 529 1918 279)
4(21 279 2599 1210)
4(1208 2597 3101 1712)
4(960 1712 3101 2349)
4(529 1228 2617 1918)
4(529 1918 2618 1229)
4(1228 1229 2618 2617)
4(759 760 2149 2148)
4(760 761 2150 2149)
4(535 1461 2850 1924)
4(1171 2560 2850 1461)
4(1373 1635 3024 2762)
4(714 2103 2110 721)
4(882 2271 3195 1806)
4(1163 1806 3195 2552)
4(528 1917 2597 1208)
4(528 49 307 1917)
4(49 1208 2597 307)
4(1330 1709 3098 2719)
4(1550 1549 2938 2939)
4(1550 2939 2940 1551)
4(1571 2960 2964 1575)
4(1569 1575 2964 2958)
4(1146 2535 3039 1650)
4(1241 1885 3274 2630)
4(736 2125 3274 1885)
4(588 1179 2568 1977)
4(596 1985 2568 1179)
4(1373 614 2003 2762)
4(761 762 2151 2150)
4(762 763 2152 2151)
4(671 1585 2974 2060)
4(671 2060 2986 1597)
4(1585 1597 2986 2974)
4(1536 1541 2930 2925)
4(1091 2480 2930 1541)
4(1091 1536 2925 2480)
4(729 1173 2562 2118)
4(1173 1241 2630 2562)
4(1246 1157 2546 2635)
4(1157 1868 3257 2546)
4(1080 1646 3035 2469)
4(793 1633 3022 2182)
4(1205 793 2182 2594)
4(1205 2594 3022 1633)
4(1316 2705 2885 1496)
4(1154 1496 2885 2543)
4(1268 2657 2869 1480)
4(673 1480 2869 2062)
4(950 1478 2867 2339)
4(659 1495 2884 2048)
4(15 273 1943 554)
4(1126 1181 2570 2515)
4(1181 1859 3248 2570)
4(1126 2515 3248 1859)
4(1304 1444 2833 2693)
4(791 1304 2693 2180)
4(791 2180 2833 1444)
4(1208 1238 2627 2597)
4(528 1917 2627 1238)
4(1107 1584 2973 2496)
4(1584 1844 3233 2973)
4(1107 2496 3233 1844)
4(719 1659 3048 2108)
4(1058 1850 3239 2447)
4(1060 1058 2447 2449)
4(1060 2449 3239 1850)
4(583 1226 2615 1972)
4(668 2057 2615 1226)
4(1239 2628 2629 1240)
4(1239 828 2217 2628)
4(965 1124 2513 2354)
4(1124 1508 2897 2513)
4(763 764 2153 2152)
4(764 765 2154 2153)
4(679 678 2067 2068)
4(679 2068 3264 1875)
4(1313 2702 3122 1733)
4(1313 968 2357 2702)
4(66 324 2601 1212)
4(66 552 1941 324)
4(1035 2424 2426 1037)
4(1035 1036 2425 2424)
4(1036 1037 2426 2425)
4(1140 2529 3072 1683)
4(1031 1247 2636 2420)
4(733 1031 2420 2122)
4(1399 1242 2631 2788)
4(1242 1882 3271 2631)
4(1204 2593 3293 1904)
4(899 1904 3293 2288)
4(683 2072 2898 1509)
4(1217 1509 2898 2606)
4(804 2193 2814 1425)
4(804 1323 2712 2193)
4(529 22 280 1918)
4(22 1228 2617 280)
4(1847 3236 3296 1907)
4(1258 2647 3064 1675)
4(613 1675 3064 2002)
4(572 1961 1962 573)
4(571 573 1962 1960)
4(15 1907 3296 273)
4(1255 1401 2790 2644)
4(1351 2740 2790 1401)
4(539 1806 3195 1928)
4(1347 539 1928 2736)
4(655 654 2043 2044)
4(654 656 2045 2043)
4(655 2044 2045 656)
4(610 609 1998 1999)
4(610 1999 2000 611)
4(1262 57 315 2651)
4(1262 2651 2652 1263)
4(765 766 2155 2154)
4(766 767 2156 2155)
4(1204 898 2287 2593)
4(1204 2593 2787 1398)
4(48 306 1917 528)
4(790 2179 2709 1320)
4(573 711 2100 1962)
4(573 1962 3261 1872)
4(711 1872 3261 2100)
4(548 1937 2723 1334)
4(554 1907 3296 1943)
4(1237 1374 2763 2626)
4(1237 2626 3018 1629)
4(1374 1629 3018 2763)
4(1296 977 2366 2685)
4(977 1301 2690 2366)
4(1296 2685 2690 1301)
4(612 611 2000 2001)
4(612 2001 2005 616)
4(1069 2458 3214 1825)
4(1069 1067 2456 2458)
4(1067 1825 3214 2456)
4(1146 1303 2692 2535)
4(1147 2536 2692 1303)
4(1706 3095 3113 1724)
4(1644 1724 3113 3033)
4(796 1269 2658 2185)
4(1541 1653 3042 2930)
4(1543 2932 3042 1653)
4(1564 2953 2955 1566)
4(559 1416 2805 1948)
4(1255 2644 2805 1416)
4(546 1251 2640 1935)
4(546 1935 2896 1507)
4(1215 1216 2605 2604)
4(767 768 2157 2156)
4(768 769 2158 2157)
4(1263 1318 2707 2652)
4(1034 1263 2652 2423)
4(1034 2423 2707 1318)
4(889 2278 2280 891)
4(744 748 2137 2133)
4(1561 1587 2976 2950)
4(541 1930 2976 1587)
4(1023 1798 3187 2412)
4(1798 1835 3224 3187)
4(1023 2412 3224 1835)
4(540 1832 3221 1929)
4(1612 540 1929 3001)
4(1319 2708 2709 1320)
4(1813 3202 3275 1886)
4(1436 1886 3275 2825)
4(18 276 3084 1695)
4(537 1695 3084 1926)
4(1158 1725 3114 2547)
4(1135 2524 3114 1725)
4(63 321 3304 1915)
4(63 1464 2853 321)
4(1464 1915 3304 2853)
4(1536 2925 2926 1537)
4(1536 1534 2923 2925)
4(878 2267 3020 1631)
4(1578 2967 3160 1771)
4(1578 1770 3159 2967)
4(1770 1771 3160 3159)
4(1031 1035 2424 2420)
4(1822 3211 3265 1876)
4(1822 1535 2924 3211)
4(1592 1107 2496 2981)
4(1592 2981 3096 1707)
4(1107 1707 3096 2496)
4(1077 1072 2461 2466)
4(1077 2466 3272 1883)
4(1571 1724 3113 2960)
4(1596 2985 3113 1724)
4(1596 1571 2960 2985)
4(1177 2566 2635 1246)
4(1177 1101 2490 2566)
4(1101 1246 2635 2490)
4(1121 1120 2509 2510)
4(1121 2510 2512 1123)
4(769 770 2159 2158)
4(770 771 2160 2159)
4(573 575 1964 1962)
4(575 711 2100 1964)
4(1110 2499 2656 1267)
4(1110 1264 2653 2499)
4(1264 1267 2656 2653)
4(1241 1127 2516 2630)
4(1127 1885 3274 2516)
4(1197 1116 2505 2586)
4(1197 2586 3221 1832)
4(1116 1832 3221 2505)
4(1781 1780 3169 3170)
4(1781 3170 3217 1828)
4(1780 1828 3217 3169)
4(1840 63 321 3229)
4(1840 3229 3304 1915)
4(680 2069 2794 1405)
4(680 712 2101 2069)
4(712 1405 2794 2101)
4(954 1415 2804 2343)
4(1415 1886 3275 2804)
4(954 2343 3275 1886)
4(13 1289 2678 271)
4(1237 1335 2724 2626)
4(1335 1374 2763 2724)
4(1221 1443 2832 2610)
4(1221 2610 3135 1746)
4(531 1334 2723 1920)
4(531 1920 2873 1484)
4(1440 713 2102 2829)
4(1440 2829 3203 1814)
4(1033 1035 2424 2422)
4(1031 1033 2422 2420)
4(753 1477 2866 2142)
4(1114 1331 2720 2503)
4(1113 2502 2720 1331)
4(1796 1795 3184 3185)
4(1796 3185 3186 1797)
4(1795 1797 3186 3184)
4(1285 1748 3137 2674)
4(1290 2679 2847 1458)
4(901 1458 2847 2290)
4(1594 1572 2961 2983)
4(1572 1715 3104 2961)
4(1594 2983 3104 1715)
4(1473 1624 3013 2862)
4(1586 1473 2862 2975)
4(1586 2975 3013 1624)
4(1000 1371 2760 2389)
4(999 2388 2760 1371)
4(1263 550 1939 2652)
4(550 1318 2707 1939)
4(1783 1786 3175 3172)
4(1786 1860 3249 3175)
4(1576 1574 2963 2965)
4(1576 2965 2966 1577)
4(1359 2748 3299 1910)
4(944 1297 2686 2333)
4(944 2333 2741 1352)
4(1297 1352 2741 2686)
4(778 1633 3022 2167)
4(814 813 2202 2203)
4(814 2203 2204 815)
4(1136 2525 3073 1684)
4(662 1663 3052 2051)
4(1260 2649 3052 1663)
4(538 1344 2733 1927)
4(221 538 1927 374)
4(1256 1485 2874 2645)
4(801 1256 2645 2190)
4(801 2190 2874 1485)
4(1070 1825 3214 2459)
4(1105 2494 3214 1825)
4(862 2251 3053 1664)
4(885 2274 2276 887)
4(817 1445 2834 2206)
4(1445 1656 3045 2834)
4(1234 1681 3070 2623)
4(615 2004 3070 1681)
4(1096 2485 3256 1867)
4(1174 1867 3256 2563)
4(840 2229 3122 1733)
4(1584 2973 2981 1592)
4(771 772 2161 2160)
4(772 773 2162 2161)
4(1202 1702 3091 2591)
4(1223 2612 3091 1702)
4(818 815 2204 2207)
4(818 2207 2208 819)
4(1059 1058 2447 2448)
4(1059 2448 2449 1060)
4(859 1690 3079 2248)
4(863 2252 3079 1690)
4(1144 2533 2612 1223)
4(1144 1199 2588 2533)
4(1245 696 2085 2634)
4(696 1611 3000 2085)
4(1016 1328 2717 2405)
4(1016 2405 3061 1672)
4(1328 1672 3061 2717)
4(56 1262 2651 314)
4(777 778 2167 2166)
4(776 777 2166 2165)
4(621 1506 2895 2010)
4(619 621 2010 2008)
4(619 2008 2895 1506)
4(1595 1883 3272 2984)
4(774 776 2165 2163)
4(773 774 2163 2162)
4(904 907 2296 2293)
4(1037 1143 2532 2426)
4(1143 1144 2533 2532)
4(1037 2426 2533 1144)
4(856 2245 2247 858)
4(1054 1050 2439 2443)
4(1054 2443 2444 1055)
4(630 2019 3128 1739)
4(1569 1565 2954 2958)
4(1569 2958 3003 1614)
4(1565 1614 3003 2954)
4(962 1124 2513 2351)
4(788 1349 2738 2177)
4(1331 2720 2738 1349)
4(841 1310 2699 2230)
4(841 2230 2895 1506)
4(24 546 1935 282)
4(1214 2603 3201 1812)
4(1346 1812 3201 2735)
4(1301 2690 3260 1871)
4(1301 589 1978 2690)
4(589 1871 3260 1978)
4(880 2269 2272 883)
4(1229 1259 2648 2618)
4(1040 2429 2430 1041)
4(1040 839 2228 2429)
4(1786 1790 3179 3175)
4(1786 3175 3180 1791)
4(1790 1791 3180 3179)
4(1370 2759 3094 1705)
4(892 1705 3094 2281)
4(1370 892 2281 2759)
4(601 1990 2778 1389)
4(601 1388 2777 1990)
4(1166 1025 2414 2555)
4(1116 2505 3127 1738)
4(1564 1563 2952 2953)
4(1563 1608 2997 2952)
4(648 2037 3011 1622)
4(1539 1622 3011 2928)
4(795 2184 2880 1491)
4(1187 1288 2677 2576)
4(25 283 2640 1251)
4(25 531 1920 283)
4(531 1251 2640 1920)
4(876 2265 2269 880)
4(986 2375 2376 987)
4(986 985 2374 2375)
4(1277 1490 2879 2666)
4(1170 2559 2879 1490)
4(854 1841 3230 2243)
4(1315 854 2243 2704)
4(1315 2704 3230 1841)
4(1372 2761 3234 1845)
4(1076 1552 2941 2465)
4(851 2240 2662 1273)
4(1272 1273 2662 2661)
4(1233 893 2282 2622)
4(852 2241 2594 1205)
4(1252 1253 2642 2641)
4(537 1926 2642 1253)
4(537 1252 2641 1926)
4(1625 1742 3131 3014)
4(1053 1625 3014 2442)
4(1053 2442 3131 1742)
4(24 1251 2640 282)
4(1233 1620 3009 2622)
4(893 2282 3009 1620)
4(1427 1895 3284 2816)
4(965 2354 3284 1895)
4(12 270 3120 1731)
4(1290 1731 3120 2679)
4(791 1631 3020 2180)
4(1409 1416 2805 2798)
4(559 1409 2798 1948)
4(1617 3006 3276 1887)
4(711 1887 3276 2100)
4(1617 711 2100 3006)
4(1317 2706 2707 1318)
4(1145 1318 2707 2534)
4(1628 1810 3199 3017)
4(1027 2416 3199 1810)
4(1185 1187 2576 2574)
4(1225 603 1992 2614)
4(603 1249 2638 1992)
4(1415 2804 3202 1813)
4(1446 1813 3202 2835)
4(868 2257 2259 870)
4(1134 1670 3059 2523)
4(792 1485 2874 2181)
4(1519 1521 2910 2908)
4(1519 2908 3262 1873)
4(1521 1873 3262 2910)
4(1163 2552 3063 1674)
4(1164 1674 3063 2553)
4(837 1599 2988 2226)
4(839 837 2226 2228)
4(839 2228 2988 1599)
4(1500 1501 2890 2889)
4(1501 1502 2891 2890)
4(1500 2889 2891 1502)
4(866 2255 2257 868)
4(873 874 2263 2262)
4(870 2259 2263 874)
4(617 616 2005 2006)
4(617 2006 2007 618)
4(1321 1323 2712 2710)
4(785 2174 2712 1323)
4(1256 2645 2851 1462)
4(801 1462 2851 2190)
4(67 552 1941 325)
4(60 550 1939 318)
4(59 317 1939 550)
4(1000 1001 2390 2389)
4(1001 1003 2392 2390)
4(946 2335 3279 1890)
4(946 1479 2868 2335)
4(1479 1890 3279 2868)
4(980 2369 3069 1680)
4(1178 1680 3069 2567)
4(1229 2618 2619 1230)
4(858 2247 2249 860)
4(778 2167 2169 780)
4(778 779 2168 2167)
4(779 780 2169 2168)
4(1202 2591 2592 1203)
4(971 2360 2748 1359)
4(1294 1359 2748 2683)
4(1385 2774 2775 1386)
4(1355 1386 2775 2744)
4(580 581 1970 1969)
4(578 580 1969 1967)
4(1242 2631 3212 1823)
4(1399 1823 3212 2788)
4(647 2036 2042 653)
4(1237 2626 3195 1806)
4(1512 2901 3078 1689)
4(1512 1153 2542 2901)
4(1153 1689 3078 2542)
4(1279 2668 2751 1362)
4(1304 1469 2858 2693)
4(1444 2833 2858 1469)
4(756 2145 3118 1729)
4(1257 1729 3118 2646)
4(748 750 2139 2137)
4(1295 977 2366 2684)
4(1184 1185 2574 2573)
4(942 948 2337 2331)
4(796 2185 3231 1842)
4(995 2384 2851 1462)
4(863 864 2253 2252)
4(860 2249 2253 864)
4(1022 1802 3191 2411)
4(70 1022 2411 525)
4(686 826 2215 2075)
4(707 2096 2215 826)
4(707 686 2075 2096)
4(1223 2612 2872 1483)
4(1223 1482 2871 2612)
4(1482 1483 2872 2871)
4(639 638 2027 2028)
4(639 2028 2029 640)
4(1181 2570 2842 1453)
4(1126 1453 2842 2515)
4(637 2026 2027 638)
4(637 635 2024 2026)
4(748 2137 2820 1431)
4(744 1431 2820 2133)
4(1778 1838 3227 3167)
4(1773 3162 3227 1838)
4(1773 1778 3167 3162)
4(14 272 2678 1289)
4(690 1280 2669 2079)
4(688 690 2079 2077)
4(688 2077 2669 1280)
4(940 942 2331 2329)
4(560 973 2362 1949)
4(560 1949 2680 1291)
4(1606 2995 3025 1636)
4(907 909 2298 2296)
4(1196 1433 2822 2585)
4(1396 1196 2585 2785)
4(1396 2785 2822 1433)
4(1649 1698 3087 3038)
4(702 2091 3087 1698)
4(702 1649 3038 2091)
4(1782 1781 3170 3171)
4(1782 3171 3205 1816)
4(1781 1816 3205 3170)
4(827 826 2215 2216)
4(827 2216 2217 828)
4(561 1950 2842 1453)
4(1023 72 523 2412)
4(1023 2412 3191 1802)
4(937 2326 3078 1689)
4(937 1512 2901 2326)
4(581 582 1971 1970)
4(582 583 1972 1971)
4(1344 1153 2542 2733)
4(1344 2733 2901 1512)
4(603 1881 3270 1992)
4(600 1989 3270 1881)
4(947 1366 2755 2336)
4(947 2336 3271 1882)
4(1366 1882 3271 2755)
4(1398 1836 3225 2787)
4(1204 2593 3225 1836)
4(60 318 2706 1317)
4(548 1270 2659 1937)
4(1270 1271 2660 2659)
4(836 819 2208 2225)
4(836 2225 2226 837)
4(1575 1724 3113 2964)
4(1668 3057 3058 1669)
4(750 752 2141 2139)
4(613 2002 3150 1761)
4(1279 1761 3150 2668)
4(1062 2451 3028 1639)
4(1538 1639 3028 2927)
4(863 1808 3197 2252)
4(909 911 2300 2298)
4(1456 983 2372 2845)
4(983 1892 3281 2372)
4(1389 2778 3031 1642)
4(1389 975 2364 2778)
4(1144 2533 2872 1483)
4(1129 1676 3065 2518)
4(640 1598 2987 2029)
4(642 640 2029 2031)
4(45 303 1919 530)
4(28 1270 2659 286)
4(548 28 286 1937)
4(29 1270 2659 287)
4(36 532 1921 294)
4(35 293 1921 532)
4(27 285 1937 548)
4(26 531 1920 284)
4(37 295 1938 549)
4(38 549 1938 296)
4(42 300 1934 545)
4(43 545 1934 301)
4(42 300 2663 1274)
4(545 1274 2663 1934)
4(41 299 2663 1274)
4(41 553 1942 299)
4(40 298 1942 553)
4(32 551 1940 290)
4(31 289 1940 551)
4(32 290 2664 1275)
4(33 1275 2664 291)
4(33 291 1936 547)
4(34 547 1936 292)
4(551 1940 2664 1275)
4(547 1275 2664 1936)
4(1081 2470 2983 1594)
4(1081 1588 2977 2470)
4(1588 1594 2983 2977)
4(911 913 2302 2300)
4(1027 1879 3268 2416)
4(551 1740 3129 1940)
4(1336 551 1940 2725)
4(1336 2725 3129 1740)
4(1160 845 2234 2549)
4(845 1167 2556 2234)
4(932 934 2323 2321)
4(62 320 3229 1840)
4(722 1280 2669 2111)
4(690 722 2111 2079)
4(722 2111 2129 740)
4(737 740 2129 2126)
4(722 737 2126 2111)
4(659 2048 2869 1480)
4(595 1226 2615 1984)
4(583 595 1984 1972)
4(550 1939 3119 1730)
4(1555 2944 3102 1713)
4(1555 1579 2968 2944)
4(1329 1418 2807 2718)
4(1418 1476 2865 2807)
4(1329 2718 2865 1476)
4(654 2043 3040 1651)
4(1451 1651 3040 2840)
4(675 736 2125 2064)
4(736 1428 2817 2125)
4(675 2064 2817 1428)
4(979 1857 3246 2368)
4(935 2324 2325 936)
4(934 936 2325 2323)
4(913 916 2305 2302)
4(93 1776 3165 502)
4(94 501 3165 1776)
4(686 1325 2714 2075)
4(1159 978 2367 2548)
4(1159 2548 2602 1213)
4(978 1213 2602 2367)
4(1213 2602 3303 1914)
4(1274 1914 3303 2663)
4(835 978 2367 2224)
4(835 2224 2548 1159)
4(929 932 2321 2318)
4(707 2096 2216 827)
4(850 2239 2283 894)
4(850 727 2116 2239)
4(727 894 2283 2116)
4(752 754 2143 2141)
4(64 1464 2853 322)
4(622 2011 2102 713)
4(701 728 2117 2090)
4(701 2090 2121 732)
4(728 732 2121 2117)
4(599 1988 1994 605)
4(978 845 2234 2367)
4(978 2367 2549 1160)
4(1763 3152 3261 1872)
4(551 1856 3245 1940)
4(1740 3129 3245 1856)
4(1178 2567 3053 1664)
4(619 618 2007 2008)
4(619 2008 2009 620)
4(75 520 3194 1805)
4(74 1805 3194 521)
4(835 845 2234 2224)
4(1473 160 435 2862)
4(592 702 2091 1981)
4(576 1965 2091 702)
4(1246 1878 3267 2635)
4(1177 2566 3267 1878)
4(1541 1537 2926 2930)
4(1537 1653 3042 2926)
4(17 1889 3278 275)
4(973 2362 3278 1889)
4(916 922 2311 2305)
4(734 2123 2223 834)
4(734 693 2082 2123)
4(693 834 2223 2082)
4(1425 1510 2899 2814)
4(804 2193 2899 1510)
4(740 1280 2669 2129)
4(737 1149 2538 2126)
4(740 2129 2538 1149)
4(894 1219 2608 2283)
4(835 834 2223 2224)
4(834 845 2234 2223)
4(1172 1617 3006 2561)
4(1282 2671 2682 1293)
4(1282 833 2222 2671)
4(833 1293 2682 2222)
4(1033 1036 2425 2422)
4(728 850 2239 2117)
4(728 2117 2240 851)
4(728 727 2116 2117)
4(1186 1189 2578 2575)
4(1188 1186 2575 2577)
4(1188 2577 2578 1189)
4(1327 2716 3226 1837)
4(1162 1837 3226 2551)
4(816 1020 2409 2205)
4(1020 1141 2530 2409)
4(1217 2606 2607 1218)
4(1128 1218 2607 2517)
4(701 727 2116 2090)
4(737 1154 2543 2126)
4(922 925 2314 2311)
4(1517 1265 2654 2906)
4(1265 1700 3089 2654)
4(1517 2906 3089 1700)
4(1036 1143 2532 2425)
4(691 689 2078 2080)
4(691 2080 2089 700)
4(689 700 2089 2078)
4(844 2233 2357 968)
4(844 832 2221 2233)
4(701 700 2089 2090)
4(700 727 2116 2089)
4(700 1282 2671 2089)
4(700 2089 2682 1293)
4(734 2123 2224 835)
4(712 679 2068 2101)
4(712 2101 3075 1686)
4(679 1686 3075 2068)
4(722 734 2123 2111)
4(734 737 2126 2123)
4(1045 2434 3089 1700)
4(1699 1700 3089 3088)
4(1045 1699 3088 2434)
4(784 2173 3234 1845)
4(1513 1845 3234 2902)
4(784 1513 2902 2173)
4(926 2315 2316 927)
4(925 927 2316 2314)
4(693 722 2111 2082)
4(690 693 2082 2079)
4(1113 1454 2843 2502)
4(1231 1666 3055 2620)
4(937 1303 2692 2326)
4(937 2326 2745 1356)
4(690 2079 2080 691)
4(690 689 2078 2079)
4(1156 2545 2704 1315)
4(653 2042 2044 655)
4(1548 2937 3301 1912)
4(1548 1547 2936 2937)
4(1547 1912 3301 2936)
4(1070 1069 2458 2459)
4(691 2080 2090 701)
4(1200 1840 3229 2589)
4(1200 2589 3304 1915)
4(691 693 2082 2080)
4(1083 1077 2466 2472)
4(1083 2472 2473 1084)
4(1482 1702 3091 2871)
4(667 1482 2871 2056)
4(667 2056 3091 1702)
4(731 2120 3076 1687)
4(1142 1687 3076 2531)
4(835 2224 2670 1281)
4(1159 1281 2670 2548)
4(727 1293 2682 2116)
4(894 2283 2682 1293)
4(688 689 2078 2077)
4(1333 957 2346 2722)
4(957 1493 2882 2346)
4(873 1812 3201 2262)
4(845 1302 2691 2234)
4(1167 2556 2691 1302)
4(45 303 2705 1316)
4(739 2128 3137 1748)
4(739 726 2115 2128)
4(726 1748 3137 2115)
4(1216 2605 3254 1865)
4(734 2123 2670 1281)
4(688 687 2076 2077)
4(687 689 2078 2076)
4(737 2126 2670 1281)
4(732 1286 2675 2121)
4(701 2090 2675 1286)
4(833 827 2216 2222)
4(833 2222 2284 895)
4(827 895 2284 2216)
4(687 2076 2096 707)
4(687 686 2075 2076)
4(1081 2470 3259 1870)
4(1594 1870 3259 2983)
4(1005 1007 2396 2394)
4(1005 2394 2637 1248)
4(1007 1248 2637 2396)
4(1154 2543 2670 1281)
4(114 1608 2997 481)
4(115 480 2997 1608)
4(1371 2760 3286 1897)
4(789 1897 3286 2178)
4(1382 2771 3254 1865)
4(1301 2690 3094 1705)
4(1090 2479 2580 1191)
4(1177 1191 2580 2566)
4(1090 1177 2566 2479)
4(1473 2862 3016 1627)
4(1586 1627 3016 2975)
4(1602 2991 3247 1858)
4(1602 1124 2513 2991)
4(1124 1858 3247 2513)
4(1328 2717 3139 1750)
4(1783 1790 3179 3172)
4(51 1407 2796 309)
4(688 2077 2676 1287)
4(1280 1287 2676 2669)
4(685 687 2076 2074)
4(685 2074 2077 688)
4(994 1231 2620 2383)
4(1193 2582 3185 1796)
4(1793 1796 3185 3182)
4(1193 1793 3182 2582)
4(1286 2675 2691 1302)
4(732 1302 2691 2121)
4(961 1841 3230 2350)
4(682 829 2218 2071)
4(709 2098 2218 829)
4(709 682 2071 2098)
4(27 285 2723 1334)
4(26 1334 2723 284)
4(1564 2953 3003 1614)
4(1566 1614 3003 2955)
4(1335 1806 3195 2724)
4(539 1335 2724 1928)
4(1011 1012 2401 2400)
4(1009 1011 2400 2398)
4(830 829 2218 2219)
4(829 840 2229 2218)
4(830 2219 2229 840)
4(685 2074 2075 686)
4(685 666 2055 2074)
4(666 686 2075 2055)
4(707 2096 2222 833)
4(683 1598 2987 2072)
4(628 2017 2714 1325)
4(628 674 2063 2017)
4(689 1282 2671 2078)
4(899 1298 2687 2288)
4(1298 1904 3293 2687)
4(691 2080 2675 1286)
4(675 703 2092 2064)
4(687 1282 2671 2076)
4(29 287 2725 1336)
4(30 1336 2725 288)
4(38 296 2726 1337)
4(39 1337 2726 297)
4(969 968 2357 2358)
4(969 2358 2571 1182)
4(968 1182 2571 2357)
4(1018 2407 2408 1019)
4(540 1407 2796 1929)
4(693 1286 2675 2082)
4(834 2223 2675 1286)
4(1019 1851 3240 2408)
4(1018 2407 3240 1851)
4(1235 1629 3018 2624)
4(740 2129 2694 1305)
4(1549 1548 2937 2938)
4(1549 2938 3301 1912)
4(682 2071 2794 1405)
4(682 680 2069 2071)
4(707 1282 2671 2096)
4(1444 878 2267 2833)
4(1444 2833 3020 1631)
4(756 758 2147 2145)
4(627 665 2054 2016)
4(627 2016 2095 706)
4(665 706 2095 2054)
4(569 1181 2570 1958)
4(834 2223 2691 1302)
4(1529 1530 2919 2918)
4(1528 2917 2919 1530)
4(793 1418 2807 2182)
4(1648 3037 3106 1717)
4(1038 1717 3106 2427)
4(1063 1060 2449 2452)
4(1063 2452 2453 1064)
4(680 679 2068 2069)
4(823 1173 2562 2212)
4(729 823 2212 2118)
4(1582 1590 2979 2971)
4(1581 1582 2971 2970)
4(801 748 2137 2190)
4(801 2190 2820 1431)
4(1253 991 2380 2642)
4(991 1846 3235 2380)
4(1140 1727 3116 2529)
4(1413 1411 2800 2802)
4(1562 1561 2950 2951)
4(1562 2951 2952 1563)
4(829 1405 2794 2218)
4(829 2218 3010 1621)
4(833 2222 2703 1314)
4(895 1314 2703 2284)
4(666 628 2017 2055)
4(666 2055 2714 1325)
4(1144 1198 2587 2533)
4(1198 1199 2588 2587)
4(1185 2574 2575 1186)
4(1184 1186 2575 2573)
4(758 760 2149 2147)
4(1003 1004 2393 2392)
4(1004 1005 2394 2393)
4(743 1232 2621 2132)
4(743 2132 2820 1431)
4(1232 1431 2820 2621)
4(1191 1298 2687 2580)
4(1293 2682 2703 1314)
4(1176 2565 3168 1779)
4(1176 1174 2563 2565)
4(1174 1779 3168 2563)
4(587 1976 2697 1308)
4(587 585 1974 1976)
4(1104 2493 3239 1850)
4(1401 2790 3100 1711)
4(1255 1711 3100 2644)
4(760 762 2151 2149)
4(1095 1094 2483 2484)
4(1095 2484 2485 1096)
4(1472 2861 2907 1518)
4(685 2074 2676 1287)
4(1106 1592 2981 2495)
4(1106 2495 3096 1707)
4(713 1718 3107 2102)
4(1218 2607 3107 1718)
4(566 1955 2088 699)
4(564 699 2088 1953)
4(36 1423 2812 294)
4(37 295 2812 1423)
4(762 764 2153 2151)
4(1585 2974 3104 1715)
4(671 1715 3104 2060)
4(605 1994 1999 610)
4(1167 1390 2779 2556)
4(1168 2557 2779 1390)
4(1225 1881 3270 2614)
4(1779 1780 3169 3168)
4(1779 3168 3170 1781)
4(684 685 2074 2073)
4(1114 1332 2721 2503)
4(1085 1084 2473 2474)
4(1085 2474 2475 1086)
4(856 1418 2807 2245)
4(1205 2594 2807 1418)
4(1734 3123 3216 1827)
4(650 1827 3216 2039)
4(1734 650 2039 3123)
4(1186 1324 2713 2575)
4(1187 1186 2575 2576)
4(1187 2576 2577 1188)
4(764 766 2155 2153)
4(1090 1190 2579 2479)
4(1090 2479 3054 1665)
4(1190 1665 3054 2579)
4(1774 3163 3178 1789)
4(1774 1088 2477 3163)
4(1088 1789 3178 2477)
4(610 1999 2001 612)
4(1242 1243 2632 2631)
4(946 2335 2632 1243)
4(982 2371 3100 1711)
4(1447 1711 3100 2836)
4(592 1492 2881 1981)
4(702 2091 2881 1492)
4(44 302 2705 1316)
4(1366 2755 2867 1478)
4(1081 1593 2982 2470)
4(1588 2977 2982 1593)
4(723 1245 2634 2112)
4(991 723 2112 2380)
4(991 2380 2634 1245)
4(807 2196 2698 1309)
4(532 1921 3036 1647)
4(1590 1543 2932 2979)
4(1590 2979 3042 1653)
4(125 956 2345 470)
4(844 2233 2358 969)
4(1441 2830 3017 1628)
4(1441 783 2172 2830)
4(628 625 2014 2017)
4(766 768 2157 2155)
4(809 1020 2409 2198)
4(684 666 2055 2073)
4(1199 1200 2589 2588)
4(1200 1201 2590 2589)
4(1596 1075 2464 2985)
4(1075 1679 3068 2464)
4(1596 2985 3068 1679)
4(48 1467 2856 306)
4(894 2283 2703 1314)
4(1150 1239 2628 2539)
4(724 2113 2236 847)
4(825 847 2236 2214)
4(724 825 2214 2113)
4(1071 1070 2459 2460)
4(1071 2460 2461 1072)
4(704 2093 2854 1465)
4(704 705 2094 2093)
4(705 1465 2854 2094)
4(550 1939 2706 1317)
4(1529 1533 2922 2918)
4(1530 2919 2922 1533)
4(1116 1117 2506 2505)
4(768 770 2159 2157)
4(1136 1685 3074 2525)
4(1207 2596 3074 1685)
4(1292 1717 3106 2681)
4(1767 3156 3158 1769)
4(1767 1768 3157 3156)
4(1768 1769 3158 3157)
4(1189 1305 2694 2578)
4(583 584 1973 1972)
4(1030 1031 2420 2419)
4(733 1030 2419 2122)
4(894 1484 2873 2283)
4(743 1038 2427 2132)
4(1671 3060 3114 1725)
4(1671 799 2188 3060)
4(799 1725 3114 2188)
4(975 1315 2704 2364)
4(961 2350 2704 1315)
4(1132 1690 3079 2521)
4(665 666 2055 2054)
4(665 2054 2073 684)
4(681 2070 2099 710)
4(708 710 2099 2097)
4(681 708 2097 2070)
4(1284 2673 3127 1738)
4(891 2280 3026 1637)
4(962 2351 3247 1858)
4(998 1001 2390 2387)
4(851 2240 2841 1452)
4(1273 1452 2841 2662)
4(566 1244 2633 1955)
4(568 1957 2633 1244)
4(723 696 2085 2112)
4(904 1470 2859 2293)
4(907 2296 2859 1470)
4(1270 2659 2725 1336)
4(959 1150 2539 2348)
4(958 959 2348 2347)
4(958 2347 2539 1150)
4(681 2070 3046 1657)
4(1236 2625 3034 1645)
4(1361 1645 3034 2750)
4(1254 712 2101 2643)
4(1244 1846 3235 2633)
4(1245 2634 3235 1846)
4(1238 2627 3101 1712)
4(1158 2547 2711 1322)
4(972 2361 3279 1890)
4(914 1139 2528 2303)
4(665 628 2017 2054)
4(1502 1503 2892 2891)
4(4 10 2892 1503)
4(593 1982 2032 643)
4(593 624 2013 1982)
4(624 643 2032 2013)
4(587 669 2058 1976)
4(594 587 1976 1983)
4(545 1496 2885 1934)
4(1496 1819 3208 2885)
4(545 1934 3208 1819)
4(1622 1754 3143 3011)
4(648 2037 3143 1754)
4(728 2117 2841 1452)
4(43 1496 2885 301)
4(919 2308 2510 1121)
4(848 958 2347 2237)
4(847 848 2237 2236)
4(847 2236 2347 958)
4(1365 2754 2867 1478)
4(1365 1366 2755 2754)
4(888 887 2276 2277)
4(888 2277 2278 889)
4(533 1840 3229 1922)
4(1198 2587 3229 1840)
4(1139 1309 2698 2528)
4(846 1599 2988 2235)
4(780 781 2170 2169)
4(781 782 2171 2170)
4(807 1602 2991 2196)
4(987 1605 2994 2376)
4(986 2375 2994 1605)
4(641 640 2029 2030)
4(641 2030 2031 642)
4(1439 1702 3091 2828)
4(1202 1439 2828 2591)
4(593 1312 2701 1982)
4(586 593 1982 1975)
4(612 2001 2006 617)
4(18 276 3278 1889)
4(1695 1889 3278 3084)
4(1355 1808 3197 2744)
4(863 1355 2744 2252)
4(1184 1324 2713 2573)
4(824 2213 2380 991)
4(824 723 2112 2213)
4(637 2026 2028 639)
4(1461 2850 3285 1896)
4(669 2058 2697 1308)
4(770 772 2161 2159)
4(817 1751 3140 2206)
4(1445 2834 3140 1751)
4(841 951 2340 2230)
4(951 1310 2699 2340)
4(736 1260 2649 2125)
4(1260 1428 2817 2649)
4(1322 1725 3114 2711)
4(1625 1623 3012 3014)
4(1623 1742 3131 3012)
4(1271 1740 3129 2660)
4(1272 2661 3129 1740)
4(1778 1174 2563 3167)
4(627 628 2017 2016)
4(1771 1772 3161 3160)
4(1578 2967 3161 1772)
4(843 2232 2233 844)
4(843 832 2221 2232)
4(627 2016 2764 1375)
4(969 2358 3101 1712)
4(959 1239 2628 2348)
4(1099 2488 2861 1472)
4(613 1353 2742 2002)
4(1302 1390 2779 2691)
4(838 837 2226 2227)
4(838 2227 2228 839)
4(900 730 2119 2289)
4(730 1130 2519 2119)
4(900 2289 2519 1130)
4(1177 1692 3081 2566)
4(1101 2490 3081 1692)
4(1443 2832 2852 1463)
4(1221 1463 2852 2610)
4(106 671 2060 489)
4(531 1498 2887 1920)
4(1159 2548 3303 1914)
4(709 2098 2219 830)
4(1310 1311 2700 2699)
4(1311 1333 2722 2700)
4(1252 991 2380 2641)
4(1568 1565 2954 2957)
4(798 979 2368 2187)
4(1141 1445 2834 2530)
4(974 2363 2834 1445)
4(1659 3048 3246 1857)
4(1378 2767 3223 1834)
4(1241 2630 2818 1429)
4(1767 3156 3159 1770)
4(1769 1770 3159 3158)
4(1312 643 2032 2701)
4(643 1313 2702 2032)
4(777 779 2168 2166)
4(774 777 2166 2163)
4(772 774 2163 2161)
4(35 293 3036 1647)
4(34 1647 3036 292)
4(884 883 2272 2273)
4(884 2273 2274 885)
4(714 1718 3107 2103)
4(710 735 2124 2099)
4(735 1115 2504 2124)
4(1332 1808 3197 2721)
4(1513 1372 2761 2902)
4(627 625 2014 2016)
4(806 2195 2203 814)
4(1150 1826 3215 2539)
4(958 2347 3215 1826)
4(1439 1438 2827 2828)
4(1438 1702 3091 2827)
4(631 2020 2230 841)
4(662 841 2230 2051)
4(631 662 2051 2020)
4(1649 1224 2613 3038)
4(1604 2993 2994 1605)
4(1604 1097 2486 2993)
4(945 1491 2880 2334)
4(621 620 2009 2010)
4(621 2010 2011 622)
4(3 9 3119 1730)
4(59 1730 3119 317)
4(0 6 3120 1731)
4(67 325 3120 1731)
4(1627 1661 3050 3016)
4(1473 2862 3050 1661)
4(1548 1550 2939 2937)
4(1548 2937 3219 1830)
4(1298 2687 3267 1878)
4(1191 1878 3267 2580)
4(1078 2467 2982 1593)
4(1591 1593 2982 2980)
4(1409 1410 2799 2798)
4(1410 1416 2805 2799)
4(866 2255 2693 1304)
4(868 1304 2693 2257)
4(1108 2497 3266 1877)
4(1156 1299 2688 2545)
4(841 842 2231 2230)
4(842 951 2340 2231)
4(724 2113 2689 1300)
4(847 1300 2689 2236)
4(1343 1344 2733 2732)
4(1202 2591 3144 1755)
4(1280 1760 3149 2669)
4(1032 1033 2422 2421)
4(1031 1032 2421 2420)
4(1248 1810 3199 2637)
4(697 2086 2689 1300)
4(697 724 2113 2086)
4(624 625 2014 2013)
4(624 2013 2016 627)
4(1 7 3133 1744)
4(31 1744 3133 289)
4(2 1745 3134 8)
4(39 297 3134 1745)
4(40 1745 3134 298)
4(30 288 3133 1744)
4(1179 2568 2569 1180)
4(656 660 2049 2045)
4(655 2044 2049 660)
4(1270 1740 3129 2659)
4(1467 528 1917 2856)
4(528 1710 3099 1917)
4(950 2339 3062 1673)
4(1341 1673 3062 2730)
4(1283 739 2128 2672)
4(935 2324 3242 1853)
4(875 874 2263 2264)
4(875 2264 2265 876)
4(1593 2982 3023 1634)
4(1081 1634 3023 2470)
4(676 2065 2806 1417)
4(644 1417 2806 2033)
4(676 644 2033 2065)
4(732 1390 2779 2121)
4(825 848 2237 2214)
4(843 2232 2349 960)
4(844 960 2349 2233)
4(639 2028 2030 641)
4(955 1246 2635 2344)
4(948 1112 2501 2337)
4(1112 1195 2584 2501)
4(823 1383 2772 2212)
4(1130 1465 2854 2519)
4(1275 2664 3280 1891)
4(661 2050 2053 664)
4(44 302 2885 1496)
4(831 2220 2221 832)
4(831 830 2219 2220)
4(830 832 2221 2219)
4(1226 1820 3209 2615)
4(1439 2828 3144 1755)
4(1025 1765 3154 2414)
4(1165 2554 3154 1765)
4(1267 1824 3213 2656)
4(1110 2499 3213 1824)
4(624 594 1983 2013)
4(582 584 1973 1971)
4(708 735 2124 2097)
4(865 864 2253 2254)
4(865 2254 2255 866)
4(978 2367 3138 1749)
4(1116 735 2124 2505)
4(735 1117 2506 2124)
4(1442 1441 2830 2831)
4(603 1992 2568 1179)
4(1433 1751 3140 2822)
4(817 1433 2822 2206)
4(831 2220 2232 843)
4(738 2127 2128 739)
4(738 726 2115 2127)
4(699 1244 2633 2088)
4(1021 1737 3126 2410)
4(1221 1021 2410 2610)
4(1221 2610 3126 1737)
4(858 1418 2807 2247)
4(1472 1519 2908 2861)
4(1519 1764 3153 2908)
4(1472 2861 3153 1764)
4(631 1506 2895 2020)
4(621 631 2020 2010)
4(1005 1006 2395 2394)
4(1006 1007 2396 2395)
4(242 1347 2736 353)
4(243 352 2736 1347)
4(1515 2904 3270 1881)
4(730 2119 2854 1465)
4(730 704 2093 2119)
4(1019 1021 2410 2408)
4(1021 1851 3240 2410)
4(241 354 2724 1335)
4(240 1335 2724 355)
4(1791 1795 3184 3180)
4(1793 3182 3184 1795)
4(1793 1791 3180 3182)
4(1007 1009 2398 2396)
4(1009 1810 3199 2398)
4(1007 2396 3199 1810)
4(1001 1004 2393 2390)
4(242 353 1928 539)
4(241 539 1928 354)
4(96 499 1931 542)
4(95 542 1931 500)
4(1290 552 1941 2679)
4(552 1731 3120 1941)
4(1137 2526 3070 1681)
4(1207 1681 3070 2596)
4(1570 2959 2962 1573)
4(1307 1826 3215 2696)
4(1365 950 2339 2754)
4(1365 2754 3062 1673)
4(250 1349 2738 345)
4(251 344 2738 1349)
4(249 346 2727 1338)
4(248 1338 2727 347)
4(1091 2480 2931 1542)
4(178 559 1948 417)
4(179 416 1948 559)
4(1604 987 2376 2993)
4(1604 2993 3289 1900)
4(987 1900 3289 2376)
4(1348 1327 2716 2737)
4(116 541 1930 479)
4(117 478 1930 541)
4(220 538 1927 375)
4(1029 1719 3108 2418)
4(1029 2418 3112 1723)
4(1719 1723 3112 3108)
4(245 350 2734 1345)
4(244 1345 2734 351)
4(944 1834 3223 2333)
4(1527 1525 2914 2916)
4(955 2344 3267 1878)
4(955 1298 2687 2344)
4(246 1350 2739 349)
4(247 348 2739 1350)
4(250 345 1986 597)
4(249 597 1986 346)
4(564 1953 2680 1291)
4(266 601 1990 329)
4(267 328 1990 601)
4(709 2098 2220 831)
4(220 375 2731 1342)
4(219 1342 2731 376)
4(847 1430 2819 2236)
4(1123 1508 2897 2512)
4(1121 2510 2897 1508)
4(252 1354 2743 343)
4(253 342 2743 1354)
4(230 589 1978 365)
4(231 364 1978 589)
4(593 594 1983 1982)
4(262 602 1991 333)
4(263 332 1991 602)
4(1087 90 505 2476)
4(1017 1672 3061 2406)
4(1617 3006 3061 1672)
4(1100 1576 2965 2489)
4(1100 2489 3263 1874)
4(1576 1874 3263 2965)
4(1055 2444 2448 1059)
4(235 591 1980 360)
4(236 359 1980 591)
4(230 365 2741 1352)
4(229 1352 2741 366)
4(732 1452 2841 2121)
4(1390 2779 2841 1452)
4(195 562 1951 400)
4(196 399 1951 562)
4(1153 1853 3242 2542)
4(1689 3078 3242 1853)
4(235 360 2747 1358)
4(234 1358 2747 361)
4(821 2210 3294 1905)
4(821 1667 3056 2210)
4(1667 1905 3294 3056)
4(1043 2432 2598 1209)
4(617 2006 2008 619)
4(936 939 2328 2325)
4(939 940 2329 2328)
4(1526 2915 2916 1527)
4(1526 1525 2914 2915)
4(234 361 2759 1370)
4(233 1370 2759 362)
4(646 2035 2036 647)
4(646 642 2031 2035)
4(225 590 1979 370)
4(226 369 1979 590)
4(206 1380 2769 389)
4(207 388 2769 1380)
4(225 370 2745 1356)
4(224 1356 2745 371)
4(236 1360 2749 359)
4(237 358 2749 1360)
4(237 1384 2773 358)
4(238 357 2773 1384)
4(251 788 2177 344)
4(252 343 2177 788)
4(240 355 2763 1374)
4(239 1374 2763 356)
4(245 598 1987 350)
4(246 349 1987 598)
4(227 1378 2767 368)
4(228 367 2767 1378)
4(206 389 1952 563)
4(205 563 1952 390)
4(1049 2438 2443 1054)
4(215 380 2751 1362)
4(214 1362 2751 381)
4(243 881 2270 352)
4(244 351 2270 881)
4(212 383 2742 1353)
4(211 1353 2742 384)
4(254 1385 2774 341)
4(255 340 2774 1385)
4(233 362 2281 892)
4(232 892 2281 363)
4(211 384 2762 1373)
4(210 1373 2762 385)
4(1333 1743 3132 2722)
4(957 2346 3132 1743)
4(218 377 2766 1377)
4(217 1377 2766 378)
4(1296 2685 3260 1871)
4(226 1357 2746 369)
4(227 368 2746 1357)
4(1764 1050 2439 3153)
4(721 2110 2375 986)
4(239 356 2266 877)
4(238 877 2266 357)
4(205 390 2729 1340)
4(204 1340 2729 391)
4(253 775 2164 342)
4(254 341 2164 775)
4(248 347 2260 871)
4(247 871 2260 348)
4(576 1698 3087 1965)
4(212 613 2002 383)
4(213 382 2002 613)
4(257 338 2768 1379)
4(256 1379 2768 339)
4(1546 1560 2949 2935)
4(1542 1546 2935 2931)
4(1542 2931 2949 1560)
4(257 557 1946 338)
4(258 337 1946 557)
4(209 386 2752 1363)
4(208 1363 2752 387)
4(215 615 2004 380)
4(216 379 2004 615)
4(229 366 2333 944)
4(228 944 2333 367)
4(624 1375 2764 2013)
4(643 2032 2764 1375)
4(1355 2744 3079 1690)
4(224 371 2326 937)
4(223 937 2326 372)
4(1533 1639 3028 2922)
4(1534 1533 2922 2923)
4(1534 2923 3028 1639)
4(953 907 2296 2342)
4(953 2342 2859 1470)
4(1193 2582 3206 1817)
4(1599 1877 3266 2988)
4(708 682 2071 2097)
4(708 2097 2098 709)
4(219 376 2320 931)
4(218 931 2320 377)
4(1719 3108 3109 1720)
4(825 849 2238 2214)
4(1567 1568 2957 2956)
4(1092 1567 2956 2481)
4(255 861 2250 340)
4(256 339 2250 861)
4(210 385 2003 614)
4(209 614 2003 386)
4(262 333 2771 1382)
4(261 1382 2771 334)
4(593 587 1976 1982)
4(1553 1869 3258 2942)
4(258 1387 2776 337)
4(259 336 2776 1387)
4(1546 2935 2937 1548)
4(895 2284 3130 1741)
4(827 1741 3130 2216)
4(204 391 2753 1364)
4(203 1364 2753 392)
4(586 587 1976 1975)
4(1012 1013 2402 2401)
4(1013 1014 2403 2402)
4(914 1326 2715 2303)
4(1139 2528 2715 1326)
4(681 682 2071 2070)
4(630 1641 3030 2019)
4(1232 2621 3030 1641)
4(814 2203 2207 818)
4(259 1402 2791 336)
4(260 335 2791 1402)
4(958 1430 2819 2347)
4(818 2207 2225 836)
4(1036 1145 2534 2425)
4(1303 2692 3078 1689)
4(207 917 2306 388)
4(208 387 2306 917)
4(178 417 2798 1409)
4(177 1409 2798 418)
4(706 1708 3097 2095)
4(1184 2573 3097 1708)
4(1546 1105 2494 2935)
4(1105 1560 2949 2494)
4(195 400 2758 1369)
4(194 1369 2758 401)
4(660 2049 2050 661)
4(951 1311 2700 2340)
4(261 334 2261 872)
4(260 872 2261 335)
4(927 928 2317 2316)
4(928 929 2318 2317)
4(698 1298 2687 2087)
4(1298 1888 3277 2687)
4(585 586 1975 1974)
4(584 585 1974 1973)
4(1304 2693 3098 1709)
4(199 1399 2788 396)
4(200 395 2788 1399)
4(648 1901 3290 2037)
4(1623 3012 3290 1901)
4(179 1351 2740 416)
4(180 415 2740 1351)
4(599 1988 2881 1492)
4(605 1492 2881 1994)
4(263 1419 2808 332)
4(264 331 2808 1419)
4(724 824 2213 2113)
4(824 825 2214 2213)
4(202 393 2786 1397)
4(201 1397 2786 394)
4(266 329 2777 1388)
4(265 1388 2777 330)
4(1105 2494 2937 1548)
4(1198 1200 2589 2587)
4(196 1327 2716 399)
4(197 398 2716 1327)
4(184 411 1997 608)
4(183 608 1997 412)
4(1796 1799 3188 3185)
4(1193 2582 3188 1799)
4(1732 3121 3130 1741)
4(1732 1230 2619 3121)
4(1230 1741 3130 2619)
4(1033 2422 2423 1034)
4(676 705 2094 2065)
4(704 676 2065 2093)
4(1538 2927 3216 1827)
4(188 407 1995 606)
4(187 606 1995 408)
4(1030 1032 2421 2419)
4(1230 2619 2896 1507)
4(994 2383 3055 1666)
4(1557 1556 2945 2946)
4(1557 2946 2950 1561)
4(1556 1561 2950 2945)
4(1630 1737 3126 3019)
4(1021 1630 3019 2410)
4(1075 2464 3113 1724)
4(995 1739 3128 2384)
4(824 2213 2641 1252)
4(1322 1671 3060 2711)
4(197 1348 2737 398)
4(198 397 2737 1348)
4(180 1401 2790 415)
4(181 414 2790 1401)
4(203 392 2176 787)
4(202 787 2176 393)
4(1196 2585 3140 1751)
4(974 1751 3140 2363)
4(1576 1839 3228 2965)
4(1093 2482 3228 1839)
4(664 2053 2061 672)
4(183 412 2792 1403)
4(182 1403 2792 413)
4(733 738 2127 2122)
4(738 1030 2419 2127)
4(188 1367 2756 407)
4(189 406 2756 1367)
4(184 1393 2782 411)
4(185 410 2782 1393)
4(198 786 2175 397)
4(199 396 2175 786)
4(187 408 2789 1400)
4(186 1400 2789 409)
4(194 401 2309 920)
4(193 920 2309 402)
4(573 574 1963 1962)
4(574 575 1964 1963)
4(192 403 1996 607)
4(191 607 1996 404)
4(1164 1643 3032 2553)
4(1643 1674 3063 3032)
4(712 1486 2875 2101)
4(193 402 2765 1376)
4(192 1376 2765 403)
4(1798 1799 3188 3187)
4(1796 1798 3187 3185)
4(1780 1775 3164 3169)
4(1775 1789 3178 3164)
4(681 680 2069 2070)
4(267 1396 2785 328)
4(268 327 2785 1396)
4(632 2021 2022 633)
4(623 633 2022 2012)
4(632 623 2012 2021)
4(189 1122 2511 406)
4(190 405 2511 1122)
4(191 404 2780 1391)
4(190 1391 2780 405)
4(98 497 3157 1768)
4(97 1768 3157 498)
4(1152 1820 3209 2541)
4(177 418 2373 984)
4(176 984 2373 419)
4(823 900 2289 2212)
4(823 2212 2290 901)
4(900 901 2290 2289)
4(181 964 2353 414)
4(182 413 2353 964)
4(1392 2781 3092 1703)
4(1119 1703 3092 2508)
4(575 577 1966 1964)
4(577 578 1967 1966)
4(575 1964 1967 578)
4(1175 2564 3256 1867)
4(1175 1096 2485 2564)
4(186 409 2355 966)
4(185 966 2355 410)
4(1315 2704 3151 1762)
4(975 1762 3151 2364)
4(1309 2698 3141 1752)
4(1139 1752 3141 2528)
4(1159 1819 3208 2548)
4(1281 2670 3208 1819)
4(264 976 2365 331)
4(265 330 2365 976)
4(1402 1664 3053 2791)
4(872 1402 2791 2261)
4(200 747 2136 395)
4(201 394 2136 747)
4(1764 1916 3305 3153)
4(794 1618 3007 2183)
4(1294 683 2072 2683)
4(1294 2683 2898 1509)
4(1154 1819 3208 2543)
4(1592 2981 3083 1694)
4(1106 1694 3083 2495)
4(1791 1800 3189 3180)
4(1243 1479 2868 2632)
4(1007 1008 2397 2396)
4(1008 1009 2398 2397)
4(1591 2980 3155 1766)
4(1613 1766 3155 3002)
4(175 420 2105 716)
4(174 716 2105 421)
4(1676 1697 3086 3065)
4(1381 1676 3065 2770)
4(1381 2770 3086 1697)
4(176 419 2809 1420)
4(175 1420 2809 420)
4(798 1658 3047 2187)
4(672 2061 2067 678)
4(741 1038 2427 2130)
4(1042 1041 2430 2431)
4(1042 2431 2432 1043)
4(1525 1524 2913 2914)
4(1524 1758 3147 2913)
4(578 579 1968 1967)
4(579 580 1969 1968)
4(1010 2399 3061 1672)
4(1010 1016 2405 2399)
4(807 2196 3141 1752)
4(953 1455 2844 2342)
4(953 2342 2876 1487)
4(738 2127 2672 1283)
4(885 2274 2277 888)
4(647 673 2062 2036)
4(646 2035 2062 673)
4(726 733 2122 2115)
4(725 726 2115 2114)
4(641 2030 2035 646)
4(579 577 1966 1968)
4(579 1968 2085 696)
4(577 696 2085 1966)
4(571 574 1963 1960)
4(919 1326 2715 2308)
4(268 1433 2822 327)
4(269 326 2822 1433)
4(634 2023 2024 635)
4(634 633 2022 2023)
4(1396 1642 3031 2785)
4(1573 2962 3021 1632)
4(1093 1632 3021 2482)
4(1305 2694 3149 1760)
4(1129 2518 3086 1697)
4(174 421 2811 1422)
4(173 1422 2811 422)
4(678 2067 2069 680)
4(636 2025 2026 637)
4(636 635 2024 2025)
4(1779 1775 3164 3168)
4(1300 1899 3288 2689)
4(697 2086 3288 1899)
4(779 781 2170 2168)
4(87 1815 3204 508)
4(1785 3174 3204 1815)
4(705 2094 2806 1417)
4(169 426 2209 820)
4(5 820 2209 11)
4(1471 1265 2654 2860)
4(1165 1096 2485 2554)
4(880 2269 2273 884)
4(823 730 2119 2212)
4(574 577 1966 1963)
4(695 725 2114 2084)
4(660 695 2084 2049)
4(660 2049 2114 725)
4(1672 3061 3152 1763)
4(840 1621 3010 2229)
4(568 1408 2797 1957)
4(571 1960 2797 1408)
4(1474 1836 3225 2863)
4(1772 3161 3163 1774)
4(1771 1774 3163 3160)
4(828 1732 3121 2217)
4(828 2217 3130 1741)
4(636 644 2033 2025)
4(644 675 2064 2033)
4(636 2025 2064 675)
4(1179 2568 2717 1328)
4(575 1964 3276 1887)
4(269 817 2206 326)
4(641 2030 2056 667)
4(646 667 2056 2035)
4(1123 2512 2815 1426)
4(114 481 2463 1074)
4(113 1074 2463 482)
4(1141 2530 2611 1222)
4(1020 1222 2611 2409)
4(735 1421 2810 2124)
4(1117 2506 2810 1421)
4(844 2233 3101 1712)
4(169 1434 2823 426)
4(170 425 2823 1434)
4(1121 1326 2715 2510)
4(1057 1519 2908 2446)
4(729 730 2119 2118)
4(1045 1264 2653 2434)
4(168 1045 2434 427)
4(870 2259 2264 875)
4(1127 2516 2818 1429)
4(1239 1732 3121 2628)
4(653 2042 2048 659)
4(655 659 2048 2044)
4(173 422 2837 1448)
4(172 1448 2837 423)
4(1018 1221 2610 2407)
4(942 1112 2501 2331)
4(1417 2806 2826 1437)
4(644 1437 2826 2033)
4(98 1082 2471 497)
4(99 496 2471 1082)
4(637 644 2033 2026)
4(889 893 2282 2278)
4(888 2277 2282 893)
4(1553 2942 2945 1556)
4(1555 1556 2945 2944)
4(1055 2444 2903 1514)
4(1059 1514 2903 2448)
4(842 952 2341 2231)
4(951 2340 2341 952)
4(1156 2545 3151 1762)
4(1484 1498 2887 2873)
4(1059 2448 2452 1063)
4(926 2315 3251 1862)
4(1123 2512 2816 1427)
4(1426 1427 2816 2815)
4(669 2058 2819 1430)
4(860 2249 2254 865)
4(170 1435 2824 425)
4(171 424 2824 1435)
4(93 1088 2477 502)
4(1088 1776 3165 2477)
4(1766 1767 3156 3155)
4(1577 2966 3156 1767)
4(1577 1766 3155 2966)
4(1094 1086 2475 2483)
4(1094 2483 3243 1854)
4(1086 1854 3243 2475)
4(724 723 2112 2113)
4(1147 1689 3078 2536)
4(1021 2410 2413 1024)
4(1019 1024 2413 2408)
4(172 423 2104 715)
4(171 715 2104 424)
4(709 2098 2810 1421)
4(831 1421 2810 2220)
4(634 2023 2025 636)
4(1434 820 2209 2823)
4(820 1849 3238 2209)
4(900 1458 2847 2289)
4(989 986 2375 2378)
4(750 2139 2190 801)
4(704 729 2118 2093)
4(703 704 2093 2092)
4(1511 2900 2902 1513)
4(884 2273 2708 1319)
4(885 1319 2708 2274)
4(1602 2991 3141 1752)
4(697 723 2112 2086)
4(1539 2928 3014 1625)
4(708 1421 2810 2097)
4(657 75 520 2046)
4(960 1612 3001 2349)
4(843 2232 3001 1612)
4(1425 1897 3286 2814)
4(1510 2899 3286 1897)
4(96 1769 3158 499)
4(97 498 3158 1769)
4(1318 1753 3142 2707)
4(1034 2423 3142 1753)
4(1176 2565 3170 1781)
4(861 1385 2774 2250)
4(861 2250 2775 1386)
4(740 2129 3149 1760)
4(1575 2964 3003 1614)
4(964 2353 3100 1711)
4(964 1401 2790 2353)
4(995 2384 3030 1641)
4(1462 1641 3030 2851)
4(1121 2510 2991 1602)
4(1508 1602 2991 2897)
4(697 696 2085 2086)
4(216 1600 2989 379)
4(217 378 2989 1600)
4(998 2387 2904 1515)
4(1040 2429 2431 1042)
4(934 939 2328 2323)
4(1421 2810 3044 1655)
4(831 1655 3044 2220)
4(787 1366 2755 2176)
4(1365 787 2176 2754)
4(929 1339 2728 2318)
4(932 2321 2728 1339)
4(1450 1894 3283 2839)
4(676 703 2092 2065)
4(675 676 2065 2064)
4(1145 1753 3142 2534)
4(1126 990 2379 2515)
4(990 1127 2516 2379)
4(1126 2515 2516 1127)
4(752 792 2181 2141)
4(1234 1137 2526 2623)
4(1375 1756 3145 2764)
4(643 2032 3145 1756)
4(803 810 2199 2192)
4(809 2198 2199 810)
4(938 928 2317 2327)
4(938 2327 2666 1277)
4(928 1277 2666 2317)
4(1431 1462 2851 2820)
4(875 2264 2267 878)
4(876 878 2267 2265)
4(968 2357 3145 1756)
4(1313 1756 3145 2702)
4(99 1613 3002 496)
4(100 495 3002 1613)
4(1359 1509 2898 2748)
4(989 2378 2898 1509)
4(1549 1559 2948 2938)
4(909 2298 2342 953)
4(92 1088 2477 503)
4(825 1450 2839 2214)
4(952 990 2379 2341)
4(952 2341 2515 1126)
4(695 726 2115 2084)
4(665 1708 3097 2054)
4(913 2302 2312 923)
4(911 923 2312 2300)
4(760 2149 2188 799)
4(758 799 2188 2147)
4(865 896 2285 2254)
4(896 1329 2718 2285)
4(865 2254 2718 1329)
4(1259 1861 3250 2648)
4(959 2348 3250 1861)
4(1523 2912 2921 1532)
4(1523 1526 2915 2912)
4(1526 1532 2921 2915)
4(661 695 2084 2050)
4(632 2021 2023 634)
4(922 2311 2559 1170)
4(916 1170 2559 2305)
4(764 785 2174 2153)
4(766 2155 2174 785)
4(1323 1497 2886 2712)
4(785 2174 2886 1497)
4(966 2355 2784 1395)
4(966 1394 2783 2355)
4(1394 1395 2784 2783)
4(579 1968 2086 697)
4(925 928 2317 2314)
4(875 2264 2833 1444)
4(105 671 2060 490)
4(866 896 2285 2255)
4(222 373 2901 1512)
4(1600 615 2004 2989)
4(1600 2989 3070 1681)
4(1072 2461 2472 1083)
4(1017 1010 2399 2406)
4(636 1428 2817 2025)
4(634 2023 2817 1428)
4(884 2273 2709 1320)
4(1417 2806 2827 1438)
4(1437 1438 2827 2826)
4(1182 1756 3145 2571)
4(1678 3067 3095 1706)
4(1678 1073 2462 3067)
4(1057 1764 3153 2446)
4(1064 2453 2458 1069)
4(678 2067 2070 681)
4(782 2171 2172 783)
4(836 2225 2227 838)
4(605 1994 2346 957)
4(610 957 2346 1999)
4(1261 2650 3257 1868)
4(1261 1765 3154 2650)
4(804 1497 2886 2193)
4(892 1301 2690 2281)
4(1001 2390 2904 1515)
4(1141 2530 2888 1499)
4(1222 1499 2888 2611)
4(940 2329 2334 945)
4(939 945 2334 2328)
4(1798 3187 3190 1801)
4(1023 1801 3190 2412)
4(1479 1837 3226 2868)
4(1162 1479 2868 2551)
4(1523 2912 2914 1525)
4(1178 1402 2791 2567)
4(1387 2776 2791 1402)
4(1387 1178 2567 2776)
4(1164 1346 2735 2553)
4(1346 1643 3032 2735)
4(772 789 2178 2161)
4(774 2163 2178 789)
4(951 1457 2846 2340)
4(1311 2700 2846 1457)
4(1412 1411 2800 2801)
4(102 1081 2470 493)
4(103 492 2470 1081)
4(85 658 2047 510)
4(86 509 2047 658)
4(623 1440 2829 2012)
4(633 2022 2829 1440)
4(984 1411 2800 2373)
4(1410 2799 2800 1411)
4(1410 984 2373 2799)
4(896 2285 2693 1304)
4(972 1479 2868 2361)
4(1584 1908 3297 2973)
4(1844 3233 3297 1908)
4(1001 1225 2614 2390)
4(76 519 2046 657)
4(102 493 3023 1634)
4(101 1634 3023 494)
4(119 476 2943 1554)
4(118 1554 2943 477)
4(768 804 2193 2157)
4(770 2159 2193 804)
4(1232 1462 2851 2621)
4(621 2010 2012 623)
4(622 623 2012 2011)
4(1526 2915 2917 1528)
4(1553 2942 2946 1557)
4(1022 1504 2893 2411)
4(1504 1802 3191 2893)
4(952 1457 2846 2341)
4(124 471 3027 1638)
4(123 1638 3027 472)
4(1294 1598 2987 2683)
4(957 1492 2881 2346)
4(109 486 2464 1075)
4(108 1075 2464 487)
4(223 372 2901 1512)
4(1314 1484 2873 2703)
4(100 1078 2467 495)
4(101 494 2467 1078)
4(124 956 2345 471)
4(1314 2703 2887 1498)
4(111 1678 3067 484)
4(112 483 3067 1678)
4(109 1644 3033 486)
4(110 485 3033 1644)
4(612 2001 2083 694)
4(617 694 2083 2006)
4(144 451 2450 1061)
4(143 1061 2450 452)
4(119 1580 2969 476)
4(120 475 2969 1580)
4(122 473 3035 1646)
4(121 1646 3035 474)
4(1535 1534 2923 2924)
4(1775 1774 3163 3164)
4(1641 1739 3128 3030)
4(144 1540 2929 451)
4(145 450 2929 1540)
4(1024 1911 3300 2413)
4(1021 2410 3300 1911)
4(888 1319 2708 2277)
4(929 2318 2327 938)
4(830 1733 3122 2219)
4(1078 2467 3023 1634)
4(123 472 2469 1080)
4(122 1080 2469 473)
4(569 1859 3248 1958)
4(120 1079 2468 475)
4(121 474 2468 1079)
4(135 1066 2455 460)
4(136 459 2455 1066)
4(1371 1425 2814 2760)
4(1551 1579 2968 2940)
4(111 484 2462 1073)
4(110 1073 2462 485)
4(664 2053 2514 1125)
4(672 1125 2514 2061)
4(824 1450 2839 2213)
4(1062 2451 3051 1662)
4(127 1106 2495 468)
4(128 467 2495 1106)
4(1011 1013 2402 2400)
4(1522 1625 3014 2911)
4(1524 2913 3014 1625)
4(1557 2946 2951 1562)
4(981 2370 3238 1849)
4(981 1436 2825 2370)
4(1417 2806 2828 1439)
4(135 460 2970 1581)
4(134 1581 2970 461)
4(601 1990 3031 1642)
4(134 461 2933 1544)
4(133 1544 2933 462)
4(597 1349 2738 1986)
4(597 1986 2727 1338)
4(597 1986 2843 1454)
4(1025 1024 2413 2414)
4(1025 2414 2531 1142)
4(1024 1142 2531 2413)
4(838 1668 3057 2227)
4(1459 838 2227 2848)
4(1459 2848 3057 1668)
4(881 2270 2736 1347)
4(116 479 2998 1609)
4(115 1609 2998 480)
4(1009 1010 2399 2398)
4(1010 1011 2400 2399)
4(1395 1427 2816 2784)
4(983 2372 2805 1416)
4(988 2377 2607 1218)
4(988 1217 2606 2377)
4(622 2011 2829 1440)
4(1770 3159 3193 1804)
4(1578 1804 3193 2967)
4(143 452 3051 1662)
4(142 1662 3051 453)
4(1229 2618 3121 1732)
4(1507 2896 3130 1741)
4(1404 2793 3069 1680)
4(1505 2894 3188 1799)
4(1224 2613 3302 1913)
4(1649 1913 3302 3038)
4(598 1987 2734 1345)
4(89 1089 2478 506)
4(1089 1829 3218 2478)
4(1301 1704 3093 2690)
4(589 1978 3093 1704)
4(881 1345 2734 2270)
4(631 632 2021 2020)
4(632 662 2051 2021)
4(589 1978 2741 1352)
4(896 1330 2719 2285)
4(591 1980 2747 1358)
4(591 1360 2749 1980)
4(892 1704 3093 2281)
4(563 1380 2769 1952)
4(1033 2422 3142 1753)
4(590 1357 2746 1979)
4(1407 1612 3001 2796)
4(562 1951 2758 1369)
4(877 1374 2763 2266)
4(574 1963 2797 1408)
4(931 1342 2731 2320)
4(1010 1008 2397 2399)
4(563 1952 2729 1340)
4(145 1531 2920 450)
4(146 449 2920 1531)
4(938 2327 2667 1278)
4(1514 2903 3225 1836)
4(944 2333 2767 1378)
4(1585 1596 2985 2974)
4(1596 1597 2986 2985)
4(113 482 3066 1677)
4(112 1677 3066 483)
4(602 1991 2771 1382)
4(557 1946 2768 1379)
4(889 1637 3026 2278)
4(637 2026 2826 1437)
4(639 1437 2826 2028)
4(647 1480 2869 2036)
4(931 2320 2766 1377)
4(1799 3188 3190 1801)
4(91 504 2476 1087)
4(868 1469 2858 2257)
4(1025 1911 3300 2414)
4(684 1708 3097 2073)
4(1533 2922 3269 1880)
4(861 1379 2768 2250)
4(782 1441 2830 2171)
4(803 2192 2830 1441)
4(557 1387 2776 1946)
4(1381 1028 2417 2770)
4(917 2306 2769 1380)
4(631 623 2012 2020)
4(1422 2811 3202 1813)
4(1422 1448 2837 2811)
4(1112 1603 2992 2501)
4(158 437 2037 648)
4(157 648 2037 438)
4(1336 2725 3133 1744)
4(1337 2726 3134 1745)
4(85 510 3177 1788)
4(84 1788 3177 511)
4(917 1363 2752 2306)
4(988 2377 3107 1718)
4(1340 2729 2753 1364)
4(76 1803 3192 519)
4(77 518 3192 1803)
4(738 1461 2850 2127)
4(1030 2419 2850 1461)
4(1015 1152 2541 2404)
4(1083 2472 2474 1085)
4(1069 2458 2460 1071)
4(806 1658 3047 2195)
4(569 1958 3302 1913)
4(1392 1716 3105 2781)
4(966 2355 2789 1400)
4(1504 1799 3188 2893)
4(1504 2893 3190 1801)
4(1570 1632 3021 2959)
4(1252 1450 2839 2641)
4(1784 3173 3180 1791)
4(1784 1786 3175 3173)
4(838 1039 2428 2227)
4(1179 2568 3139 1750)
4(1819 3208 3303 1914)
4(1048 2437 2438 1049)
4(1048 1047 2436 2437)
4(1201 2590 3304 1915)
4(601 1396 2785 1990)
4(128 1707 3096 467)
4(129 466 3096 1707)
4(1297 2686 3260 1871)
4(1784 3173 3182 1793)
4(669 1826 3215 2058)
4(1039 839 2228 2428)
4(1039 2428 2429 1040)
4(1530 2919 2923 1534)
4(1086 2475 2484 1095)
4(1108 1696 3085 2497)
4(1390 2779 3080 1691)
4(1452 1691 3080 2841)
4(161 434 2862 1473)
4(1886 1909 3298 3275)
4(1503 1504 2893 2892)
4(920 1369 2758 2309)
4(814 1658 3047 2203)
4(231 1704 3093 364)
4(232 363 3093 1704)
4(876 1460 2849 2265)
4(880 1460 2849 2269)
4(787 1364 2753 2176)
4(154 441 3110 1721)
4(153 1721 3110 442)
4(1447 964 2353 2836)
4(787 1397 2786 2176)
4(1366 2755 2786 1397)
4(653 1480 2869 2042)
4(1432 2821 3288 1899)
4(580 1899 3288 1969)
4(1455 2844 2866 1477)
4(953 1477 2866 2342)
4(1229 1861 3250 2618)
4(1047 1043 2432 2436)
4(1047 2436 2598 1209)
4(988 986 2375 2377)
4(988 2377 2378 989)
4(154 1053 2442 441)
4(155 440 2442 1053)
4(95 500 3166 1777)
4(94 1777 3166 501)
4(608 1393 2782 1997)
4(608 1997 2792 1403)
4(142 453 2451 1062)
4(141 1062 2451 454)
4(779 784 2173 2168)
4(858 1476 2865 2247)
4(137 1068 2457 458)
4(138 457 2457 1068)
4(786 1399 2788 2175)
4(1377 2766 2989 1600)
4(1283 1461 2850 2672)
4(984 1409 2798 2373)
4(938 1339 2728 2327)
4(920 2309 2765 1376)
4(553 1745 3134 1942)
4(551 1744 3133 1940)
4(984 1420 2809 2373)
4(870 1469 2858 2259)
4(153 442 2440 1051)
4(152 1051 2440 443)
4(607 1376 2765 1996)
4(1122 2511 2756 1367)
4(607 1996 2780 1391)
4(952 2341 3248 1859)
4(1625 3014 3015 1626)
4(1053 1626 3015 2442)
4(141 454 3123 1734)
4(140 1734 3123 455)
4(138 1735 3124 457)
4(139 456 3124 1735)
4(1252 2641 3283 1894)
4(1122 1391 2780 2511)
4(940 1468 2857 2329)
4(942 2331 2857 1468)
4(747 1397 2786 2136)
4(1687 1875 3264 3076)
4(731 2120 3264 1875)
4(1345 1346 2735 2734)
4(1410 2799 2801 1412)
4(966 2355 2782 1393)
4(1011 2400 2406 1017)
4(1778 3167 3168 1779)
4(1778 1775 3164 3167)
4(577 1611 3000 1966)
4(542 1769 3158 1931)
4(591 1361 2750 1980)
4(1054 2443 2903 1514)
4(1394 2783 3109 1720)
4(1394 1719 3108 2783)
4(741 2130 3106 1717)
4(964 1403 2792 2353)
4(971 1910 3299 2360)
4(1276 2665 3299 1910)
4(1545 2934 3297 1908)
4(1583 1908 3297 2972)
4(981 1909 3298 2370)
4(1886 981 2370 3275)
4(1482 673 2062 2871)
4(105 490 3103 1714)
4(104 1714 3103 491)
4(1324 1708 3097 2713)
4(860 1476 2865 2249)
4(1059 1118 2507 2448)
4(1565 1564 2953 2954)
4(928 1490 2879 2317)
4(1457 1859 3248 2846)
4(569 1457 2846 1958)
4(900 1726 3115 2289)
4(1046 2435 2436 1047)
4(1046 1043 2432 2435)
4(84 511 3176 1787)
4(83 1787 3176 512)
4(1036 1753 3142 2425)
4(1225 2614 2904 1515)
4(159 1754 3143 436)
4(1624 3013 3143 1754)
4(557 1946 2793 1404)
4(1379 1404 2793 2768)
4(77 1792 3181 518)
4(78 517 3181 1792)
4(814 2203 2210 821)
4(818 821 2210 2207)
4(1397 2786 3271 1882)
4(149 446 2996 1607)
4(148 1607 2996 447)
4(764 2153 2877 1488)
4(762 1488 2877 2151)
4(542 1777 3166 1931)
4(1771 542 1931 3160)
4(1771 3160 3166 1777)
4(83 512 3172 1783)
4(82 1783 3172 513)
4(612 1493 2882 2001)
4(610 1999 2882 1493)
4(1015 2404 2540 1151)
4(1013 1151 2540 2402)
4(1015 1013 2402 2404)
4(1492 1743 3132 2881)
4(702 2091 3132 1743)
4(1562 2951 2953 1564)
4(932 1481 2870 2321)
4(934 2323 2870 1481)
4(1100 1839 3228 2489)
4(1686 1906 3295 3075)
4(1131 2520 3295 1906)
4(1340 1341 2730 2729)
4(563 1952 2730 1341)
4(1380 1381 2770 2769)
4(917 2306 2770 1381)
4(766 1497 2886 2155)
4(768 2157 2886 1497)
4(152 443 3146 1757)
4(151 1757 3146 444)
4(695 1748 3137 2084)
4(1275 1856 3245 2664)
4(750 1485 2874 2139)
4(752 2141 2874 1485)
4(1499 2888 3045 1656)
4(1499 1502 2891 2888)
4(1272 1891 3280 2661)
4(836 2225 2848 1459)
4(1491 2880 3004 1615)
4(945 1615 3004 2334)
4(214 381 3150 1761)
4(213 1761 3150 382)
4(78 1794 3183 517)
4(79 516 3183 1794)
4(1118 1063 2452 2507)
4(1063 1190 2579 2452)
4(1362 2751 3150 1761)
4(721 2110 2377 988)
4(1387 1680 3069 2776)
4(922 1490 2879 2311)
4(925 2314 2879 1490)
4(1810 3199 3268 1879)
4(117 1818 3207 478)
4(118 477 3207 1818)
4(843 1655 3044 2232)
4(1445 1499 2888 2834)
4(161 1661 3050 434)
4(162 433 3050 1661)
4(129 1107 2496 466)
4(130 465 2496 1107)
4(133 462 2990 1601)
4(132 1601 2990 463)
4(938 1475 2864 2327)
4(913 1489 2878 2302)
4(916 2305 2878 1489)
4(646 2035 2871 1482)
4(1389 1762 3151 2778)
4(1331 2720 3196 1807)
4(1349 1807 3196 2738)
4(1735 1827 3216 3124)
4(650 1735 3124 2039)
4(865 2254 2865 1476)
4(909 1487 2876 2298)
4(911 2300 2876 1487)
4(1364 2753 2754 1365)
4(545 1914 3303 1934)
4(634 2023 3052 1663)
4(1428 1663 3052 2817)
4(716 2105 2811 1422)
4(140 455 2039 650)
4(139 650 2039 456)
4(1782 3171 3249 1860)
4(1082 1767 3156 2471)
4(1766 1082 2471 3155)
4(875 2264 2858 1469)
4(1265 1045 2434 2654)
4(1028 2417 3077 1688)
4(1381 1688 3077 2770)
4(107 1679 3068 488)
4(108 487 3068 1679)
4(146 1606 2995 449)
4(147 448 2995 1606)
4(155 1742 3131 440)
4(156 439 3131 1742)
4(1759 1809 3198 3148)
4(1607 2996 3198 1809)
4(619 2008 3200 1811)
4(1082 2471 3157 1768)
4(92 503 3222 1833)
4(91 1833 3222 504)
4(1113 2502 3196 1807)
4(705 2094 2828 1439)
4(1446 1422 2811 2835)
4(126 1693 3082 469)
4(127 468 3082 1693)
4(920 2309 2855 1466)
4(1376 1466 2855 2765)
4(1151 1152 2541 2540)
4(884 2273 2849 1460)
4(772 2161 2899 1510)
4(770 1510 2899 2159)
4(810 2199 2830 1441)
4(1649 1311 2700 3038)
4(1311 1913 3302 2700)
4(1056 1097 2486 2445)
4(1048 1056 2445 2437)
4(1048 2437 2486 1097)
4(607 1996 2781 1392)
4(1391 1392 2781 2780)
4(1104 1532 2921 2493)
4(1532 1893 3282 2921)
4(1104 2493 3282 1893)
4(1361 1134 2523 2750)
4(82 513 3220 1831)
4(81 1831 3220 514)
4(1097 2486 2665 1276)
4(1122 2511 2757 1368)
4(667 1747 3136 2056)
4(641 2030 3136 1747)
4(1603 794 2183 2992)
4(1732 3121 3250 1861)
4(1239 1861 3250 2628)
4(989 1217 2606 2378)
4(632 2021 3052 1663)
4(1767 1804 3193 3156)
4(1577 2966 3193 1804)
4(1393 1394 2783 2782)
4(1578 1100 2489 2967)
4(1578 2967 3263 1874)
4(760 1671 3060 2149)
4(762 2151 3060 1671)
4(1207 1600 2989 2596)
4(1577 1874 3263 2966)
4(1403 2792 2836 1447)
4(1049 1056 2445 2438)
4(1770 542 1931 3159)
4(79 1800 3189 516)
4(80 515 3189 1800)
4(705 1755 3144 2094)
4(660 1495 2884 2049)
4(655 2044 2884 1495)
4(1064 2453 3054 1665)
4(1069 1665 3054 2458)
4(149 1809 3198 446)
4(150 445 3198 1809)
4(1590 1652 3041 2979)
4(1066 2455 3041 1652)
4(1386 2775 3079 1690)
4(151 444 2441 1052)
4(150 1052 2441 445)
4(1791 1026 2415 3180)
4(1026 1800 3189 2415)
4(1261 1157 2546 2650)
4(1157 1821 3210 2546)
4(1261 2650 3210 1821)
4(774 1511 2900 2163)
4(777 2166 2900 1511)
4(130 1844 3233 465)
4(131 464 3233 1844)
4(1352 2741 3260 1871)
4(1784 3173 3206 1817)
4(1793 1817 3206 3182)
4(1438 2827 3136 1747)
4(1437 1747 3136 2826)
4(1589 1693 3082 2978)
4(1112 2501 2857 1468)
4(86 1815 3204 509)
4(720 1669 3058 2109)
4(1669 1902 3291 3058)
4(1560 1825 3214 2949)
4(579 1899 3288 1968)
4(1566 2955 3095 1706)
4(1566 1678 3067 2955)
4(1567 1565 2954 2956)
4(1544 1583 2972 2933)
4(1582 1544 2933 2971)
4(1582 2971 2972 1583)
4(1111 1849 3238 2500)
4(820 1111 2500 2209)
4(1652 1736 3125 3041)
4(1068 2457 3125 1736)
4(1068 1652 3041 2457)
4(1326 2715 2991 1602)
4(541 1818 3207 1930)
4(1052 1809 3198 2441)
4(1562 2951 2956 1567)
4(1562 1565 2954 2951)
4(1774 1776 3165 3163)
4(1453 1866 3255 2842)
4(165 1266 2655 430)
4(166 429 2655 1266)
4(1049 2438 2863 1474)
4(1054 1474 2863 2443)
4(661 1640 3029 2050)
4(695 2084 3029 1640)
4(158 1754 3143 437)
4(162 1660 3049 433)
4(163 432 3049 1660)
4(1063 2452 3054 1665)
4(136 1864 3253 459)
4(137 458 3253 1864)
4(1071 1090 2479 2460)
4(1069 2458 2479 1090)
4(1622 3011 3013 1624)
4(1622 1586 2975 3011)
4(678 2067 3046 1657)
4(1046 1048 2437 2435)
4(1048 1604 2993 2437)
4(1046 2435 2993 1604)
4(1361 1670 3059 2750)
4(1693 3082 3083 1694)
4(1589 1694 3083 2978)
4(1234 1862 3251 2623)
4(81 514 2415 1026)
4(80 1026 2415 515)
4(1557 2946 2956 1567)
4(1608 1609 2998 2997)
4(1071 1177 2566 2460)
4(1095 2484 2554 1165)
4(1429 1863 3252 2818)
4(1127 2516 3252 1863)
4(779 2168 2902 1513)
4(777 1513 2902 2166)
4(715 2104 2824 1435)
4(939 2328 2870 1481)
4(1042 2431 2435 1046)
4(1013 1616 3005 2402)
4(103 1870 3259 492)
4(104 491 3259 1870)
4(1176 1867 3256 2565)
4(810 1442 2831 2199)
4(810 2199 2832 1443)
4(664 2053 3029 1640)
4(1597 1679 3068 2986)
4(1684 1685 3074 3073)
4(574 1611 3000 1963)
4(1630 1500 2889 3019)
4(1500 1737 3126 2889)
4(1030 2419 3285 1896)
4(1530 2919 2924 1535)
4(1082 1613 3002 2471)
4(1101 1085 2474 2490)
4(1101 2490 2546 1157)
4(1085 1157 2546 2474)
4(73 522 2412 1023)
4(758 2147 3118 1729)
4(1170 2559 2878 1489)
4(1587 1818 3207 2976)
4(1772 3161 3164 1775)
4(1395 2784 3284 1895)
4(1394 1895 3284 2783)
4(667 1438 2827 2056)
4(132 463 2041 652)
4(131 652 2041 464)
4(990 2379 3274 1885)
4(1260 1885 3274 2649)
4(789 2178 2899 1510)
4(639 2028 3136 1747)
4(5 1110 2499 11)
4(1109 5 11 2498)
4(1109 2498 2499 1110)
4(672 1657 3046 2061)
4(1111 2500 3237 1848)
4(1696 1848 3237 3085)
4(1209 2598 3241 1852)
4(1790 1026 2415 3179)
4(1093 1855 3244 2482)
4(1627 1518 2907 3016)
4(1627 3016 3273 1884)
4(1083 2472 2490 1101)
4(1694 1912 3301 3083)
4(1592 2981 3301 1912)
4(1626 1051 2440 3015)
4(1051 1758 3147 2440)
4(1626 3015 3147 1758)
4(1501 2890 3019 1630)
4(799 2188 3118 1729)
4(157 438 3290 1901)
4(156 1901 3290 439)
4(1700 1701 3090 3089)
4(1524 2913 3015 1626)
4(1578 1773 3162 2967)
4(1100 2489 3162 1773)
4(1776 3165 3166 1777)
4(1776 1771 3160 3165)
4(165 430 3292 1903)
4(164 1903 3292 431)
4(148 447 2040 651)
4(147 651 2040 448)
4(603 1992 3139 1750)
4(1504 2893 2894 1505)
4(1504 1501 2890 2893)
4(1501 1505 2894 2890)
4(896 1709 3098 2285)
4(1583 2972 2990 1601)
4(1544 1601 2990 2933)
4(820 2209 2498 1109)
4(1424 1722 3111 2813)
4(987 2376 3111 1722)
4(1736 1827 3216 3125)
4(1735 1736 3125 3124)
4(1040 1424 2813 2429)
4(1537 2926 3216 1827)
4(1653 1736 3125 3042)
4(1652 1653 3042 3041)
4(1333 2722 3038 1649)
4(1614 3003 3095 1706)
4(1072 1692 3081 2461)
4(1071 2460 3081 1692)
4(711 2100 3152 1763)
4(1617 1763 3152 3006)
4(1086 2475 3210 1821)
4(1095 1821 3210 2484)
4(888 2277 3009 1620)
4(861 2250 3232 1843)
4(1386 1843 3232 2775)
4(657 2046 3192 1803)
4(1797 1803 3192 3186)
4(1547 2936 2981 1592)
4(1649 1743 3132 3038)
4(1106 1693 3082 2495)
4(1682 3071 3116 1727)
4(1682 1466 2855 3071)
4(1466 1727 3116 2855)
4(1488 2877 3060 1671)
4(1341 2730 3077 1688)
4(166 1699 3088 429)
4(167 428 3088 1699)
4(1083 1692 3081 2472)
4(1537 1736 3125 2926)
4(1848 1849 3238 3237)
4(74 521 3224 1835)
4(73 1835 3224 522)
4(1599 2988 3085 1696)
4(846 1696 3085 2235)
4(1166 2555 3300 1911)
4(1630 1911 3300 3019)
4(1166 1630 3019 2555)
4(558 1947 3255 1866)
4(1847 1866 3255 3236)
4(1126 1863 3252 2515)
4(1453 2842 3252 1863)
4(1075 1644 3033 2464)
4(1264 2653 2654 1265)
4(931 1684 3073 2320)
4(1061 1540 2929 2450)
4(1345 2734 3032 1643)
4(881 1643 3032 2270)
4(1079 2468 2969 1580)
4(939 1615 3004 2328)
4(1582 1543 2932 2971)
4(617 2006 3200 1811)
4(1085 2474 3210 1821)
4(1165 1261 2650 2554)
4(1095 2484 2650 1261)
4(1687 3076 3295 1906)
4(1142 1906 3295 2531)
4(1443 1610 2999 2832)
4(810 2199 2999 1610)
4(1520 1622 3011 2909)
4(1848 981 2370 3237)
4(1772 1773 3162 3161)
4(1677 3066 3067 1678)
4(1024 2413 2520 1131)
4(671 2060 3103 1714)
4(1544 1581 2970 2933)
4(1554 2943 3207 1818)
4(1430 2819 3215 1826)
4(1626 3015 3110 1721)
4(1053 1721 3110 2442)
4(651 1606 2995 2040)
4(163 1044 2433 432)
4(164 431 2433 1044)
4(1132 1386 2775 2521)
4(1299 1762 3151 2688)
4(1454 1807 3196 2843)
4(597 1986 3196 1807)
4(1786 1782 3171 3175)
4(1051 2440 3110 1721)
4(1801 3190 3191 1802)
4(1526 1893 3282 2915)
4(720 1668 3057 2109)
4(1140 1682 3071 2529)
4(721 1718 3107 2110)
4(591 1980 3059 1670)
4(1326 1752 3141 2715)
4(1575 1706 3095 2964)
4(1501 1503 2892 2890)
4(1088 2477 3222 1833)
4(558 1863 3252 1947)
4(1112 1618 3007 2501)
4(1603 2992 3007 1618)
4(652 1583 2972 2041)
4(652 2041 2990 1601)
4(1369 1683 3072 2758)
4(881 2270 3063 1674)
4(1267 1265 2654 2656)
4(1687 679 2068 3076)
4(836 1667 3056 2225)
4(818 2207 3056 1667)
4(1720 3109 3284 1895)
4(1559 1912 3301 2948)
4(1694 1559 2948 3083)
4(1011 2400 3005 1616)
4(1046 2435 3289 1900)
4(557 1680 3069 1946)
4(1792 1803 3192 3181)
4(1797 1792 3181 3186)
4(1380 2769 3077 1688)
4(563 1688 3077 1952)
4(1459 1667 3056 2848)
4(1463 1610 2999 2852)
4(1340 2729 3062 1673)
4(1364 1673 3062 2753)
4(920 1682 3071 2309)
4(1369 2758 3071 1682)
4(1494 1110 2499 2883)
4(1066 1864 3253 2455)
4(1175 2564 3206 1817)
4(1377 1685 3074 2766)
4(931 2320 3074 1685)
4(1530 1654 3043 2919)
4(1528 2917 3043 1654)
4(917 1697 3086 2306)
4(167 1045 2434 428)
4(1377 1207 2596 2766)
4(658 1815 3204 2047)
4(1772 3161 3167 1778)
4(1453 558 1947 2842)
4(1094 1839 3228 2483)
4(1838 3227 3228 1839)
4(1379 1843 3232 2768)
4(1404 2793 3232 1843)
4(1557 2946 3258 1869)
4(1567 1869 3258 2956)
4(1376 2765 3092 1703)
4(607 1703 3092 1996)
4(1087 1833 3222 2476)
4(1457 1913 3302 2846)
4(1393 2782 3108 1719)
4(608 1719 3108 1997)
4(1391 2780 3105 1716)
4(1122 1716 3105 2511)
4(1789 3178 3222 1833)
4(1714 3103 3259 1870)
4(799 2188 3287 1898)
4(1729 1898 3287 3118)
4(1574 2963 2982 1593)
4(1516 2905 3264 1875)
4(809 2198 2999 1610)
4(1466 2855 3092 1703)
4(1735 1068 2457 3124)
4(1020 2409 2999 1610)
4(1805 1835 3224 3194)
4(1785 1828 3217 3174)
4(1089 2478 3217 1828)
4(1787 1788 3177 3176)
4(720 1459 2848 2109)
4(1403 1723 3112 2792)
4(608 1997 3112 1723)
4(1020 1463 2852 2409)
4(1222 2611 2852 1463)
4(1068 2457 3253 1864)
4(69 1022 2411 526)
4(1447 2836 3112 1723)
4(1660 1661 3050 3049)
4(1627 1660 3049 3016)
4(1528 1893 3282 2917)
4(652 2041 3297 1908)
4(652 1844 3233 2041)
4(1132 2521 3232 1843)
4(1221 2610 3240 1851)
4(1815 3204 3205 1816)
4(1725 3114 3287 1898)
4(1051 1757 3146 2440)
4(1804 1874 3263 3193)
4(1795 1792 3181 3184)
4(1848 1909 3298 3237)
4(1742 1901 3290 3131)
4(1272 2661 3245 1856)
4(1652 1864 3253 3041)
4(1466 1119 2508 2855)
4(1040 2429 3111 1722)
4(1042 1722 3111 2431)
4(1792 1794 3183 3181)
4(1100 2489 3227 1838)
4(1054 2443 3225 1836)
4(1783 1831 3220 3172)
4(1790 3179 3220 1831)
4(1700 1266 2655 3089)
4(1266 1701 3090 2655)
4(1108 1599 2988 2497)
4(1535 1654 3043 2924)
4(1686 3075 3076 1687)
4(1459 2848 3294 1905)
4(1682 1683 3072 3071)
4(1654 1822 3211 3043)
4(1104 1654 3043 2493)
4(1501 1166 2555 2890)
4(1410 1892 3281 2799)
4(1416 2805 3281 1892)
4(1654 1893 3282 3043)
4(1026 2415 3220 1831)
4(846 1848 3237 2235)
4(1839 3228 3243 1854)
4(1699 1266 2655 3088)
4(1714 1715 3104 3103)
4(1701 3090 3292 1903)
4(1266 1903 3292 2655)
4(1785 1781 3170 3174)
4(1499 1500 2889 2888)
4(1222 1500 2889 2611)
4(1854 3243 3244 1855)
4(1701 1044 2433 3090)
4(1044 1884 3273 2433)
4(1856 1891 3280 3245)
4(1044 2433 3292 1903)
4(1024 1906 3295 2413)
4(1660 3049 3273 1884)
4(1463 2852 3126 1737)
4(1093 2482 3243 1854)
4(1785 3174 3205 1816)
4(1042 2431 3289 1900)
4(1044 2433 3049 1660)
4(1722 1900 3289 3111)
4(1222 2611 3126 1737)
4(1714 1594 2983 3103)
4(1828 3217 3218 1829)
3(1080 1638 1579)
3(2469 2968 3027)
3(1408 1611 1244)
3(2797 2633 3000)
3(1209 1471 1267)
3(2598 2656 2860)
3(948 1295 1195)
3(2337 2584 2684)
3(1166 1505 1192)
3(2555 2581 2894)
3(955 1888 677)
3(2344 2066 3277)
3(1238 1710 1183)
3(2627 2572 3099)
3(1580 1713 1554)
3(2969 2943 3102)
3(859 1132 980)
3(2248 2369 2521)
3(1531 1880 1540)
3(2920 2929 3269)
3(954 1414 815)
3(2343 2204 2803)
3(1125 1285 710)
3(2514 2099 2674)
3(1173 1429 555)
3(2562 1944 2818)
3(1019 1131 1014)
3(2408 2403 2520)
3(1012 1746 1018)
3(2401 2407 3135)
3(1299 1419 976)
3(2688 2365 2808)
3(670 698 663)
3(2059 2052 2087)
3(1558 1638 956)
3(2947 2345 3027)
3(1726 1728 1130)
3(3115 2519 3117)
3(1115 1285 739)
3(2504 2128 2674)
3(1646 1713 1079)
3(3035 2468 3102)
3(699 1846 1291)
3(2088 2680 3235)
3(1027 1746 1012)
3(2416 2401 3135)
3(1029 1720 963)
3(2418 2352 3109)
3(1360 1384 1236)
3(2749 2625 2773)
3(1203 1728 536)
3(2592 1925 3117)
3(602 1419 1215)
3(1991 2604 2808)
3(1332 1354 775)
3(2721 2164 2743)
3(1520 1586 1518)
3(2909 2907 2975)
3(961 974 816)
3(2350 2205 2363)
3(562 1327 1162)
3(1951 2551 2716)
3(1103 1108 1041)
3(2492 2430 2497)
3(899 1190 1118)
3(2288 2507 2579)
3(1174 1838 1094)
3(2563 2483 3227)
3(1603 1637 1619)
3(2992 3008 3026)
3(1312 1406 840)
3(2701 2229 2795)
3(1619 1637 893)
3(3008 2282 3026)
3(947 1478 910)
3(2336 2299 2867)
3(871 1338 1194)
3(2260 2583 2727)
3(1161 1342 538)
3(2550 1927 2731)
3(1572 1585 1571)
3(2961 2960 2974)
3(1579 1713 1646)
3(2968 3035 3102)
3(813 1456 967)
3(2202 2356 2845)
3(1014 1131 1015)
3(2403 2404 2520)
3(1570 1571 1569)
3(2959 2958 2960)
3(1323 1425 1002)
3(2712 2391 2814)
3(1523 1524 1522)
3(2912 2911 2913)
3(1212 1728 1726)
3(2601 3115 3117)
3(812 963 962)
3(2201 2351 2352)
3(536 1728 1212)
3(1925 2601 3117)
3(1195 1295 891)
3(2584 2280 2684)
3(71 1802 70)
3(524 525 3191)
3(1149 1305 530)
3(2538 1919 2694)
3(813 967 812)
3(2202 2201 2356)
3(1262 1896 1032)
3(2651 2421 3285)
3(1008 1249 1006)
3(2397 2395 2638)
3(969 1238 1183)
3(2358 2572 2627)
3(850 1271 1219)
3(2239 2608 2660)
3(555 1383 1173)
3(1944 2562 2772)
3(848 1259 849)
3(2237 2238 2648)
3(1215 1419 1299)
3(2604 2688 2808)
3(745 797 746)
3(2134 2135 2186)
3(1028 1676 912)
3(2417 2301 3065)
3(960 1407 1208)
3(2349 2597 2796)
3(659 1268 1247)
3(2048 2636 2657)
3(1076 1830 1070)
3(2465 2459 3219)
3(756 1257 754)
3(2145 2143 2646)
3(1192 1505 1193)
3(2581 2582 2894)
3(1058 1873 1057)
3(2447 2446 3262)
3(1152 1227 1226)
3(2541 2615 2616)
3(692 971 970)
3(2081 2359 2360)
3(1148 1834 949)
3(2537 2338 3223)
3(873 1214 1194)
3(2262 2583 2603)
3(1209 1267 1103)
3(2598 2492 2656)
3(789 1511 1371)
3(2178 2760 2900)
3(1287 1324 1189)
3(2676 2578 2713)
3(1194 1214 871)
3(2583 2260 2603)
3(840 1313 1312)
3(2229 2701 2702)
3(961 975 974)
3(2350 2363 2364)
3(1092 1869 1552)
3(2481 2941 3258)
3(555 1429 558)
3(1944 1947 2818)
3(783 1449 781)
3(2172 2170 2838)
3(903 905 904)
3(2292 2293 2294)
3(859 980 857)
3(2248 2246 2369)
3(1158 1321 1002)
3(2547 2391 2710)
3(908 947 910)
3(2297 2299 2336)
3(530 1305 1188)
3(1919 2577 2694)
3(897 1651 663)
3(2286 2052 3040)
3(1061 1880 1662)
3(2450 3051 3269)
3(533 1317 1145)
3(1922 2534 2706)
3(544 1283 1171)
3(1933 2560 2672)
3(967 982 963)
3(2356 2352 2371)
3(819 954 815)
3(2208 2204 2343)
3(806 812 805)
3(2195 2194 2201)
3(1128 1814 635)
3(2517 2024 3203)
3(1118 1204 899)
3(2507 2288 2593)
3(1563 1609 541)
3(2952 1930 2998)
3(1027 1628 1442)
3(2416 2831 3017)
3(1161 1343 935)
3(2550 2324 2732)
3(808 961 816)
3(2197 2205 2350)
3(1175 1784 1782)
3(2564 3171 3173)
3(926 1279 1234)
3(2315 2623 2668)
3(536 1464 1203)
3(1925 2592 2853)
3(781 1449 784)
3(2170 2173 2838)
3(1151 1820 1306)
3(2540 2695 3209)
3(584 1406 586)
3(1973 1975 2795)
3(1236 1361 1360)
3(2625 2749 2750)
3(798 805 797)
3(2187 2186 2194)
3(714 718 717)
3(2103 2106 2107)
3(1065 1822 1060)
3(2454 2449 3211)
3(534 1383 555)
3(1923 1944 2772)
3(1072 1076 1070)
3(2461 2459 2465)
3(943 1148 949)
3(2332 2338 2537)
3(1098 1523 1522)
3(2487 2911 2912)
3(1183 1710 1185)
3(2572 2574 3099)
3(1798 1805 657)
3(3187 2046 3194)
3(1103 1824 1108)
3(2492 2497 3213)
3(1096 1174 1094)
3(2485 2483 2563)
3(1545 1583 1543)
3(2934 2932 2972)
3(963 1720 965)
3(2352 2354 3109)
3(1258 1279 926)
3(2647 2315 2668)
3(745 746 744)
3(2134 2133 2135)
3(533 1145 1143)
3(1922 2532 2534)
3(746 1309 902)
3(2135 2291 2698)
3(742 745 744)
3(2131 2133 2134)
3(1169 1451 898)
3(2558 2287 2840)
3(585 1432 582)
3(1974 1971 2821)
3(1182 1183 706)
3(2571 2095 2572)
3(976 1388 1299)
3(2365 2688 2777)
3(567 1698 570)
3(1956 1959 3087)
3(975 1196 974)
3(2364 2363 2585)
3(1574 1588 1572)
3(2963 2961 2977)
3(914 918 905)
3(2303 2294 2307)
3(959 1259 848)
3(2348 2237 2648)
3(1398 1474 1056)
3(2787 2445 2863)
3(963 965 962)
3(2352 2351 2354)
3(802 811 808)
3(2191 2197 2200)
3(654 692 649)
3(2043 2038 2081)
3(949 1295 948)
3(2338 2337 2684)
3(1016 1249 1008)
3(2405 2397 2638)
3(625 1307 594)
3(2014 1983 2696)
3(849 1259 1210)
3(2238 2599 2648)
3(714 717 645)
3(2103 2034 2106)
3(1902 1905 1659)
3(3291 3048 3294)
3(1150 1307 674)
3(2539 2063 2696)
3(1102 1855 1632)
3(2491 3021 3244)
3(532 1167 1160)
3(1921 2549 2556)
3(873 1194 869)
3(2262 2258 2583)
3(1064 1065 1060)
3(2453 2449 2454)
3(842 1260 662)
3(2231 2051 2649)
3(933 1161 935)
3(2322 2324 2550)
3(692 1169 971)
3(2081 2360 2558)
3(970 1598 642)
3(2359 2031 2987)
3(812 962 805)
3(2201 2194 2351)
3(629 1666 609)
3(2018 1998 3055)
3(677 1516 955)
3(2066 2344 2905)
3(1143 1198 533)
3(2532 1922 2587)
3(797 1309 746)
3(2186 2135 2698)
3(1208 1407 50)
3(2597 308 2796)
3(1522 1539 1520)
3(2911 2909 2928)
3(982 1029 963)
3(2371 2352 2418)
3(1098 1850 1532)
3(2487 2921 3239)
3(851 1271 850)
3(2240 2239 2660)
3(595 1406 584)
3(1984 1973 2795)
3(88 1785 87)
3(507 508 3174)
3(739 1284 1115)
3(2128 2504 2673)
3(1197 1738 544)
3(2586 1933 3127)
3(802 808 803)
3(2191 2192 2197)
3(805 807 797)
3(2194 2186 2196)
3(683 1217 1128)
3(2072 2517 2606)
3(1517 1884 1701)
3(2906 3090 3273)
3(673 1483 1268)
3(2062 2657 2872)
3(1276 1398 1056)
3(2665 2445 2787)
3(710 1657 1125)
3(2099 2514 3046)
3(919 1119 918)
3(2308 2307 2508)
3(902 903 800)
3(2291 2189 2292)
3(1481 1615 1339)
3(2870 2728 3004)
3(57 1263 58)
3(315 316 2652)
3(658 1860 1788)
3(2047 3177 3249)
3(995 1206 993)
3(2384 2382 2595)
3(853 854 811)
3(2242 2200 2243)
3(718 1902 717)
3(2107 2106 3291)
3(544 1171 54)
3(1933 312 2560)
3(775 1355 1332)
3(2164 2721 2744)
3(905 906 904)
3(2294 2293 2295)
3(906 946 908)
3(2295 2297 2335)
3(815 822 813)
3(2204 2202 2211)
3(674 1240 1150)
3(2063 2539 2629)
3(649 970 642)
3(2038 2031 2359)
3(765 1619 1233)
3(2154 2622 3008)
3(780 852 802)
3(2169 2191 2241)
3(1162 1683 562)
3(2551 1951 3072)
3(918 1140 972)
3(2307 2361 2529)
3(1220 1320 878)
3(2609 2267 2709)
3(1188 1288 530)
3(2577 1919 2677)
3(1175 1782 1176)
3(2564 2565 3171)
3(808 816 809)
3(2197 2198 2205)
3(749 800 751)
3(2138 2140 2189)
3(1022 1503 68)
3(2411 527 2892)
3(1210 1211 849)
3(2599 2238 2600)
3(927 1862 1137)
3(2316 2526 3251)
3(903 904 800)
3(2292 2189 2293)
3(857 862 855)
3(2246 2244 2251)
3(855 1155 854)
3(2244 2243 2544)
3(582 1432 580)
3(1971 1969 2821)
3(857 980 862)
3(2246 2251 2369)
3(918 972 905)
3(2307 2294 2361)
3(1002 1425 999)
3(2391 2388 2814)
3(837 846 819)
3(2226 2208 2235)
3(1382 1664 872)
3(2771 2261 3053)
3(793 1330 1329)
3(2182 2718 2719)
3(1244 1611 1245)
3(2633 2634 3000)
3(547 1691 1168)
3(1936 2557 3080)
3(946 947 908)
3(2335 2297 2336)
3(853 855 854)
3(2242 2243 2244)
3(1291 1846 1253)
3(2680 2642 3235)
3(910 950 912)
3(2299 2301 2339)
3(1337 1749 1213)
3(2726 2602 3138)
3(61 1317 533)
3(319 1922 2706)
3(921 1635 1138)
3(2310 2527 3024)
3(604 626 600)
3(1993 1989 2015)
3(717 1902 719)
3(2106 2108 3291)
3(609 1666 996)
3(1998 2385 3055)
3(599 600 596)
3(1988 1985 1989)
3(565 567 566)
3(1954 1955 1956)
3(1371 1511 1372)
3(2760 2761 2900)
3(561 565 564)
3(1950 1953 1954)
3(1155 1156 854)
3(2544 2243 2545)
3(1129 1635 921)
3(2518 2310 3024)
3(1055 1058 1057)
3(2444 2446 2447)
3(992 993 629)
3(2381 2018 2382)
3(592 596 588)
3(1981 1977 1985)
3(746 902 749)
3(2135 2138 2291)
3(576 588 572)
3(1965 1961 1977)
3(556 561 560)
3(1945 1949 1950)
3(1531 1606 1529)
3(2920 2918 2995)
3(996 997 626)
3(2385 2015 2386)
3(956 1559 1558)
3(2345 2947 2948)
3(950 1028 912)
3(2339 2301 2417)
3(846 1909 819)
3(2235 2208 3298)
3(1160 1749 1423)
3(2549 2812 3138)
3(1034 1262 1032)
3(2423 2421 2651)
3(53 1197 544)
3(311 1933 2586)
3(1357 1378 1148)
3(2746 2537 2767)
3(1353 1675 1373)
3(2742 2762 3064)
3(567 570 568)
3(1956 1957 1959)
3(995 1256 1206)
3(2384 2595 2645)
3(1278 1475 759)
3(2667 2148 2864)
3(980 1178 862)
3(2369 2251 2567)
3(757 1278 759)
3(2146 2148 2667)
3(530 1316 1149)
3(1919 2538 2705)
3(1797 1798 657)
3(3186 2046 3187)
3(915 1129 921)
3(2304 2310 2518)
3(570 572 571)
3(1959 1960 1961)
3(1195 1637 1603)
3(2584 2992 3026)
3(1134 1645 887)
3(2523 2276 3034)
3(1561 1563 541)
3(2950 1930 2952)
3(1757 1758 1052)
3(3146 2441 3147)
3(72 1802 71)
3(523 524 3191)
3(1152 1486 1227)
3(2541 2616 2875)
3(4 1656 817)
3(10 2206 3045)
3(1102 1570 1569)
3(2491 2958 2959)
3(788 1332 1331)
3(2177 2720 2721)
3(993 1135 994)
3(2382 2383 2524)
3(719 742 741)
3(2108 2130 2131)
3(1427 1508 965)
3(2816 2354 2897)
3(985 1669 721)
3(2374 2110 3058)
3(977 1133 890)
3(2366 2279 2522)
3(869 1113 867)
3(2258 2256 2502)
3(1516 1868 1246)
3(2905 2635 3257)
3(1518 1884 1517)
3(2907 2906 3273)
3(1423 1749 549)
3(2812 1938 3138)
3(553 1337 1213)
3(1942 2602 2726)
3(683 1128 638)
3(2072 2027 2517)
3(1306 1616 1151)
3(2695 2540 3005)
3(821 1658 979)
3(2210 2368 3047)
3(1060 1822 1104)
3(2449 2493 3211)
3(677 1888 670)
3(2066 2059 3277)
3(921 1138 924)
3(2310 2313 2527)
3(1108 1824 1494)
3(2497 2883 3213)
3(1142 1765 731)
3(2531 2120 3154)
3(1224 1698 567)
3(2613 1956 3087)
3(554 556 543)
3(1943 1932 1945)
3(997 999 998)
3(2386 2387 2388)
3(1448 1813 715)
3(2837 2104 3202)
3(755 796 757)
3(2144 2146 2185)
3(1320 1460 878)
3(2709 2267 2849)
3(927 1137 930)
3(2316 2319 2526)
3(1091 1876 1067)
3(2480 2456 3265)
3(1215 1865 602)
3(2604 1991 3254)
3(1236 1384 877)
3(2625 2266 2773)
3(912 1676 915)
3(2301 2304 3065)
3(1263 1730 58)
3(2652 316 3119)
3(1012 1018 1014)
3(2401 2403 2407)
3(1489 1842 923)
3(2878 2312 3231)
3(1203 1464 1201)
3(2592 2590 2853)
3(1607 1636 651)
3(2996 2040 3025)
3(936 1147 941)
3(2325 2330 2536)
3(898 1398 1169)
3(2287 2558 2787)
3(720 1905 1902)
3(2109 3291 3294)
3(867 1114 864)
3(2256 2253 2503)
3(1219 1271 548)
3(2608 1937 2660)
3(640 683 638)
3(2029 2027 2072)
3(930 1136 933)
3(2319 2322 2525)
3(822 1413 1412)
3(2211 2801 2802)
3(594 1307 669)
3(1983 2058 2696)
3(812 967 963)
3(2201 2352 2356)
3(776 1330 793)
3(2165 2182 2719)
3(759 795 761)
3(2148 2150 2184)
3(879 1164 874)
3(2268 2263 2553)
3(635 1814 633)
3(2024 2022 3203)
3(1506 1811 1310)
3(2895 2699 3200)
3(897 1904 898)
3(2286 2287 3293)
3(654 1451 692)
3(2043 2081 2840)
3(967 983 982)
3(2356 2371 2372)
3(1552 1883 1092)
3(2941 2481 3272)
3(1168 1647 547)
3(2557 1936 3036)
3(638 1128 635)
3(2027 2024 2517)
3(721 1669 718)
3(2110 2107 3058)
3(800 1470 751)
3(2189 2140 2859)
3(698 897 663)
3(2087 2052 2286)
3(535 1896 1262)
3(1924 2651 3285)
3(1189 1760 1287)
3(2578 2676 3149)
3(581 1172 668)
3(1970 2057 2561)
3(815 1414 822)
3(2204 2211 2803)
3(941 1146 943)
3(2330 2332 2535)
3(1310 1811 694)
3(2699 2083 3200)
3(788 1354 1332)
3(2177 2721 2743)
3(890 1134 887)
3(2279 2276 2523)
3(1339 1615 795)
3(2728 2184 3004)
3(1554 1713 1556)
3(2943 2945 3102)
3(1192 1817 1096)
3(2581 2485 3206)
3(763 794 765)
3(2152 2154 2183)
3(581 668 583)
3(1970 1972 2057)
3(754 1257 792)
3(2143 2181 2646)
3(538 1343 1161)
3(1927 2550 2732)
3(1002 1231 1158)
3(2391 2547 2620)
3(1146 1148 943)
3(2535 2332 2537)
3(1102 1569 1568)
3(2491 2957 2958)
3(663 1651 656)
3(2052 2045 3040)
3(611 629 609)
3(2000 1998 2018)
3(1070 1830 1105)
3(2459 2494 3219)
3(1067 1876 1065)
3(2456 2454 3265)
3(1292 1648 618)
3(2681 2007 3037)
3(616 992 611)
3(2005 2000 2381)
3(806 813 812)
3(2195 2201 2202)
3(692 970 649)
3(2081 2038 2359)
3(1111 1494 1109)
3(2500 2498 2883)
3(1183 1184 706)
3(2572 2095 2573)
3(1072 1883 1076)
3(2461 2465 3272)
3(767 790 769)
3(2156 2158 2179)
3(796 1278 757)
3(2185 2146 2667)
3(1547 1584 1545)
3(2936 2934 2973)
3(956 1589 1559)
3(2345 2948 2978)
3(996 1231 997)
3(2385 2386 2620)
3(1306 1820 668)
3(2695 2057 3209)
3(1087 1789 1780)
3(2476 3169 3178)
3(1206 1256 792)
3(2595 2181 2645)
3(776 793 778)
3(2165 2167 2182)
3(1160 1423 532)
3(2549 1921 2812)
3(753 1269 755)
3(2142 2144 2658)
3(1655 1832 1612)
3(3044 3001 3221)
3(1579 1638 1558)
3(2968 2947 3027)
3(798 806 805)
3(2187 2194 2195)
3(997 1002 999)
3(2386 2388 2391)
3(578 1172 581)
3(1967 1970 2561)
3(1073 1706 1644)
3(2462 3033 3095)
3(771 791 773)
3(2160 2162 2180)
3(1240 1325 826)
3(2629 2215 2714)
3(742 744 743)
3(2131 2132 2133)
3(882 1163 879)
3(2271 2268 2552)
3(745 798 797)
3(2134 2186 2187)
3(1455 1487 923)
3(2844 2312 2876)
3(1041 1877 839)
3(2430 2228 3266)
3(1787 1860 1783)
3(3176 3172 3249)
3(599 604 600)
3(1988 1989 1993)
3(592 599 596)
3(1981 1985 1988)
3(993 994 629)
3(2382 2018 2383)
3(1529 1636 1528)
3(2918 2917 3025)
3(1169 1276 971)
3(2558 2360 2665)
3(576 592 588)
3(1965 1977 1981)
3(794 1619 765)
3(2183 2154 3008)
3(565 566 564)
3(1954 1953 1955)
3(903 914 905)
3(2292 2294 2303)
3(1321 1488 785)
3(2710 2174 2877)
3(561 564 560)
3(1950 1949 1953)
3(604 996 626)
3(1993 2015 2385)
3(570 576 572)
3(1959 1961 1965)
3(609 996 604)
3(1998 1993 2385)
3(715 1813 1436)
3(2104 2825 3202)
3(1136 1161 933)
3(2525 2322 2550)
3(753 1455 1269)
3(2142 2658 2844)
3(618 630 616)
3(2007 2005 2019)
3(1502 1656 4)
3(2891 10 3045)
3(556 560 543)
3(1945 1932 1949)
3(982 1447 1029)
3(2371 2418 2836)
3(1553 1555 1551)
3(2942 2940 2944)
3(1074 1608 1564)
3(2463 2953 2997)
3(761 1250 763)
3(2150 2152 2639)
3(567 568 566)
3(1956 1955 1957)
3(1099 1852 1764)
3(2488 3153 3241)
3(914 919 918)
3(2303 2307 2308)
3(1234 1362 615)
3(2623 2004 2751)
3(886 1235 883)
3(2275 2272 2624)
3(1388 1389 1299)
3(2777 2688 2778)
3(761 1491 1250)
3(2150 2639 2880)
3(819 1909 954)
3(2208 2343 3298)
3(765 1233 767)
3(2154 2156 2622)
3(613 1279 1258)
3(2002 2647 2668)
3(565 569 567)
3(1954 1956 1958)
3(1155 1215 1156)
3(2544 2545 2604)
3(992 995 993)
3(2381 2382 2384)
3(769 1220 771)
3(2158 2160 2609)
3(160 1624 159)
3(435 436 3013)
3(1780 1829 1087)
3(3169 2476 3218)
3(1443 1746 1442)
3(2832 2831 3135)
3(570 571 568)
3(1959 1957 1960)
3(1064 1067 1065)
3(2453 2454 2456)
3(1253 1695 1291)
3(2642 2680 3084)
3(1395 1400 606)
3(2784 1995 2789)
3(1538 1734 1062)
3(2927 2451 3123)
3(1273 1691 547)
3(2662 1936 3080)
3(536 1212 65)
3(1925 323 2601)
3(1133 1370 1358)
3(2522 2747 2759)
3(1137 1207 1136)
3(2526 2525 2596)
3(1551 1558 1549)
3(2940 2938 2947)
3(869 1194 1113)
3(2258 2502 2583)
3(1131 1686 1254)
3(2520 2643 3075)
3(1211 1450 849)
3(2600 2238 2839)
3(805 1858 807)
3(2194 2196 3247)
3(674 1325 1240)
3(2063 2629 2714)
3(780 802 782)
3(2169 2171 2191)
3(611 992 629)
3(2000 2018 2381)
3(588 1180 572)
3(1977 1961 2569)
3(945 1468 1250)
3(2334 2639 2857)
3(1114 1808 864)
3(2503 2253 3197)
3(862 1216 1155)
3(2251 2544 2605)
3(1289 1383 534)
3(2678 1923 2772)
3(919 1120 1119)
3(2308 2508 2509)
3(1004 1249 1225)
3(2393 2614 2638)
3(1003 1845 1449)
3(2392 2838 3234)
3(1435 1849 1434)
3(2824 2823 3238)
3(698 1904 897)
3(2087 2286 3293)
3(822 1456 813)
3(2211 2202 2845)
3(1140 1162 972)
3(2529 2361 2551)
3(559 1351 1255)
3(1948 2644 2740)
3(1269 1455 923)
3(2658 2312 2844)
3(1251 1507 1498)
3(2640 2887 2896)
3(997 998 626)
3(2386 2015 2387)
3(1135 1158 994)
3(2524 2383 2547)
3(749 902 800)
3(2138 2189 2291)
3(706 1375 1182)
3(2095 2571 2764)
3(983 1255 982)
3(2372 2371 2644)
3(1123 1368 1120)
3(2512 2509 2757)
3(891 977 890)
3(2280 2279 2366)
3(946 1242 947)
3(2335 2336 2631)
3(936 1853 1147)
3(2325 2536 3242)
3(1006 1249 1004)
3(2395 2393 2638)
3(1412 1892 1456)
3(2801 2845 3281)
3(1039 1668 1424)
3(2428 2813 3057)
3(1405 1621 1227)
3(2794 2616 3010)
3(1277 1842 1170)
3(2666 2559 3231)
3(1055 1916 1050)
3(2444 2439 3305)
3(950 1341 1028)
3(2339 2417 2730)
3(899 1191 1190)
3(2288 2579 2580)
3(1556 1587 1554)
3(2945 2943 2976)
3(549 1749 1337)
3(1938 2726 3138)
3(1765 1868 731)
3(3154 2120 3257)
3(578 1887 1172)
3(1967 2561 3276)
3(725 1247 733)
3(2114 2122 2636)
3(1214 1350 871)
3(2603 2260 2739)
3(1566 1677 1074)
3(2955 2463 3066)
3(595 1621 1406)
3(1984 2795 3010)
3(1052 1758 1525)
3(2441 2914 3147)
3(1338 1454 1194)
3(2727 2583 2843)
3(792 1257 1206)
3(2181 2595 2646)
3(1232 1648 1038)
3(2621 2427 3037)
3(1164 1812 874)
3(2553 2263 3201)
3(1086 1855 1084)
3(2475 2473 3244)
3(537 1894 19)
3(1926 277 3283)
3(694 1333 1310)
3(2083 2699 2722)
3(1577 1591 1574)
3(2966 2963 2980)
3(856 857 855)
3(2245 2244 2246)
3(877 1629 1236)
3(2266 2625 3018)
3(1367 1426 606)
3(2756 1995 2815)
3(862 1155 855)
3(2251 2244 2544)
3(1220 1631 771)
3(2609 2160 3020)
3(811 1841 808)
3(2200 2197 3230)
3(1235 1237 882)
3(2624 2271 2626)
3(852 853 811)
3(2241 2200 2242)
3(999 1000 998)
3(2388 2387 2389)
3(598 1350 1214)
3(1987 2603 2739)
3(949 1297 1296)
3(2338 2685 2686)
3(883 1235 882)
3(2272 2271 2624)
3(694 1493 1333)
3(2083 2722 2882)
3(1247 1268 1035)
3(2636 2424 2657)
3(1043 1103 1041)
3(2432 2430 2492)
3(746 749 748)
3(2135 2137 2138)
3(775 1385 1355)
3(2164 2744 2774)
3(552 1726 1458)
3(1941 2847 3115)
3(783 1628 1248)
3(2172 2637 3017)
3(670 1888 698)
3(2059 2087 3277)
3(719 1857 742)
3(2108 2131 3246)
3(1213 1274 553)
3(2602 1942 2663)
3(532 1168 1167)
3(1921 2556 2557)
3(905 1890 906)
3(2294 2295 3279)
3(1212 1726 552)
3(2601 1941 3115)
3(616 1739 992)
3(2005 2381 3128)
3(747 1882 1399)
3(2136 2788 3271)
3(620 1292 618)
3(2009 2007 2681)
3(1214 1346 598)
3(2603 1987 2735)
3(949 1834 1297)
3(2338 2686 3223)
3(1138 1675 924)
3(2527 2313 3064)
3(19 1894 1211)
3(277 2600 3283)
3(1148 1650 1357)
3(2537 2746 3039)
3(1411 1446 716)
3(2800 2105 2835)
3(923 1842 1269)
3(2312 2658 3231)
3(16 554 543)
3(274 1932 1943)
3(55 1171 535)
3(313 1924 2560)
3(713 714 645)
3(2102 2034 2103)
3(1248 1449 783)
3(2637 2172 2838)
3(1570 1572 1571)
3(2959 2960 2961)
3(759 1475 795)
3(2148 2184 2864)
3(684 1324 1287)
3(2073 2676 2713)
3(886 1236 1235)
3(2275 2624 2625)
3(987 1424 985)
3(2376 2374 2813)
3(543 973 17)
3(1932 275 2362)
3(1017 1616 1306)
3(2406 2695 3005)
3(930 1137 1136)
3(2319 2525 2526)
3(906 908 907)
3(2295 2296 2297)
3(90 1829 89)
3(505 506 3218)
3(1289 1290 901)
3(2678 2290 2679)
3(1674 1806 1347)
3(3063 2736 3195)
3(880 882 879)
3(2269 2268 2271)
3(780 1633 852)
3(2169 2241 3022)
3(1119 1727 918)
3(2508 2307 3116)
3(600 603 596)
3(1989 1985 1992)
3(990 1260 842)
3(2379 2231 2649)
3(858 859 857)
3(2247 2246 2248)
3(590 1650 1303)
3(1979 2692 3039)
3(1442 1746 1027)
3(2831 2416 3135)
3(222 1344 221)
3(373 374 2733)
3(1016 1750 1249)
3(2405 2638 3139)
3(1113 1114 867)
3(2502 2256 2503)
3(1203 1755 1465)
3(2592 2854 3144)
3(1794 1800 1795)
3(3183 3184 3189)
3(1607 1759 1527)
3(2996 2916 3148)
3(710 1285 1115)
3(2099 2504 2674)
3(1227 1621 595)
3(2616 1984 3010)
3(1373 1675 1138)
3(2762 2527 3064)
3(569 1224 567)
3(1958 1956 2613)
3(1120 1392 1119)
3(2509 2508 2781)
3(1662 1880 1639)
3(3051 3028 3269)
3(1268 1483 1037)
3(2657 2426 2872)
3(898 1451 897)
3(2287 2286 2840)
3(993 1206 1135)
3(2382 2524 2595)
3(868 869 867)
3(2257 2256 2258)
3(1291 1695 973)
3(2680 2362 3084)
3(1322 1488 1321)
3(2711 2710 2877)
3(1640 1748 1125)
3(3029 2514 3137)
3(622 645 620)
3(2011 2009 2034)
3(1525 1759 1052)
3(2914 2441 3148)
3(870 873 869)
3(2259 2258 2262)
3(1199 1223 1202)
3(2588 2591 2612)
3(1210 1259 529)
3(2599 1918 2648)
3(749 751 750)
3(2138 2139 2140)
3(1635 1697 1363)
3(3024 2752 3086)
3(786 1837 1348)
3(2175 2737 3226)
3(1180 1872 572)
3(2569 1961 3261)
3(1066 1590 1581)
3(2455 2970 2979)
3(808 809 803)
3(2197 2192 2198)
3(1519 1520 1518)
3(2908 2907 2909)
3(544 1284 1283)
3(1933 2672 2673)
3(1415 1446 1413)
3(2804 2802 2835)
3(908 910 909)
3(2297 2298 2299)
3(630 1648 1232)
3(2019 2621 3037)
3(889 890 887)
3(2278 2276 2279)
3(860 863 859)
3(2249 2248 2252)
3(1424 1668 985)
3(2813 2374 3057)
3(943 949 948)
3(2332 2337 2338)
3(902 1139 903)
3(2291 2292 2528)
3(1098 1873 1058)
3(2487 2447 3262)
3(1227 1486 1405)
3(2616 2794 2875)
3(1099 1471 1209)
3(2488 2598 2860)
3(5 1264 168)
3(11 427 2653)
3(1102 1595 1084)
3(2491 2473 2984)
3(1542 1543 1541)
3(2931 2930 2932)
3(941 943 942)
3(2330 2331 2332)
3(941 1147 1146)
3(2330 2535 2536)
3(1527 1636 1607)
3(2916 2996 3025)
3(910 912 911)
3(2299 2300 2301)
3(1118 1514 1204)
3(2507 2593 2903)
3(802 803 782)
3(2191 2171 2192)
3(887 1645 886)
3(2276 2275 3034)
3(1605 1910 1097)
3(2994 2486 3299)
3(561 1181 565)
3(1950 1954 2570)
3(719 741 717)
3(2108 2106 2130)
3(1257 1898 1206)
3(2646 2595 3287)
3(1067 1560 1091)
3(2456 2480 2949)
3(1528 1636 1527)
3(2917 2916 3025)
3(1093 1576 1573)
3(2482 2962 2965)
3(614 1635 1363)
3(2003 2752 3024)
3(126 1589 125)
3(469 470 2978)
3(912 915 913)
3(2301 2302 2304)
3(1277 1278 796)
3(2666 2185 2667)
3(1057 1916 1055)
3(2446 2444 3305)
3(1436 1849 1435)
3(2825 2824 3238)
3(751 753 752)
3(2140 2141 2142)
3(1000 1372 1003)
3(2389 2392 2761)
3(791 1709 773)
3(2180 2162 3098)
3(1161 1684 1342)
3(2550 2731 3073)
3(1816 1860 658)
3(3205 2047 3249)
3(1132 1404 980)
3(2521 2369 2793)
3(828 1240 826)
3(2217 2215 2629)
3(885 886 883)
3(2274 2272 2275)
3(1521 1522 1520)
3(2910 2909 2911)
3(540 1197 52)
3(1929 310 2586)
3(930 933 932)
3(2319 2321 2322)
3(742 979 745)
3(2131 2134 2368)
3(1111 1696 1494)
3(2500 2883 3085)
3(16 543 17)
3(274 275 1932)
3(53 544 54)
3(311 312 1933)
3(933 935 934)
3(2322 2323 2324)
3(1216 1664 1382)
3(2605 2771 3053)
3(915 921 916)
3(2304 2305 2310)
3(1470 1477 751)
3(2859 2140 2866)
3(64 536 65)
3(322 323 1925)
3(55 535 56)
3(313 314 1924)
3(14 534 15)
3(272 273 1923)
3(61 533 62)
3(319 320 1922)
3(51 540 52)
3(309 310 1929)
3(18 537 19)
3(276 277 1926)
3(935 1343 1153)
3(2324 2542 2732)
3(653 654 649)
3(2042 2038 2043)
3(901 1383 1289)
3(2290 2678 2772)
3(971 1294 970)
3(2360 2359 2683)
3(1115 1284 1116)
3(2504 2505 2673)
3(716 1420 1411)
3(2105 2800 2809)
3(1412 1456 822)
3(2801 2211 2845)
3(1117 1832 1655)
3(2506 3044 3221)
3(790 1220 769)
3(2179 2158 2609)
3(1172 1306 668)
3(2561 2057 2695)
3(876 879 874)
3(2265 2263 2268)
3(12 1290 13)
3(270 271 2679)
3(921 924 922)
3(2310 2311 2313)
3(979 1659 821)
3(2368 2210 3048)
3(1529 1880 1531)
3(2918 2920 3269)
3(1133 1134 890)
3(2522 2279 2523)
3(1169 1398 1276)
3(2558 2665 2787)
3(554 1847 556)
3(1943 1945 3236)
3(674 1307 625)
3(2063 2014 2696)
3(851 1272 1271)
3(2240 2660 2661)
3(626 1515 600)
3(2015 1989 2904)
3(1084 1595 1077)
3(2473 2466 2984)
3(20 1211 1210)
3(278 2599 2600)
3(23 1228 546)
3(281 1935 2617)
3(713 1814 1218)
3(2102 2607 3203)
3(924 926 925)
3(2313 2314 2315)
3(717 1717 645)
3(2106 2034 3106)
3(753 755 754)
3(2142 2143 2144)
3(949 1296 1295)
3(2338 2684 2685)
3(731 1868 1516)
3(2120 2905 3257)
3(1089 1785 88)
3(2478 507 3174)
3(1498 1507 895)
3(2887 2284 2896)
3(1098 1522 1521)
3(2487 2910 2911)
3(1149 1316 1154)
3(2538 2543 2705)
3(645 1292 620)
3(2034 2009 2681)
3(1334 1484 1219)
3(2723 2608 2873)
3(866 867 864)
3(2255 2253 2256)
3(790 1620 1319)
3(2179 2708 3009)
3(1542 1545 1543)
3(2931 2932 2934)
3(1359 1605 989)
3(2748 2378 2994)
3(558 1847 555)
3(1947 1944 3236)
3(1206 1898 1135)
3(2595 2524 3287)
3(853 1205 856)
3(2242 2245 2594)
3(678 1875 677)
3(2067 2066 3264)
3(556 1866 561)
3(1945 1950 3255)
3(1368 1716 1120)
3(2757 2509 3105)
3(1025 1192 1165)
3(2414 2554 2581)
3(1573 1574 1572)
3(2962 2961 2963)
3(822 1414 1413)
3(2211 2802 2803)
3(1358 1670 1133)
3(2747 2522 3059)
3(547 1891 1273)
3(1936 2662 3280)
3(736 1241 703)
3(2125 2092 2630)
3(1472 1517 1471)
3(2861 2860 2906)
3(1163 1164 879)
3(2552 2268 2553)
3(968 1733 832)
3(2357 2221 3122)
3(977 1705 1133)
3(2366 2522 3094)
3(742 743 741)
3(2131 2130 2132)
3(725 1495 1247)
3(2114 2636 2884)
3(1414 1415 1413)
3(2803 2802 2804)
3(530 1288 46)
3(1919 304 2677)
3(555 1907 534)
3(1944 1923 3296)
3(1328 1763 1180)
3(2717 2569 3152)
3(1254 1486 1152)
3(2643 2541 2875)
3(936 941 940)
3(2325 2329 2330)
3(1228 1230 546)
3(2617 1935 2619)
3(795 1475 1339)
3(2184 2728 2864)
3(786 1823 1243)
3(2175 2632 3212)
3(755 757 756)
3(2144 2145 2146)
3(664 670 663)
3(2053 2052 2059)
3(1050 1852 1049)
3(2439 2438 3241)
3(924 1258 926)
3(2313 2315 2647)
3(1003 1449 1005)
3(2392 2394 2838)
3(767 1233 790)
3(2156 2179 2622)
3(1468 1618 1250)
3(2857 2639 3007)
3(19 1211 20)
3(277 278 2600)
3(773 1330 776)
3(2162 2165 2719)
3(1537 1538 1534)
3(2926 2923 2927)
3(1306 1617 1017)
3(2695 2406 3006)
3(1546 1547 1545)
3(2935 2934 2936)
3(1308 1432 585)
3(2697 1974 2821)
3(1535 1876 1536)
3(2924 2925 3265)
3(661 663 656)
3(2050 2045 2052)
3(1300 1432 1308)
3(2689 2697 2821)
3(703 1241 729)
3(2092 2118 2630)
3(1308 1430 1300)
3(2697 2689 2819)
3(606 1426 1395)
3(1995 2784 2815)
3(1199 1202 1201)
3(2588 2590 2591)
3(1591 1613 1078)
3(2980 2467 3002)
3(107 1597 106)
3(488 489 2986)
3(647 649 642)
3(2036 2031 2038)
3(1009 1879 1012)
3(2398 2401 3268)
3(586 1406 1312)
3(1975 2701 2795)
3(1303 1356 590)
3(2692 1979 2745)
3(672 677 670)
3(2061 2059 2066)
3(1288 1467 47)
3(2677 305 2856)
3(1465 1728 1203)
3(2854 2592 3117)
3(1049 1852 1047)
3(2438 2436 3241)
3(757 759 758)
3(2146 2147 2148)
3(605 609 604)
3(1994 1993 1998)
3(1243 1837 786)
3(2632 2175 3226)
3(974 1141 816)
3(2363 2205 2530)
3(763 1250 794)
3(2152 2183 2639)
3(927 930 929)
3(2316 2318 2319)
3(1187 1710 1467)
3(2576 2856 3099)
3(1092 1595 1568)
3(2481 2957 2984)
3(1552 1553 1551)
3(2941 2940 2942)
3(1368 1426 1367)
3(2757 2756 2815)
3(1539 1623 648)
3(2928 2037 3012)
3(1550 1830 1552)
3(2939 2941 3219)
3(1131 1254 1015)
3(2520 2404 2643)
3(975 1642 1196)
3(2364 2585 3031)
3(21 1210 529)
3(279 1918 2599)
3(1208 1712 960)
3(2597 2349 3101)
3(529 1229 1228)
3(1918 2617 2618)
3(759 761 760)
3(2148 2149 2150)
3(1171 1461 535)
3(2560 1924 2850)
3(1138 1635 1373)
3(2527 2762 3024)
3(714 721 718)
3(2103 2107 2110)
3(882 1806 1163)
3(2271 2552 3195)
3(528 1208 49)
3(1917 307 2597)
3(773 1709 1330)
3(2162 2719 3098)
3(1550 1551 1549)
3(2939 2938 2940)
3(1571 1575 1569)
3(2960 2958 2964)
3(1146 1650 1148)
3(2535 2537 3039)
3(736 1885 1241)
3(2125 2630 3274)
3(596 1179 588)
3(1985 1977 2568)
3(1373 1635 614)
3(2762 2003 3024)
3(761 763 762)
3(2150 2151 2152)
3(671 1597 1585)
3(2060 2974 2986)
3(1091 1541 1536)
3(2480 2925 2930)
3(729 1241 1173)
3(2118 2562 2630)
3(1246 1868 1157)
3(2635 2546 3257)
3(1579 1646 1080)
3(2968 2469 3035)
3(1205 1633 793)
3(2594 2182 3022)
3(1316 1496 1154)
3(2705 2543 2885)
3(1268 1480 673)
3(2657 2062 2869)
3(54 1171 55)
3(312 313 2560)
3(910 1478 950)
3(2299 2339 2867)
3(1247 1495 659)
3(2636 2048 2884)
3(15 554 16)
3(273 274 1943)
3(1126 1859 1181)
3(2515 2570 3248)
3(791 1444 1304)
3(2180 2693 2833)
3(528 1238 1208)
3(1917 2597 2627)
3(1107 1844 1584)
3(2496 2973 3233)
3(719 1902 1659)
3(2108 3048 3291)
3(1060 1850 1058)
3(2449 2447 3239)
3(668 1226 583)
3(2057 1972 2615)
3(1239 1240 828)
3(2628 2217 2629)
3(965 1508 1124)
3(2354 2513 2897)
3(763 765 764)
3(2152 2153 2154)
3(679 1875 678)
3(2068 2067 3264)
3(1313 1733 968)
3(2702 2357 3122)
3(66 1212 552)
3(324 1941 2601)
3(1035 1037 1036)
3(2424 2425 2426)
3(1140 1683 1162)
3(2529 2551 3072)
3(733 1247 1031)
3(2122 2420 2636)
3(1399 1882 1242)
3(2788 2631 3271)
3(1204 1904 899)
3(2593 2288 3293)
3(683 1509 1217)
3(2072 2606 2898)
3(804 1425 1323)
3(2193 2712 2814)
3(529 1228 22)
3(1918 280 2617)
3(1847 1907 555)
3(3236 1944 3296)
3(1258 1675 613)
3(2647 2002 3064)
3(572 573 571)
3(1961 1960 1962)
3(534 1907 15)
3(1923 273 3296)
3(1351 1401 1255)
3(2740 2644 2790)
3(1347 1806 539)
3(2736 1928 3195)
3(655 656 654)
3(2044 2043 2045)
3(610 611 609)
3(1999 1998 2000)
3(1262 1263 57)
3(2651 315 2652)
3(765 767 766)
3(2154 2155 2156)
3(1204 1398 898)
3(2593 2287 2787)
3(21 529 22)
3(279 280 1918)
3(48 528 49)
3(306 307 1917)
3(790 1320 1220)
3(2179 2609 2709)
3(573 1872 711)
3(1962 2100 3261)
3(548 1334 1219)
3(1937 2608 2723)
3(15 1907 554)
3(273 1943 3296)
3(1237 1629 1374)
3(2626 2763 3018)
3(1296 1301 977)
3(2685 2366 2690)
3(612 616 611)
3(2001 2000 2005)
3(1069 1825 1067)
3(2458 2456 3214)
3(1147 1303 1146)
3(2536 2535 2692)
3(1706 1724 1644)
3(3095 3033 3113)
3(1058 1850 1098)
3(2447 2487 3239)
3(755 1269 796)
3(2144 2185 2658)
3(802 852 811)
3(2191 2200 2241)
3(1543 1653 1541)
3(2932 2930 3042)
3(1564 1566 1074)
3(2953 2463 2955)
3(1255 1416 559)
3(2644 1948 2805)
3(546 1507 1251)
3(1935 2640 2896)
3(1155 1216 1215)
3(2544 2604 2605)
3(767 769 768)
3(2156 2157 2158)
3(1034 1318 1263)
3(2423 2652 2707)
3(889 891 890)
3(2278 2279 2280)
3(746 748 744)
3(2135 2133 2137)
3(541 1587 1561)
3(1930 2950 2976)
3(1023 1835 1798)
3(2412 3187 3224)
3(1612 1832 540)
3(3001 1929 3221)
3(1319 1320 790)
3(2708 2179 2709)
3(1813 1886 1436)
3(3202 2825 3275)
3(18 1695 537)
3(276 1926 3084)
3(65 1212 66)
3(323 324 2601)
3(1135 1725 1158)
3(2524 2547 3114)
3(63 1915 1464)
3(321 2853 3304)
3(1536 1537 1534)
3(2925 2923 2926)
3(878 1631 1220)
3(2267 2609 3020)
3(1578 1771 1770)
3(2967 3159 3160)
3(997 1231 1002)
3(2386 2391 2620)
3(1031 1247 1035)
3(2420 2424 2636)
3(1822 1876 1535)
3(3211 2924 3265)
3(1592 1707 1107)
3(2981 2496 3096)
3(1077 1883 1072)
3(2466 2461 3272)
3(1596 1724 1571)
3(2985 2960 3113)
3(1177 1246 1101)
3(2566 2490 2635)
3(1121 1123 1120)
3(2510 2509 2512)
3(769 771 770)
3(2158 2159 2160)
3(573 711 575)
3(1962 1964 2100)
3(853 856 855)
3(2242 2244 2245)
3(1110 1267 1264)
3(2499 2653 2656)
3(1241 1885 1127)
3(2630 2516 3274)
3(1197 1832 1116)
3(2586 2505 3221)
3(1781 1828 1780)
3(3170 3169 3217)
3(1840 1915 63)
3(3229 321 3304)
3(680 1405 712)
3(2069 2101 2794)
3(1035 1268 1037)
3(2424 2426 2657)
3(954 1886 1415)
3(2343 2804 3275)
3(13 1290 1289)
3(271 2678 2679)
3(1237 1374 1335)
3(2626 2724 2763)
3(1221 1746 1443)
3(2610 2832 3135)
3(531 1484 1334)
3(1920 2723 2873)
3(1440 1814 713)
3(2829 2102 3203)
3(1031 1035 1033)
3(2420 2422 2424)
3(751 1477 753)
3(2140 2142 2866)
3(1113 1331 1114)
3(2502 2503 2720)
3(1796 1797 1795)
3(3185 3184 3186)
3(1125 1748 1285)
3(2514 2674 3137)
3(1290 1458 901)
3(2679 2290 2847)
3(1594 1715 1572)
3(2983 2961 3104)
3(1586 1624 1473)
3(2975 2862 3013)
3(999 1371 1000)
3(2388 2389 2760)
3(1263 1318 550)
3(2652 1939 2707)
3(1783 1860 1786)
3(3172 3175 3249)
3(1576 1577 1574)
3(2965 2963 2966)
3(52 1197 53)
3(310 311 2586)
3(1359 1910 1605)
3(2748 2994 3299)
3(944 1352 1297)
3(2333 2686 2741)
3(793 1633 778)
3(2182 2167 3022)
3(814 815 813)
3(2203 2202 2204)
3(924 1675 1258)
3(2313 2647 3064)
3(1136 1684 1161)
3(2525 2550 3073)
3(1260 1663 662)
3(2649 2051 3052)
3(221 1344 538)
3(374 1927 2733)
3(801 1485 1256)
3(2190 2645 2874)
3(1105 1825 1070)
3(2494 2459 3214)
3(862 1664 1216)
3(2251 2605 3053)
3(885 887 886)
3(2274 2275 2276)
3(817 1656 1445)
3(2206 2834 3045)
3(615 1681 1234)
3(2004 2623 3070)
3(1096 1867 1174)
3(2485 2563 3256)
3(840 1733 1313)
3(2229 2702 3122)
3(1084 1855 1102)
3(2473 2491 3244)
3(1584 1592 1107)
3(2973 2496 2981)
3(771 773 772)
3(2160 2161 2162)
3(1223 1702 1202)
3(2612 2591 3091)
3(818 819 815)
3(2207 2204 2208)
3(1059 1060 1058)
3(2448 2447 2449)
3(863 1690 859)
3(2252 2248 3079)
3(1144 1223 1199)
3(2533 2588 2612)
3(1245 1611 696)
3(2634 2085 3000)
3(20 1210 21)
3(278 279 2599)
3(1016 1672 1328)
3(2405 2717 3061)
3(535 1262 56)
3(1924 314 2651)
3(776 778 777)
3(2165 2166 2167)
3(619 1506 621)
3(2008 2010 2895)
3(1092 1883 1595)
3(2481 2984 3272)
3(773 776 774)
3(2162 2163 2165)
3(906 907 904)
3(2295 2293 2296)
3(1037 1144 1143)
3(2426 2532 2533)
3(856 858 857)
3(2245 2246 2247)
3(49 1208 50)
3(307 308 2597)
3(1054 1055 1050)
3(2443 2439 2444)
3(630 1739 616)
3(2019 2005 3128)
3(1569 1614 1565)
3(2958 2954 3003)
3(965 1124 962)
3(2354 2351 2513)
3(1331 1349 788)
3(2720 2177 2738)
3(841 1506 1310)
3(2230 2699 2895)
3(23 546 24)
3(281 282 1935)
3(1214 1812 1346)
3(2603 2735 3201)
3(1301 1871 589)
3(2690 1978 3260)
3(880 883 882)
3(2269 2271 2272)
3(529 1259 1229)
3(1918 2618 2648)
3(1040 1041 839)
3(2429 2228 2430)
3(1786 1791 1790)
3(3175 3179 3180)
3(1370 1705 892)
3(2759 2281 3094)
3(601 1389 1388)
3(1990 2777 2778)
3(1166 1192 1025)
3(2555 2414 2581)
3(1116 1738 1197)
3(2505 2586 3127)
3(1564 1608 1563)
3(2953 2952 2997)
3(648 1622 1539)
3(2037 2928 3011)
3(795 1491 761)
3(2184 2150 2880)
3(1187 1467 1288)
3(2576 2677 2856)
3(25 1251 531)
3(283 1920 2640)
3(876 880 879)
3(2265 2268 2269)
3(986 987 985)
3(2375 2374 2376)
3(1170 1490 1277)
3(2559 2666 2879)
3(1315 1841 854)
3(2704 2243 3230)
3(1372 1845 1003)
3(2761 2392 3234)
3(1076 1883 1552)
3(2465 2941 3272)
3(851 1273 1272)
3(2240 2661 2662)
3(1233 1619 893)
3(2622 2282 3008)
3(852 1205 853)
3(2241 2242 2594)
3(537 1253 1252)
3(1926 2641 2642)
3(1053 1742 1625)
3(2442 3014 3131)
3(22 1228 23)
3(280 281 2617)
3(546 1251 24)
3(1935 282 2640)
3(893 1620 1233)
3(2282 2622 3009)
3(965 1895 1427)
3(2354 2816 3284)
3(12 1731 1290)
3(270 2679 3120)
3(1233 1620 790)
3(2622 2179 3009)
3(771 1631 791)
3(2160 2180 3020)
3(559 1416 1409)
3(1948 2798 2805)
3(1617 1887 711)
3(3006 2100 3276)
3(1317 1318 1145)
3(2706 2534 2707)
3(1027 1810 1628)
3(2416 3017 3199)
3(1185 1710 1187)
3(2574 2576 3099)
3(1225 1249 603)
3(2614 1992 2638)
3(1415 1813 1446)
3(2804 2835 3202)
3(868 870 869)
3(2257 2258 2259)
3(1133 1670 1134)
3(2522 2523 3059)
3(954 1415 1414)
3(2343 2803 2804)
3(1256 1485 792)
3(2645 2181 2874)
3(1519 1873 1521)
3(2908 2910 3262)
3(1163 1674 1164)
3(2552 2553 3063)
3(839 1599 837)
3(2228 2226 2988)
3(1500 1502 1501)
3(2889 2890 2891)
3(866 868 867)
3(2255 2256 2257)
3(870 874 873)
3(2259 2262 2263)
3(617 618 616)
3(2006 2005 2007)
3(785 1323 1321)
3(2174 2710 2712)
3(1256 1462 801)
3(2645 2190 2851)
3(66 552 67)
3(324 325 1941)
3(59 550 60)
3(317 318 1939)
3(1000 1003 1001)
3(2389 2390 2392)
3(946 1890 1479)
3(2335 2868 3279)
3(980 1680 1178)
3(2369 2567 3069)
3(1229 1230 1228)
3(2618 2617 2619)
3(858 860 859)
3(2247 2248 2249)
3(778 780 779)
3(2167 2168 2169)
3(1202 1203 1201)
3(2591 2590 2592)
3(971 1359 1294)
3(2360 2683 2748)
3(1385 1386 1355)
3(2774 2744 2775)
3(578 581 580)
3(1967 1969 1970)
3(1242 1823 1399)
3(2631 2788 3212)
3(647 653 649)
3(2036 2038 2042)
3(1237 1806 882)
3(2626 2271 3195)
3(1512 1689 1153)
3(2901 2542 3078)
3(1279 1362 1234)
3(2668 2623 2751)
3(854 1841 811)
3(2243 2200 3230)
3(1444 1469 1304)
3(2833 2693 2858)
3(756 1729 1257)
3(2145 2646 3118)
3(749 750 748)
3(2138 2137 2139)
3(1295 1296 977)
3(2684 2366 2685)
3(1183 1185 1184)
3(2572 2573 2574)
3(943 948 942)
3(2332 2331 2337)
3(796 1842 1277)
3(2185 2666 3231)
3(995 1462 1256)
3(2384 2645 2851)
3(860 864 863)
3(2249 2252 2253)
3(70 1802 1022)
3(525 2411 3191)
3(1133 1705 1370)
3(2522 2759 3094)
3(707 826 686)
3(2096 2075 2215)
3(1223 1483 1482)
3(2612 2871 2872)
3(46 1288 47)
3(304 305 2677)
3(639 640 638)
3(2028 2027 2029)
3(554 1907 1847)
3(1943 3236 3296)
3(1181 1453 1126)
3(2570 2515 2842)
3(637 638 635)
3(2026 2024 2027)
3(748 1431 744)
3(2137 2133 2820)
3(1773 1838 1778)
3(3162 3167 3227)
3(14 1289 534)
3(272 1923 2678)
3(688 1280 690)
3(2077 2079 2669)
3(941 942 940)
3(2330 2329 2331)
3(560 1291 973)
3(1949 2362 2680)
3(1606 1636 1529)
3(2995 2918 3025)
3(908 909 907)
3(2297 2296 2298)
3(1396 1433 1196)
3(2785 2585 2822)
3(702 1698 1649)
3(2091 3038 3087)
3(1782 1816 1781)
3(3171 3170 3205)
3(827 828 826)
3(2216 2215 2217)
3(561 1453 1181)
3(1950 2570 2842)
3(1023 1802 72)
3(2412 523 3191)
3(937 1689 1512)
3(2326 2901 3078)
3(898 1904 1204)
3(2287 2593 3293)
3(581 583 582)
3(1970 1971 1972)
3(906 1890 946)
3(2295 2335 3279)
3(1344 1512 1153)
3(2733 2542 2901)
3(600 1881 603)
3(1989 1992 3270)
3(24 1251 25)
3(282 283 2640)
3(947 1882 1366)
3(2336 2755 3271)
3(1204 1836 1398)
3(2593 2787 3225)
3(60 1317 61)
3(318 319 2706)
3(548 1271 1270)
3(1937 2659 2660)
3(836 837 819)
3(2225 2208 2226)
3(1571 1724 1575)
3(2960 2964 3113)
3(1668 1669 985)
3(3057 2374 3058)
3(751 752 750)
3(2140 2139 2141)
3(613 1761 1279)
3(2002 2668 3150)
3(1062 1639 1538)
3(2451 2927 3028)
3(864 1808 863)
3(2253 2252 3197)
3(910 911 909)
3(2299 2298 2300)
3(1456 1892 983)
3(2845 2372 3281)
3(1389 1642 975)
3(2778 2364 3031)
3(1144 1483 1223)
3(2533 2612 2872)
3(915 1676 1129)
3(2304 2518 3065)
3(642 1598 640)
3(2031 2029 2987)
3(45 530 46)
3(303 304 1919)
3(548 1270 28)
3(1937 286 2659)
3(28 1270 29)
3(286 287 2659)
3(35 532 36)
3(293 294 1921)
3(27 548 28)
3(285 286 1937)
3(25 531 26)
3(283 284 1920)
3(37 549 38)
3(295 296 1938)
3(42 545 43)
3(300 301 1934)
3(42 1274 545)
3(300 1934 2663)
3(41 1274 42)
3(299 300 2663)
3(40 553 41)
3(298 299 1942)
3(553 1274 41)
3(1942 299 2663)
3(31 551 32)
3(289 290 1940)
3(32 1275 33)
3(290 291 2664)
3(33 547 34)
3(291 292 1936)
3(551 1275 32)
3(1940 290 2664)
3(33 1275 547)
3(291 1936 2664)
3(1081 1594 1588)
3(2470 2977 2983)
3(912 913 911)
3(2301 2300 2302)
3(1012 1879 1027)
3(2401 2416 3268)
3(1336 1740 551)
3(2725 1940 3129)
3(1160 1167 845)
3(2549 2234 2556)
3(560 973 543)
3(1949 1932 2362)
3(933 934 932)
3(2322 2321 2323)
3(62 1840 63)
3(320 321 3229)
3(690 1280 722)
3(2079 2111 2669)
3(722 740 737)
3(2111 2126 2129)
3(659 1480 1268)
3(2048 2657 2869)
3(583 1226 595)
3(1972 1984 2615)
3(550 1730 1263)
3(1939 2652 3119)
3(56 1262 57)
3(314 315 2651)
3(618 1648 630)
3(2007 2019 3037)
3(1555 1713 1579)
3(2944 2968 3102)
3(1329 1476 1418)
3(2718 2807 2865)
3(654 1651 1451)
3(2043 2840 3040)
3(675 1428 736)
3(2064 2125 2817)
3(742 1857 979)
3(2131 2368 3246)
3(935 936 934)
3(2324 2323 2325)
3(915 916 913)
3(2304 2302 2305)
3(94 1776 93)
3(501 502 3165)
3(826 1325 686)
3(2215 2075 2714)
3(1159 1213 978)
3(2548 2367 2602)
3(1213 1914 1274)
3(2602 2663 3303)
3(835 1159 978)
3(2224 2367 2548)
3(930 932 929)
3(2319 2318 2321)
3(891 1295 977)
3(2280 2366 2684)
3(707 827 826)
3(2096 2215 2216)
3(850 894 727)
3(2239 2116 2283)
3(753 754 752)
3(2142 2141 2143)
3(63 1464 64)
3(321 322 2853)
3(622 713 645)
3(2011 2034 2102)
3(701 732 728)
3(2090 2117 2121)
3(599 605 604)
3(1988 1993 1994)
3(978 1160 845)
3(2367 2234 2549)
3(1763 1872 1180)
3(3152 2569 3261)
3(1740 1856 551)
3(3129 1940 3245)
3(1178 1664 862)
3(2567 2251 3053)
3(619 620 618)
3(2008 2007 2009)
3(75 1805 74)
3(520 521 3194)
3(835 978 845)
3(2224 2234 2367)
3(1473 1624 160)
3(2862 435 3013)
3(576 702 592)
3(1965 1981 2091)
3(1177 1878 1246)
3(2566 2635 3267)
3(1541 1653 1537)
3(2930 2926 3042)
3(973 1889 17)
3(2362 275 3278)
3(921 922 916)
3(2310 2305 2311)
3(734 834 693)
3(2123 2082 2223)
3(804 1510 1425)
3(2193 2814 2899)
3(722 1280 740)
3(2111 2129 2669)
3(740 1149 737)
3(2129 2126 2538)
3(13 1289 14)
3(271 272 2678)
3(850 1219 894)
3(2239 2283 2608)
3(835 845 834)
3(2224 2223 2234)
3(1172 1887 1617)
3(2561 3006 3276)
3(1282 1293 833)
3(2671 2222 2682)
3(1035 1036 1033)
3(2424 2422 2425)
3(728 851 850)
3(2117 2239 2240)
3(728 850 727)
3(2117 2116 2239)
3(1188 1189 1186)
3(2577 2575 2578)
3(1327 1837 1162)
3(2716 2551 3226)
3(816 1141 1020)
3(2205 2409 2530)
3(1217 1218 1128)
3(2606 2517 2607)
3(701 728 727)
3(2090 2116 2117)
3(1149 1154 737)
3(2538 2126 2543)
3(924 925 922)
3(2313 2311 2314)
3(1517 1700 1265)
3(2906 2654 3089)
3(1037 1143 1036)
3(2426 2425 2532)
3(691 700 689)
3(2080 2078 2089)
3(844 968 832)
3(2233 2221 2357)
3(701 727 700)
3(2090 2089 2116)
3(700 1293 1282)
3(2089 2671 2682)
3(734 835 834)
3(2123 2223 2224)
3(712 1686 679)
3(2101 2068 3075)
3(722 737 734)
3(2111 2123 2126)
3(1045 1700 1699)
3(2434 3088 3089)
3(784 1845 1513)
3(2173 2902 3234)
3(926 927 925)
3(2315 2314 2316)
3(690 722 693)
3(2079 2082 2111)
3(1194 1454 1113)
3(2583 2502 2843)
3(996 1666 1231)
3(2385 2620 3055)
3(937 1356 1303)
3(2326 2692 2745)
3(690 691 689)
3(2079 2078 2080)
3(722 734 693)
3(2111 2082 2123)
3(1156 1315 854)
3(2545 2243 2704)
3(653 655 654)
3(2042 2043 2044)
3(1548 1912 1547)
3(2937 2936 3301)
3(1070 1825 1069)
3(2459 2458 3214)
3(691 701 700)
3(2080 2089 2090)
3(1200 1915 1840)
3(2589 3229 3304)
3(690 693 691)
3(2079 2080 2082)
3(1083 1084 1077)
3(2472 2466 2473)
3(667 1702 1482)
3(2056 2871 3091)
3(731 1687 1142)
3(2120 2531 3076)
3(835 1281 1159)
3(2224 2548 2670)
3(894 1293 727)
3(2283 2116 2682)
3(688 690 689)
3(2077 2078 2079)
3(1333 1493 957)
3(2722 2346 2882)
3(874 1812 873)
3(2263 2262 3201)
3(1167 1302 845)
3(2556 2234 2691)
3(755 756 754)
3(2144 2143 2145)
3(45 1316 530)
3(303 1919 2705)
3(739 1748 726)
3(2128 2115 3137)
3(1216 1865 1215)
3(2605 2604 3254)
3(734 1281 835)
3(2123 2224 2670)
3(688 689 687)
3(2077 2076 2078)
3(737 1281 734)
3(2126 2123 2670)
3(701 1286 732)
3(2090 2121 2675)
3(833 895 827)
3(2222 2216 2284)
3(1226 1227 595)
3(2615 1984 2616)
3(687 707 686)
3(2076 2075 2096)
3(1081 1870 1594)
3(2470 2983 3259)
3(1005 1248 1007)
3(2394 2396 2637)
3(1154 1281 737)
3(2543 2126 2670)
3(115 1608 114)
3(480 481 2997)
3(1371 1897 789)
3(2760 2178 3286)
3(1382 1865 1216)
3(2771 2605 3254)
3(1301 1705 977)
3(2690 2366 3094)
3(1090 1191 1177)
3(2479 2566 2580)
3(1473 1627 1586)
3(2862 2975 3016)
3(1602 1858 1124)
3(2991 2513 3247)
3(1328 1750 1016)
3(2717 2405 3139)
3(1786 1790 1783)
3(3175 3172 3179)
3(50 1407 51)
3(308 309 2796)
3(688 1287 1280)
3(2077 2669 2676)
3(685 688 687)
3(2074 2076 2077)
3(1158 1231 994)
3(2547 2383 2620)
3(1193 1796 1793)
3(2582 3182 3185)
3(1286 1302 732)
3(2675 2121 2691)
3(808 1841 961)
3(2197 2350 3230)
3(709 829 682)
3(2098 2071 2218)
3(27 1334 548)
3(285 1937 2723)
3(531 1334 26)
3(1920 284 2723)
3(1564 1614 1566)
3(2953 2955 3003)
3(539 1806 1335)
3(1928 2724 3195)
3(1009 1012 1011)
3(2398 2400 2401)
3(830 840 829)
3(2219 2218 2229)
3(685 686 666)
3(2074 2055 2075)
3(707 833 827)
3(2096 2216 2222)
3(640 1598 683)
3(2029 2072 2987)
3(628 1325 674)
3(2017 2063 2714)
3(700 1282 689)
3(2089 2078 2671)
3(899 1904 1298)
3(2288 2687 3293)
3(691 1286 701)
3(2080 2090 2675)
3(675 736 703)
3(2064 2092 2125)
3(689 1282 687)
3(2078 2076 2671)
3(29 1336 30)
3(287 288 2725)
3(38 1337 39)
3(296 297 2726)
3(969 1182 968)
3(2358 2357 2571)
3(1018 1019 1014)
3(2407 2403 2408)
3(51 1407 540)
3(309 1929 2796)
3(834 1286 693)
3(2223 2082 2675)
3(1018 1851 1019)
3(2407 2408 3240)
3(1236 1629 1235)
3(2625 2624 3018)
3(740 1305 1149)
3(2129 2538 2694)
3(656 1651 654)
3(2045 2043 3040)
3(1549 1912 1548)
3(2938 2937 3301)
3(682 1405 680)
3(2071 2069 2794)
3(693 1286 691)
3(2082 2080 2675)
3(687 1282 707)
3(2076 2096 2671)
3(1444 1631 878)
3(2833 2267 3020)
3(757 758 756)
3(2146 2145 2147)
3(627 706 665)
3(2016 2054 2095)
3(565 1181 569)
3(1954 1958 2570)
3(834 1302 1286)
3(2223 2675 2691)
3(1528 1530 1529)
3(2917 2918 2919)
3(1329 1418 793)
3(2718 2182 2807)
3(1648 1717 1038)
3(3037 2427 3106)
3(1063 1064 1060)
3(2452 2449 2453)
3(1163 1806 1674)
3(2552 3063 3195)
3(680 712 679)
3(2069 2068 2101)
3(729 1173 823)
3(2118 2212 2562)
3(1581 1590 1582)
3(2970 2971 2979)
3(707 1282 833)
3(2096 2222 2671)
3(801 1431 748)
3(2190 2137 2820)
3(1172 1617 1306)
3(2561 2695 3006)
3(1253 1846 991)
3(2642 2380 3235)
3(685 687 686)
3(2074 2075 2076)
3(918 1727 1140)
3(2307 2529 3116)
3(1413 1446 1411)
3(2802 2800 2835)
3(1562 1563 1561)
3(2951 2950 2952)
3(829 1621 1405)
3(2218 2794 3010)
3(833 1314 895)
3(2222 2284 2703)
3(572 1872 573)
3(1961 1962 3261)
3(666 1325 628)
3(2055 2017 2714)
3(1034 1263 1262)
3(2423 2651 2652)
3(1144 1199 1198)
3(2533 2587 2588)
3(1185 1186 1184)
3(2574 2573 2575)
3(759 760 758)
3(2148 2147 2149)
3(1003 1005 1004)
3(2392 2393 2394)
3(743 1431 1232)
3(2132 2621 2820)
3(899 1298 1191)
3(2288 2580 2687)
3(1293 1314 833)
3(2682 2222 2703)
3(1176 1779 1174)
3(2565 2563 3168)
3(587 1308 585)
3(1976 1974 2697)
3(1104 1850 1060)
3(2493 2449 3239)
3(1401 1711 1255)
3(2790 2644 3100)
3(761 762 760)
3(2150 2149 2151)
3(1095 1096 1094)
3(2484 2483 2485)
3(727 1293 700)
3(2116 2089 2682)
3(1472 1518 1517)
3(2861 2906 2907)
3(685 1287 688)
3(2074 2077 2676)
3(1106 1707 1592)
3(2495 2981 3096)
3(1218 1718 713)
3(2607 2102 3107)
3(566 699 564)
3(1955 1953 2088)
3(532 1423 36)
3(1921 294 2812)
3(37 1423 549)
3(295 1938 2812)
3(763 764 762)
3(2152 2151 2153)
3(1585 1715 671)
3(2974 2060 3104)
3(605 610 609)
3(1994 1998 1999)
3(1168 1390 1167)
3(2557 2556 2779)
3(603 1881 1225)
3(1992 2614 3270)
3(1779 1781 1780)
3(3168 3169 3170)
3(684 1287 685)
3(2073 2074 2676)
3(1331 1332 1114)
3(2720 2503 2721)
3(1085 1086 1084)
3(2474 2473 2475)
3(1205 1418 856)
3(2594 2245 2807)
3(1734 1827 650)
3(3123 2039 3216)
3(1189 1324 1186)
3(2578 2575 2713)
3(845 1302 834)
3(2234 2223 2691)
3(1187 1188 1186)
3(2576 2575 2577)
3(765 766 764)
3(2154 2153 2155)
3(1090 1665 1190)
3(2479 2579 3054)
3(1371 1372 1000)
3(2760 2389 2761)
3(540 1832 1197)
3(1929 2586 3221)
3(1774 1789 1088)
3(3163 2477 3178)
3(1185 1187 1186)
3(2574 2575 2576)
3(610 612 611)
3(1999 2000 2001)
3(946 1243 1242)
3(2335 2631 2632)
3(982 1711 1447)
3(2371 2836 3100)
3(1187 1288 1188)
3(2576 2577 2677)
3(702 1492 592)
3(2091 1981 2881)
3(44 1316 45)
3(302 303 2705)
3(1366 1478 947)
3(2755 2336 2867)
3(1588 1593 1081)
3(2977 2470 2982)
3(991 1245 723)
3(2380 2112 2634)
3(807 1309 797)
3(2196 2186 2698)
3(532 1647 1168)
3(1921 2557 3036)
3(1590 1653 1543)
3(2979 2932 3042)
3(125 1589 956)
3(470 2345 2978)
3(844 969 968)
3(2233 2357 2358)
3(1441 1628 783)
3(2830 2172 3017)
3(628 674 625)
3(2017 2014 2063)
3(767 768 766)
3(2156 2155 2157)
3(816 1020 809)
3(2205 2198 2409)
3(1536 1541 1537)
3(2925 2926 2930)
3(684 685 666)
3(2073 2055 2074)
3(1199 1201 1200)
3(2588 2589 2590)
3(1596 1679 1075)
3(2985 2464 3068)
3(47 1467 48)
3(305 306 2856)
3(64 1464 536)
3(322 1925 2853)
3(894 1314 1293)
3(2283 2682 2703)
3(1150 1240 1239)
3(2539 2628 2629)
3(724 847 825)
3(2113 2214 2236)
3(1071 1072 1070)
3(2460 2459 2461)
3(704 1465 705)
3(2093 2094 2854)
3(1321 1323 1002)
3(2710 2391 2712)
3(550 1317 60)
3(1939 318 2706)
3(1530 1533 1529)
3(2919 2918 2922)
3(969 1183 1182)
3(2358 2571 2572)
3(1116 1832 1117)
3(2505 2506 3221)
3(769 770 768)
3(2158 2157 2159)
3(1207 1685 1136)
3(2596 2525 3074)
3(645 1717 1292)
3(2034 2681 3106)
3(1588 1594 1572)
3(2977 2961 2983)
3(1767 1769 1768)
3(3156 3157 3158)
3(1188 1305 1189)
3(2577 2578 2694)
3(583 595 584)
3(1972 1973 1984)
3(733 1031 1030)
3(2122 2419 2420)
3(778 1633 780)
3(2167 2169 3022)
3(1219 1484 894)
3(2608 2283 2873)
3(743 1232 1038)
3(2132 2427 2621)
3(1671 1725 799)
3(3060 2188 3114)
3(961 1315 975)
3(2350 2364 2704)
3(859 1690 1132)
3(2248 2521 3079)
3(665 684 666)
3(2054 2055 2073)
3(681 710 708)
3(2070 2097 2099)
3(1284 1738 1116)
3(2673 2505 3127)
3(891 1637 1195)
3(2280 2584 3026)
3(962 1858 805)
3(2351 2194 3247)
3(26 1334 27)
3(284 285 2723)
3(1000 1001 998)
3(2389 2387 2390)
3(851 1452 1273)
3(2240 2662 2841)
3(568 1244 566)
3(1957 1955 2633)
3(723 1245 696)
3(2112 2085 2634)
3(907 1470 904)
3(2296 2293 2859)
3(1270 1336 29)
3(2659 287 2725)
3(549 1337 38)
3(1938 296 2726)
3(958 1150 959)
3(2347 2348 2539)
3(681 1657 710)
3(2070 2099 3046)
3(1236 1645 1361)
3(2625 2750 3034)
3(1254 1686 712)
3(2643 2101 3075)
3(1245 1846 1244)
3(2634 2633 3235)
3(1238 1712 1208)
3(2627 2597 3101)
3(1158 1322 1321)
3(2547 2710 2711)
3(972 1890 905)
3(2361 2294 3279)
3(903 1139 914)
3(2292 2303 2528)
3(665 666 628)
3(2054 2017 2055)
3(1568 1595 1102)
3(2957 2491 2984)
3(4 1503 1502)
3(10 2891 2892)
3(593 643 624)
3(1982 2013 2032)
3(594 669 587)
3(1983 1976 2058)
3(1235 1629 1237)
3(2624 2626 3018)
3(545 1819 1496)
3(1934 2885 3208)
3(648 1754 1622)
3(2037 3011 3143)
3(728 1452 851)
3(2117 2240 2841)
3(545 1496 43)
3(1934 301 2885)
3(919 1121 1120)
3(2308 2509 2510)
3(829 1405 682)
3(2218 2071 2794)
3(847 958 848)
3(2236 2237 2347)
3(1365 1478 1366)
3(2754 2755 2867)
3(888 889 887)
3(2277 2276 2278)
3(1198 1840 533)
3(2587 1922 3229)
3(902 1309 1139)
3(2291 2528 2698)
3(686 1325 666)
3(2075 2055 2714)
3(837 1599 846)
3(2226 2235 2988)
3(780 782 781)
3(2169 2170 2171)
3(807 1858 1602)
3(2196 2991 3247)
3(533 1840 62)
3(1922 320 3229)
3(986 1605 987)
3(2375 2376 2994)
3(641 642 640)
3(2030 2029 2031)
3(1202 1702 1439)
3(2591 2828 3091)
3(586 1312 593)
3(1975 1982 2701)
3(612 617 616)
3(2001 2005 2006)
3(18 1889 1695)
3(276 3084 3278)
3(863 1808 1355)
3(2252 2744 3197)
3(1186 1324 1184)
3(2575 2573 2713)
3(824 991 723)
3(2213 2112 2380)
3(637 639 638)
3(2026 2027 2028)
3(1461 1896 535)
3(2850 1924 3285)
3(669 1308 587)
3(2058 1976 2697)
3(771 772 770)
3(2160 2159 2161)
3(1445 1751 817)
3(2834 2206 3140)
3(841 1310 951)
3(2230 2340 2699)
3(736 1428 1260)
3(2125 2649 2817)
3(1144 1198 1143)
3(2533 2532 2587)
3(1158 1725 1322)
3(2547 2711 3114)
3(1625 1742 1623)
3(3014 3012 3131)
3(1272 1740 1271)
3(2661 2660 3129)
3(1778 1838 1174)
3(3167 2563 3227)
3(1449 1845 784)
3(2838 2173 3234)
3(627 665 628)
3(2016 2017 2054)
3(1578 1772 1771)
3(2967 3160 3161)
3(843 844 832)
3(2232 2221 2233)
3(581 582 580)
3(1970 1969 1971)
3(627 1375 706)
3(2016 2095 2764)
3(969 1712 1238)
3(2358 2627 3101)
3(1150 1239 959)
3(2539 2348 2628)
3(1099 1472 1471)
3(2488 2860 2861)
3(1242 1882 947)
3(2631 2336 3271)
3(613 1675 1353)
3(2002 2742 3064)
3(1167 1390 1302)
3(2556 2691 2779)
3(838 839 837)
3(2227 2226 2228)
3(1415 1886 1813)
3(2804 3202 3275)
3(900 1130 730)
3(2289 2119 2519)
3(1101 1692 1177)
3(2490 2566 3081)
3(1443 1463 1221)
3(2832 2610 2852)
3(106 1597 671)
3(489 2060 2986)
3(1251 1498 531)
3(2640 1920 2887)
3(1159 1914 1213)
3(2548 2602 3303)
3(709 830 829)
3(2098 2218 2219)
3(1310 1333 1311)
3(2699 2700 2722)
3(1252 1253 991)
3(2641 2380 2642)
3(1568 1569 1565)
3(2957 2954 2958)
3(745 979 798)
3(2134 2187 2368)
3(974 1445 1141)
3(2363 2530 2834)
3(1659 1857 719)
3(3048 2108 3246)
3(1378 1834 1148)
3(2767 2537 3223)
3(1241 1429 1173)
3(2630 2562 2818)
3(1767 1770 1769)
3(3156 3158 3159)
3(1312 1313 643)
3(2701 2032 2702)
3(778 779 777)
3(2167 2166 2168)
3(776 777 774)
3(2165 2163 2166)
3(773 774 772)
3(2162 2161 2163)
3(35 1647 532)
3(293 1921 3036)
3(547 1647 34)
3(1936 292 3036)
3(884 885 883)
3(2273 2272 2274)
3(713 1718 714)
3(2102 2103 3107)
3(710 1115 735)
3(2099 2124 2504)
3(1355 1808 1332)
3(2744 2721 3197)
3(958 959 848)
3(2347 2237 2348)
3(1303 1650 1146)
3(2692 2535 3039)
3(744 1431 743)
3(2133 2132 2820)
3(1513 1845 1372)
3(2902 2761 3234)
3(627 628 625)
3(2016 2014 2017)
3(806 814 813)
3(2195 2202 2203)
3(958 1826 1150)
3(2347 2539 3215)
3(1439 1702 1438)
3(2828 2827 3091)
3(631 841 662)
3(2020 2051 2230)
3(1649 1698 1224)
3(3038 2613 3087)
3(1604 1605 1097)
3(2993 2486 2994)
3(1250 1491 945)
3(2639 2334 2880)
3(621 622 620)
3(2010 2009 2011)
3(3 1730 59)
3(9 317 3119)
3(0 1731 12)
3(6 270 3120)
3(67 1731 0)
3(325 6 3120)
3(58 1730 3)
3(316 9 3119)
3(1473 1661 1627)
3(2862 3016 3050)
3(1548 1830 1550)
3(2937 2939 3219)
3(1298 1878 1191)
3(2687 2580 3267)
3(1078 1593 1591)
3(2467 2980 2982)
3(1409 1416 1410)
3(2798 2799 2805)
3(866 1304 868)
3(2255 2257 2693)
3(1108 1877 1041)
3(2497 2430 3266)
3(593 1312 643)
3(1982 2032 2701)
3(1215 1299 1156)
3(2604 2545 2688)
3(841 951 842)
3(2230 2231 2340)
3(724 1300 847)
3(2113 2236 2689)
3(538 1344 1343)
3(1927 2732 2733)
3(1202 1755 1203)
3(2591 2592 3144)
3(1287 1760 1280)
3(2676 2669 3149)
3(1031 1033 1032)
3(2420 2421 2422)
3(1628 1810 1248)
3(3017 2637 3199)
3(697 1300 724)
3(2086 2113 2689)
3(624 627 625)
3(2013 2014 2016)
3(1 1744 31)
3(7 289 3133)
3(39 1745 2)
3(297 8 3134)
3(2 1745 40)
3(8 298 3134)
3(30 1744 1)
3(288 7 3133)
3(1179 1180 588)
3(2568 1977 2569)
3(655 660 656)
3(2044 2045 2049)
3(1271 1740 1270)
3(2660 2659 3129)
3(1467 1710 528)
3(2856 1917 3099)
3(950 1673 1341)
3(2339 2730 3062)
3(1283 1284 739)
3(2672 2128 2673)
3(935 1853 936)
3(2324 2325 3242)
3(875 876 874)
3(2264 2263 2265)
3(1593 1634 1081)
3(2982 2470 3023)
3(676 1417 644)
3(2065 2033 2806)
3(1302 1390 732)
3(2691 2121 2779)
3(1285 1748 739)
3(2674 2128 3137)
3(692 1451 1169)
3(2081 2558 2840)
3(847 848 825)
3(2236 2214 2237)
3(36 1423 37)
3(294 295 2812)
3(843 960 844)
3(2232 2233 2349)
3(639 641 640)
3(2028 2029 2030)
3(955 1516 1246)
3(2344 2635 2905)
3(948 1195 1112)
3(2337 2501 2584)
3(1173 1383 823)
3(2562 2212 2772)
3(1130 1728 1465)
3(2519 2854 3117)
3(1275 1891 547)
3(2664 1936 3280)
3(661 664 663)
3(2050 2052 2053)
3(44 1496 1316)
3(302 2705 2885)
3(550 1318 1317)
3(1939 2706 2707)
3(831 832 830)
3(2220 2219 2221)
3(668 1820 1226)
3(2057 2615 3209)
3(873 1812 1214)
3(2262 2603 3201)
3(1037 1483 1144)
3(2426 2533 2872)
3(1439 1755 1202)
3(2828 2591 3144)
3(1165 1765 1025)
3(2554 2414 3154)
3(1110 1824 1267)
3(2499 2656 3213)
3(624 625 594)
3(2013 1983 2014)
3(583 584 582)
3(1972 1971 1973)
3(710 735 708)
3(2099 2097 2124)
3(865 866 864)
3(2254 2253 2255)
3(978 1749 1160)
3(2367 2549 3138)
3(1116 1117 735)
3(2505 2124 2506)
3(1442 1628 1441)
3(2831 2830 3017)
3(603 1179 596)
3(1992 1985 2568)
3(1519 1521 1520)
3(2908 2909 2910)
3(817 1751 1433)
3(2206 2822 3140)
3(831 843 832)
3(2220 2221 2232)
3(738 739 726)
3(2127 2115 2128)
3(566 1244 699)
3(1955 2088 2633)
3(1221 1737 1021)
3(2610 2410 3126)
3(856 1418 858)
3(2245 2247 2807)
3(1472 1764 1519)
3(2861 2908 3153)
3(621 1506 631)
3(2010 2020 2895)
3(1005 1007 1006)
3(2394 2395 2396)
3(243 1347 242)
3(352 353 2736)
3(1515 1881 600)
3(2904 1989 3270)
3(730 1465 704)
3(2119 2093 2854)
3(1019 1851 1021)
3(2408 2410 3240)
3(241 1335 240)
3(354 355 2724)
3(1793 1795 1791)
3(3182 3180 3184)
3(1007 1810 1009)
3(2396 2398 3199)
3(1003 1004 1001)
3(2392 2390 2393)
3(48 1467 528)
3(306 1917 2856)
3(242 539 241)
3(353 354 1928)
3(96 542 95)
3(499 500 1931)
3(1290 1731 552)
3(2679 1941 3120)
3(1137 1681 1207)
3(2526 2596 3070)
3(1570 1573 1572)
3(2959 2961 2962)
3(1150 1826 1307)
3(2539 2696 3215)
3(1365 1673 950)
3(2754 2339 3062)
3(251 1349 250)
3(344 345 2738)
3(249 1338 248)
3(346 347 2727)
3(1091 1542 1541)
3(2480 2930 2931)
3(179 559 178)
3(416 417 1948)
3(1604 1900 987)
3(2993 2376 3289)
3(1348 1837 1327)
3(2737 2716 3226)
3(117 541 116)
3(478 479 1930)
3(221 538 220)
3(374 375 1927)
3(1029 1723 1719)
3(2418 3108 3112)
3(245 1345 244)
3(350 351 2734)
3(1297 1834 944)
3(2686 2333 3223)
3(1552 1830 1076)
3(2941 2465 3219)
3(1527 1759 1525)
3(2916 2914 3148)
3(955 1878 1298)
3(2344 2687 3267)
3(247 1350 246)
3(348 349 2739)
3(250 597 249)
3(345 346 1986)
3(564 1291 560)
3(1953 1949 2680)
3(267 601 266)
3(328 329 1990)
3(709 831 830)
3(2098 2219 2220)
3(220 1342 219)
3(375 376 2731)
3(1300 1430 847)
3(2689 2236 2819)
3(1121 1508 1123)
3(2510 2512 2897)
3(253 1354 252)
3(342 343 2743)
3(231 589 230)
3(364 365 1978)
3(593 624 594)
3(1982 1983 2013)
3(263 602 262)
3(332 333 1991)
3(1087 1829 90)
3(2476 505 3218)
3(1617 1672 1017)
3(3006 2406 3061)
3(1100 1874 1576)
3(2489 2965 3263)
3(1055 1059 1058)
3(2444 2447 2448)
3(236 591 235)
3(359 360 1980)
3(230 1352 229)
3(365 366 2741)
3(1390 1452 732)
3(2779 2121 2841)
3(196 562 195)
3(399 400 1951)
3(1689 1853 1153)
3(3078 2542 3242)
3(235 1358 234)
3(360 361 2747)
3(821 1905 1667)
3(2210 3056 3294)
3(1043 1209 1103)
3(2432 2492 2598)
3(617 619 618)
3(2006 2007 2008)
3(936 940 939)
3(2325 2328 2329)
3(1526 1527 1525)
3(2915 2914 2916)
3(234 1370 233)
3(361 362 2759)
3(646 647 642)
3(2035 2031 2036)
3(904 1470 800)
3(2293 2189 2859)
3(226 590 225)
3(369 370 1979)
3(207 1380 206)
3(388 389 2769)
3(225 1356 224)
3(370 371 2745)
3(237 1360 236)
3(358 359 2749)
3(238 1384 237)
3(357 358 2773)
3(252 788 251)
3(343 344 2177)
3(240 1374 239)
3(355 356 2763)
3(246 598 245)
3(349 350 1987)
3(228 1378 227)
3(367 368 2767)
3(206 563 205)
3(389 390 1952)
3(1049 1054 1050)
3(2438 2439 2443)
3(215 1362 214)
3(380 381 2751)
3(244 881 243)
3(351 352 2270)
3(212 1353 211)
3(383 384 2742)
3(255 1385 254)
3(340 341 2774)
3(233 892 232)
3(362 363 2281)
3(211 1373 210)
3(384 385 2762)
3(957 1743 1333)
3(2346 2722 3132)
3(218 1377 217)
3(377 378 2766)
3(1296 1871 1301)
3(2685 2690 3260)
3(227 1357 226)
3(368 369 2746)
3(1764 1852 1050)
3(3153 2439 3241)
3(721 986 985)
3(2110 2374 2375)
3(239 877 238)
3(356 357 2266)
3(205 1340 204)
3(390 391 2729)
3(254 775 253)
3(341 342 2164)
3(248 871 247)
3(347 348 2260)
3(570 1698 576)
3(1959 1965 3087)
3(213 613 212)
3(382 383 2002)
3(257 1379 256)
3(338 339 2768)
3(967 1456 983)
3(2356 2372 2845)
3(1542 1560 1546)
3(2931 2935 2949)
3(258 557 257)
3(337 338 1946)
3(209 1363 208)
3(386 387 2752)
3(216 615 215)
3(379 380 2004)
3(229 944 228)
3(366 367 2333)
3(643 1375 624)
3(2032 2013 2764)
3(1355 1690 863)
3(2744 2252 3079)
3(552 1458 1290)
3(1941 2679 2847)
3(224 937 223)
3(371 372 2326)
3(1534 1639 1533)
3(2923 2922 3028)
3(953 1470 907)
3(2342 2296 2859)
3(1193 1817 1192)
3(2582 2581 3206)
3(839 1877 1599)
3(2228 2988 3266)
3(708 709 682)
3(2097 2071 2098)
3(219 931 218)
3(376 377 2320)
3(1719 1720 1029)
3(3108 2418 3109)
3(848 849 825)
3(2237 2214 2238)
3(1092 1568 1567)
3(2481 2956 2957)
3(256 861 255)
3(339 340 2250)
3(210 614 209)
3(385 386 2003)
3(262 1382 261)
3(333 334 2771)
3(593 594 587)
3(1982 1976 1983)
3(1552 1869 1553)
3(2941 2942 3258)
3(259 1387 258)
3(336 337 2776)
3(1546 1548 1547)
3(2935 2936 2937)
3(895 1741 827)
3(2284 2216 3130)
3(204 1364 203)
3(391 392 2753)
3(586 593 587)
3(1975 1976 1982)
3(1472 1519 1518)
3(2861 2907 2908)
3(1012 1014 1013)
3(2401 2402 2403)
3(1139 1326 914)
3(2528 2303 2715)
3(681 708 682)
3(2070 2071 2097)
3(1232 1641 630)
3(2621 2019 3030)
3(1115 1116 735)
3(2504 2124 2505)
3(814 818 815)
3(2203 2204 2207)
3(260 1402 259)
3(335 336 2791)
3(847 1430 958)
3(2236 2347 2819)
3(818 836 819)
3(2207 2208 2225)
3(1143 1145 1036)
3(2532 2425 2534)
3(1303 1689 937)
3(2692 2326 3078)
3(208 917 207)
3(387 388 2306)
3(178 1409 177)
3(417 418 2798)
3(1184 1708 706)
3(2573 2095 3097)
3(1546 1560 1105)
3(2935 2494 2949)
3(195 1369 194)
3(400 401 2758)
3(660 661 656)
3(2049 2045 2050)
3(1310 1311 951)
3(2699 2340 2700)
3(1335 1806 1237)
3(2724 2626 3195)
3(261 872 260)
3(334 335 2261)
3(1153 1853 935)
3(2542 2324 3242)
3(732 1452 728)
3(2121 2117 2841)
3(927 929 928)
3(2316 2317 2318)
3(698 1888 1298)
3(2087 2687 3277)
3(584 586 585)
3(1973 1974 1975)
3(1304 1709 791)
3(2693 2180 3098)
3(1005 1449 1248)
3(2394 2637 2838)
3(200 1399 199)
3(395 396 2788)
3(1623 1901 648)
3(3012 2037 3290)
3(586 587 585)
3(1975 1974 1976)
3(180 1351 179)
3(415 416 2740)
3(1482 1702 1223)
3(2871 2612 3091)
3(599 1492 605)
3(1988 1994 2881)
3(1573 1576 1574)
3(2962 2963 2965)
3(624 1375 627)
3(2013 2016 2764)
3(264 1419 263)
3(331 332 2808)
3(724 825 824)
3(2113 2213 2214)
3(202 1397 201)
3(393 394 2786)
3(266 1388 265)
3(329 330 2777)
3(1105 1548 1546)
3(2494 2935 2937)
3(1199 1200 1198)
3(2588 2587 2589)
3(197 1327 196)
3(398 399 2716)
3(184 608 183)
3(411 412 1997)
3(1193 1799 1796)
3(2582 3185 3188)
3(1732 1741 1230)
3(3121 2619 3130)
3(1033 1034 1032)
3(2422 2421 2423)
3(704 705 676)
3(2093 2065 2094)
3(1538 1827 1734)
3(2927 3123 3216)
3(188 606 187)
3(407 408 1995)
3(1031 1032 1030)
3(2420 2419 2421)
3(1230 1507 546)
3(2619 1935 2896)
3(994 1666 629)
3(2383 2018 3055)
3(619 621 620)
3(2008 2009 2010)
3(1557 1561 1556)
3(2946 2945 2950)
3(1021 1737 1630)
3(2410 3019 3126)
3(1075 1724 1596)
3(2464 2985 3113)
3(992 1739 995)
3(2381 2384 3128)
3(824 1252 991)
3(2213 2380 2641)
3(1322 1725 1671)
3(2711 3060 3114)
3(198 1348 197)
3(397 398 2737)
3(181 1401 180)
3(414 415 2790)
3(203 787 202)
3(392 393 2176)
3(1196 1751 974)
3(2585 2363 3140)
3(1542 1546 1545)
3(2931 2934 2935)
3(1093 1839 1576)
3(2482 2965 3228)
3(1548 1550 1549)
3(2937 2938 2939)
3(664 672 670)
3(2053 2059 2061)
3(183 1403 182)
3(412 413 2792)
3(733 1030 738)
3(2122 2127 2419)
3(189 1367 188)
3(406 407 2756)
3(631 1506 841)
3(2020 2230 2895)
3(185 1393 184)
3(410 411 2782)
3(199 786 198)
3(396 397 2175)
3(187 1400 186)
3(408 409 2789)
3(194 920 193)
3(401 402 2309)
3(573 575 574)
3(1962 1963 1964)
3(192 607 191)
3(403 404 1996)
3(1164 1674 1643)
3(2553 3032 3063)
3(1405 1486 712)
3(2794 2101 2875)
3(1267 1824 1103)
3(2656 2492 3213)
3(193 1376 192)
3(402 403 2765)
3(1796 1799 1798)
3(3185 3187 3188)
3(1780 1789 1775)
3(3169 3164 3178)
3(681 682 680)
3(2070 2069 2071)
3(268 1396 267)
3(327 328 2785)
3(632 633 623)
3(2021 2012 2022)
3(190 1122 189)
3(405 406 2511)
3(191 1391 190)
3(404 405 2780)
3(98 1768 97)
3(497 498 3157)
3(1226 1820 1152)
3(2615 2541 3209)
3(177 984 176)
3(418 419 2373)
3(823 901 900)
3(2212 2289 2290)
3(182 964 181)
3(413 414 2353)
3(1392 1703 1119)
3(2781 2508 3092)
3(575 578 577)
3(1964 1966 1967)
3(1175 1867 1096)
3(2564 2485 3256)
3(186 966 185)
3(409 410 2355)
3(1315 1762 975)
3(2704 2364 3151)
3(1309 1752 1139)
3(2698 2528 3141)
3(1281 1819 1159)
3(2670 2548 3208)
3(265 976 264)
3(330 331 2365)
3(872 1664 1402)
3(2261 2791 3053)
3(1433 1751 1196)
3(2822 2585 3140)
3(1550 1552 1551)
3(2939 2940 2941)
3(201 747 200)
3(394 395 2136)
3(1050 1916 1764)
3(2439 3153 3305)
3(1250 1618 794)
3(2639 2183 3007)
3(950 1478 1365)
3(2339 2754 2867)
3(1294 1509 683)
3(2683 2072 2898)
3(584 585 582)
3(1973 1971 1974)
3(1246 1878 955)
3(2635 2344 3267)
3(1496 1819 1154)
3(2885 2543 3208)
3(1243 1823 1242)
3(2632 2631 3212)
3(1592 1694 1106)
3(2981 2495 3083)
3(1795 1800 1791)
3(3184 3180 3189)
3(946 1479 1243)
3(2335 2632 2868)
3(1007 1009 1008)
3(2396 2397 2398)
3(1591 1766 1613)
3(2980 3002 3155)
3(175 716 174)
3(420 421 2105)
3(1381 1697 1676)
3(2770 3065 3086)
3(176 1420 175)
3(419 420 2809)
3(979 1658 798)
3(2368 2187 3047)
3(1244 1846 699)
3(2633 2088 3235)
3(672 678 677)
3(2061 2066 2067)
3(743 1038 741)
3(2132 2130 2427)
3(1042 1043 1041)
3(2431 2430 2432)
3(1525 1758 1524)
3(2914 2913 3147)
3(578 580 579)
3(1967 1968 1969)
3(1010 1672 1016)
3(2399 2405 3061)
3(807 1752 1309)
3(2196 2698 3141)
3(953 1487 1455)
3(2342 2844 2876)
3(738 1283 739)
3(2127 2128 2672)
3(885 888 887)
3(2274 2276 2277)
3(646 673 647)
3(2035 2036 2062)
3(725 733 726)
3(2114 2115 2122)
3(641 646 642)
3(2030 2031 2035)
3(579 696 577)
3(1968 1966 2085)
3(573 574 571)
3(1962 1960 1963)
3(914 1326 919)
3(2303 2308 2715)
3(269 1433 268)
3(326 327 2822)
3(634 635 633)
3(2023 2022 2024)
3(1196 1642 1396)
3(2585 2785 3031)
3(1573 1632 1093)
3(2962 2482 3021)
3(1305 1760 1189)
3(2694 2578 3149)
3(1129 1697 1635)
3(2518 3024 3086)
3(592 1492 599)
3(1981 1988 2881)
3(174 1422 173)
3(421 422 2811)
3(678 680 679)
3(2067 2068 2069)
3(636 637 635)
3(2025 2024 2026)
3(1779 1780 1775)
3(3168 3164 3169)
3(697 1899 1300)
3(2086 2689 3288)
3(780 781 779)
3(2169 2168 2170)
3(1785 1815 87)
3(3174 508 3204)
3(705 1417 676)
3(2094 2065 2806)
3(169 820 5)
3(426 11 2209)
3(1471 1517 1265)
3(2860 2654 2906)
3(1190 1191 1090)
3(2579 2479 2580)
3(1165 1192 1096)
3(2554 2485 2581)
3(880 884 883)
3(2269 2272 2273)
3(823 900 730)
3(2212 2119 2289)
3(575 577 574)
3(1964 1963 1966)
3(1130 1465 730)
3(2519 2119 2854)
3(1343 1344 1153)
3(2732 2542 2733)
3(733 738 726)
3(2122 2115 2127)
3(660 725 695)
3(2049 2084 2114)
3(1672 1763 1328)
3(3061 2717 3152)
3(1406 1621 840)
3(2795 2229 3010)
3(1269 1842 796)
3(2658 2185 3231)
3(571 1408 568)
3(1960 1957 2797)
3(1398 1836 1474)
3(2787 2863 3225)
3(578 579 577)
3(1967 1966 1968)
3(1772 1774 1771)
3(3161 3160 3163)
3(828 1741 1732)
3(2217 3121 3130)
3(568 1408 1244)
3(1957 2633 2797)
3(636 675 644)
3(2025 2033 2064)
3(1179 1328 1180)
3(2568 2569 2717)
3(575 1887 578)
3(1964 1967 3276)
3(4 817 269)
3(10 326 2206)
3(641 667 646)
3(2030 2035 2056)
3(1123 1426 1368)
3(2512 2757 2815)
3(1200 1840 1198)
3(2589 2587 3229)
3(114 1074 113)
3(481 482 2463)
3(1141 1222 1020)
3(2530 2409 2611)
3(1117 1421 735)
3(2506 2124 2810)
3(844 1712 969)
3(2233 2358 3101)
3(170 1434 169)
3(425 426 2823)
3(919 1326 1121)
3(2308 2510 2715)
3(823 1383 901)
3(2212 2290 2772)
3(1057 1873 1519)
3(2446 2908 3262)
3(729 823 730)
3(2118 2119 2212)
3(168 1264 1045)
3(427 2434 2653)
3(870 875 874)
3(2259 2263 2264)
3(1127 1429 1241)
3(2516 2630 2818)
3(828 1732 1239)
3(2217 2628 3121)
3(653 659 655)
3(2042 2044 2048)
3(173 1448 172)
3(422 423 2837)
3(841 842 662)
3(2230 2051 2231)
3(1018 1746 1221)
3(2407 2610 3135)
3(948 1112 942)
3(2337 2331 2501)
3(1417 1437 644)
3(2806 2033 2826)
3(99 1082 98)
3(496 497 2471)
3(636 644 637)
3(2025 2026 2033)
3(888 893 889)
3(2277 2278 2282)
3(1553 1556 1555)
3(2942 2944 2945)
3(987 1605 1604)
3(2376 2993 2994)
3(1055 1514 1059)
3(2444 2448 2903)
3(951 952 842)
3(2340 2231 2341)
3(1156 1762 1315)
3(2545 2704 3151)
3(531 1498 1484)
3(1920 2873 2887)
3(43 1496 44)
3(301 302 2885)
3(1059 1063 1060)
3(2448 2449 2452)
3(926 1862 927)
3(2315 2316 3251)
3(1123 1427 1426)
3(2512 2815 2816)
3(1123 1508 1427)
3(2512 2816 2897)
3(840 1621 829)
3(2229 2218 3010)
3(669 1430 1308)
3(2058 2697 2819)
3(860 865 864)
3(2249 2253 2254)
3(171 1435 170)
3(424 425 2824)
3(93 1776 1088)
3(502 2477 3165)
3(114 1608 1074)
3(481 2463 2997)
3(1577 1767 1766)
3(2966 3155 3156)
3(1536 1876 1091)
3(2925 2480 3265)
3(1094 1854 1086)
3(2483 2475 3243)
3(724 824 723)
3(2113 2112 2213)
3(1147 1853 1689)
3(2536 3078 3242)
3(1021 1024 1019)
3(2410 2408 2413)
3(1292 1717 1648)
3(2681 3037 3106)
3(172 715 171)
3(423 424 2104)
3(793 1418 1205)
3(2182 2594 2807)
3(709 1421 831)
3(2098 2220 2810)
3(634 636 635)
3(2023 2024 2025)
3(1434 1849 820)
3(2823 2209 3238)
3(901 1458 900)
3(2290 2289 2847)
3(989 1605 986)
3(2378 2375 2994)
3(750 801 748)
3(2139 2137 2190)
3(703 729 704)
3(2092 2093 2118)
3(1511 1513 1372)
3(2900 2761 2902)
3(884 1319 885)
3(2273 2274 2708)
3(1602 1752 807)
3(2991 2196 3141)
3(697 724 723)
3(2086 2112 2113)
3(1539 1625 1623)
3(2928 3012 3014)
3(735 1421 708)
3(2124 2097 2810)
3(657 1805 75)
3(2046 520 3194)
3(843 1612 960)
3(2232 2349 3001)
3(1510 1897 1425)
3(2899 2814 3286)
3(97 1769 96)
3(498 499 3158)
3(1034 1753 1318)
3(2423 2707 3142)
3(1176 1781 1779)
3(2565 3168 3170)
3(861 1386 1385)
3(2250 2774 2775)
3(740 1760 1305)
3(2129 2694 3149)
3(1575 1614 1569)
3(2964 2958 3003)
3(964 1711 1401)
3(2353 2790 3100)
3(995 1641 1462)
3(2384 2851 3030)
3(1121 1602 1508)
3(2510 2897 2991)
3(697 723 696)
3(2086 2085 2112)
3(217 1600 216)
3(378 379 2989)
3(998 1515 626)
3(2387 2015 2904)
3(708 1421 709)
3(2097 2098 2810)
3(1040 1042 1041)
3(2429 2430 2431)
3(936 939 934)
3(2325 2323 2328)
3(1421 1655 831)
3(2810 2220 3044)
3(1365 1366 787)
3(2754 2176 2755)
3(1005 1006 1004)
3(2394 2393 2395)
3(932 1339 929)
3(2321 2318 2728)
3(729 730 704)
3(2118 2093 2119)
3(1211 1894 1450)
3(2600 2839 3283)
3(675 703 676)
3(2064 2065 2092)
3(1318 1753 1145)
3(2707 2534 3142)
3(1126 1127 990)
3(2515 2379 2516)
3(754 792 752)
3(2143 2141 2181)
3(1234 1681 1137)
3(2623 2526 3070)
3(643 1756 1375)
3(2032 2764 3145)
3(809 810 803)
3(2198 2192 2199)
3(938 1277 928)
3(2327 2317 2666)
3(801 1462 1431)
3(2190 2820 2851)
3(875 878 876)
3(2264 2265 2267)
3(968 1756 1313)
3(2357 2702 3145)
3(100 1613 99)
3(495 496 3002)
3(989 1509 1359)
3(2378 2748 2898)
3(1558 1559 1549)
3(2947 2938 2948)
3(909 953 907)
3(2298 2296 2342)
3(93 1088 92)
3(502 503 2477)
3(849 1450 825)
3(2238 2214 2839)
3(952 1126 990)
3(2341 2379 2515)
3(537 1695 1253)
3(1926 2642 3084)
3(725 726 695)
3(2114 2084 2115)
3(706 1708 665)
3(2095 2054 3097)
3(913 923 911)
3(2302 2300 2312)
3(760 799 758)
3(2149 2147 2188)
3(865 1329 896)
3(2254 2285 2718)
3(959 1861 1259)
3(2348 2648 3250)
3(1523 1532 1526)
3(2912 2915 2921)
3(660 695 661)
3(2049 2050 2084)
3(632 634 633)
3(2021 2022 2023)
3(922 1170 916)
3(2311 2305 2559)
3(766 785 764)
3(2155 2153 2174)
3(1659 1905 821)
3(3048 2210 3294)
3(785 1497 1323)
3(2174 2712 2886)
3(966 1395 1394)
3(2355 2783 2784)
3(579 697 696)
3(1968 2085 2086)
3(927 928 925)
3(2316 2314 2317)
3(875 1444 878)
3(2264 2267 2833)
3(106 671 105)
3(489 490 2060)
3(865 896 866)
3(2254 2255 2285)
3(222 1512 1344)
3(373 2733 2901)
3(1600 1681 615)
3(2989 2004 3070)
3(1072 1083 1077)
3(2461 2466 2472)
3(1017 1672 1010)
3(2406 2399 3061)
3(634 1428 636)
3(2023 2025 2817)
3(884 1320 1319)
3(2273 2708 2709)
3(1417 1438 1437)
3(2806 2826 2827)
3(703 704 676)
3(2092 2065 2093)
3(1375 1756 1182)
3(2764 2571 3145)
3(1678 1706 1073)
3(3067 2462 3095)
3(1519 1764 1057)
3(2908 2446 3153)
3(1064 1069 1067)
3(2453 2456 2458)
3(678 681 680)
3(2067 2069 2070)
3(782 783 781)
3(2171 2170 2172)
3(836 838 837)
3(2225 2226 2227)
3(952 990 842)
3(2341 2231 2379)
3(605 957 610)
3(1994 1999 2346)
3(1261 1868 1765)
3(2650 3154 3257)
3(1323 1497 804)
3(2712 2193 2886)
3(892 1705 1301)
3(2281 2690 3094)
3(1001 1515 998)
3(2390 2387 2904)
3(1141 1499 1222)
3(2530 2611 2888)
3(940 945 939)
3(2329 2328 2334)
3(1798 1801 1023)
3(3187 2412 3190)
3(1162 1837 1479)
3(2551 2868 3226)
3(1523 1525 1524)
3(2912 2913 2914)
3(1387 1402 1178)
3(2776 2567 2791)
3(1164 1643 1346)
3(2553 2735 3032)
3(774 789 772)
3(2163 2161 2178)
3(1311 1457 951)
3(2700 2340 2846)
3(1412 1413 1411)
3(2801 2800 2802)
3(103 1081 102)
3(492 493 2470)
3(1479 1837 1243)
3(2868 2632 3226)
3(86 658 85)
3(509 510 2047)
3(1117 1655 1421)
3(2506 2810 3044)
3(633 1440 623)
3(2022 2012 2829)
3(1410 1411 984)
3(2799 2373 2800)
3(896 1304 866)
3(2285 2255 2693)
3(1162 1479 972)
3(2551 2361 2868)
3(1844 1908 1584)
3(3233 2973 3297)
3(1004 1225 1001)
3(2393 2390 2614)
3(76 657 75)
3(519 520 2046)
3(102 1634 101)
3(493 494 3023)
3(119 1554 118)
3(476 477 2943)
3(770 804 768)
3(2159 2157 2193)
3(1431 1462 1232)
3(2820 2621 2851)
3(1176 1782 1781)
3(2565 3170 3171)
3(621 623 622)
3(2010 2011 2012)
3(1526 1528 1527)
3(2915 2916 2917)
3(1553 1557 1556)
3(2942 2945 2946)
3(1065 1876 1822)
3(2454 3211 3265)
3(1022 1802 1504)
3(2411 2893 3191)
3(951 1457 952)
3(2340 2341 2846)
3(124 1638 123)
3(471 472 3027)
3(683 1598 1294)
3(2072 2683 2987)
3(699 1291 564)
3(2088 1953 2680)
3(605 1492 957)
3(1994 2346 2881)
3(109 1075 108)
3(486 487 2464)
3(223 1512 222)
3(372 373 2901)
3(894 1484 1314)
3(2283 2703 2873)
3(101 1078 100)
3(494 495 2467)
3(125 956 124)
3(470 471 2345)
3(1314 1498 895)
3(2703 2284 2887)
3(675 676 644)
3(2064 2033 2065)
3(1098 1532 1523)
3(2487 2912 2921)
3(112 1678 111)
3(483 484 3067)
3(110 1644 109)
3(485 486 3033)
3(612 694 617)
3(2001 2006 2083)
3(144 1061 143)
3(451 452 2450)
3(1556 1713 1555)
3(2945 2944 3102)
3(120 1580 119)
3(475 476 2969)
3(122 1646 121)
3(473 474 3035)
3(1535 1536 1534)
3(2924 2923 2925)
3(1775 1789 1774)
3(3164 3163 3178)
3(995 1739 1641)
3(2384 3030 3128)
3(145 1540 144)
3(450 451 2929)
3(1021 1911 1024)
3(2410 2413 3300)
3(885 1319 888)
3(2274 2277 2708)
3(929 938 928)
3(2318 2317 2327)
3(832 1733 830)
3(2221 2219 3122)
3(1402 1664 1178)
3(2791 2567 3053)
3(1078 1634 1593)
3(2467 2982 3023)
3(123 1080 122)
3(472 473 2469)
3(1181 1859 569)
3(2570 1958 3248)
3(242 1347 539)
3(353 1928 2736)
3(121 1079 120)
3(474 475 2468)
3(136 1066 135)
3(459 460 2455)
3(539 1335 241)
3(1928 354 2724)
3(999 1425 1371)
3(2388 2760 2814)
3(1555 1579 1551)
3(2944 2940 2968)
3(111 1073 110)
3(484 485 2462)
3(664 1125 672)
3(2053 2061 2514)
3(825 1450 824)
3(2214 2213 2839)
3(1062 1662 1639)
3(2451 3028 3051)
3(1676 1697 1129)
3(3065 2518 3086)
3(128 1106 127)
3(467 468 2495)
3(1012 1013 1011)
3(2401 2400 2402)
3(1524 1625 1522)
3(2913 2911 3014)
3(1557 1562 1561)
3(2946 2950 2951)
3(981 1849 1436)
3(2370 2825 3238)
3(1417 1439 1438)
3(2806 2827 2828)
3(135 1581 134)
3(460 461 2970)
3(1007 1008 1006)
3(2396 2395 2397)
3(1294 1598 970)
3(2683 2359 2987)
3(601 1642 1389)
3(1990 2778 3031)
3(528 1710 1238)
3(1917 2627 3099)
3(134 1544 133)
3(461 462 2933)
3(17 1889 18)
3(275 276 3278)
3(250 1349 597)
3(345 1986 2738)
3(597 1338 249)
3(1986 346 2727)
3(597 1454 1338)
3(1986 2727 2843)
3(1025 1142 1024)
3(2414 2413 2531)
3(538 1342 220)
3(1927 375 2731)
3(1459 1668 838)
3(2848 2227 3057)
3(881 1347 243)
3(2270 352 2736)
3(1793 1796 1795)
3(3182 3184 3185)
3(1335 1374 240)
3(2724 355 2763)
3(116 1609 115)
3(479 480 2998)
3(1009 1011 1010)
3(2398 2399 2400)
3(1426 1427 1395)
3(2815 2784 2816)
3(983 1416 1255)
3(2372 2644 2805)
3(988 1218 1217)
3(2377 2606 2607)
3(34 1647 35)
3(292 293 3036)
3(622 1440 713)
3(2011 2102 2829)
3(1770 1804 1578)
3(3159 2967 3193)
3(143 1662 142)
3(452 453 3051)
3(788 1349 251)
3(2177 344 2738)
3(1229 1732 1230)
3(2618 2619 3121)
3(1507 1741 895)
3(2896 2284 3130)
3(1182 1756 968)
3(2571 2357 3145)
3(1404 1680 980)
3(2793 2369 3069)
3(1505 1799 1193)
3(2894 2582 3188)
3(1224 1913 1649)
3(2613 3038 3302)
3(598 1345 245)
3(1987 350 2734)
3(89 1829 1089)
3(506 2478 3218)
3(589 1704 1301)
3(1978 2690 3093)
3(712 1486 1254)
3(2101 2643 2875)
3(244 1345 881)
3(351 2270 2734)
3(246 1350 598)
3(349 1987 2739)
3(631 662 632)
3(2020 2021 2051)
3(248 1338 871)
3(347 2260 2727)
3(589 1352 230)
3(1978 365 2741)
3(1329 1330 896)
3(2718 2285 2719)
3(591 1358 235)
3(1980 360 2747)
3(252 1354 788)
3(343 2177 2743)
3(871 1350 247)
3(2260 348 2739)
3(89 1089 88)
3(506 507 2478)
3(236 1360 591)
3(359 1980 2749)
3(1301 1704 892)
3(2690 2281 3093)
3(1358 1370 234)
3(2747 361 2759)
3(590 1356 225)
3(1979 370 2745)
3(206 1380 563)
3(389 1952 2769)
3(775 1354 253)
3(2164 342 2743)
3(1033 1753 1034)
3(2422 2423 3142)
3(226 1357 590)
3(369 1979 2746)
3(237 1384 1360)
3(358 2749 2773)
3(960 1612 1407)
3(2349 2796 3001)
3(233 1370 892)
3(362 2281 2759)
3(562 1369 195)
3(1951 400 2758)
3(239 1374 877)
3(356 2266 2763)
3(229 1352 944)
3(366 2333 2741)
3(574 1408 571)
3(1963 1960 2797)
3(219 1342 931)
3(376 2320 2731)
3(1010 1016 1008)
3(2399 2397 2405)
3(227 1378 1357)
3(368 2746 2767)
3(877 1384 238)
3(2266 357 2773)
3(563 1340 205)
3(1952 390 2729)
3(146 1531 145)
3(449 450 2920)
3(938 1278 1277)
3(2327 2666 2667)
3(254 1385 775)
3(341 2164 2774)
3(1514 1836 1204)
3(2903 2593 3225)
3(944 1378 228)
3(2333 367 2767)
3(613 1353 212)
3(2002 383 2742)
3(1585 1597 1596)
3(2974 2985 2986)
3(615 1362 215)
3(2004 380 2751)
3(113 1677 112)
3(482 483 3066)
3(224 1356 937)
3(371 2326 2745)
3(559 1409 178)
3(1948 417 2798)
3(1091 1560 1542)
3(2480 2931 2949)
3(602 1382 262)
3(1991 333 2771)
3(1353 1373 211)
3(2742 384 2762)
3(196 1327 562)
3(399 1951 2716)
3(557 1379 257)
3(1946 338 2768)
3(893 1637 889)
3(2282 2278 3026)
3(637 1437 639)
3(2026 2028 2826)
3(673 1480 647)
3(2062 2036 2869)
3(931 1377 218)
3(2320 377 2766)
3(1799 1801 1798)
3(3188 3187 3190)
3(210 1373 614)
3(385 2003 2762)
3(91 1087 90)
3(504 505 2476)
3(861 1385 255)
3(2250 340 2774)
3(1304 1469 868)
3(2693 2257 2858)
3(179 1351 559)
3(416 1948 2740)
3(1024 1911 1025)
3(2413 2414 3300)
3(1105 1830 1548)
3(2494 2937 3219)
3(665 1708 684)
3(2054 2073 3097)
3(1533 1880 1529)
3(2922 2918 3269)
3(256 1379 861)
3(339 2250 2768)
3(886 1645 1236)
3(2275 2625 3034)
3(552 1731 67)
3(1941 325 3120)
3(59 1730 550)
3(317 1939 3119)
3(803 1441 782)
3(2192 2171 2830)
3(614 1363 209)
3(2003 386 2752)
3(258 1387 557)
3(337 1946 2776)
3(1381 1676 1028)
3(2770 2417 3065)
3(1796 1798 1797)
3(3185 3186 3187)
3(917 1380 207)
3(2306 388 2769)
3(631 632 623)
3(2020 2012 2021)
3(1422 1813 1448)
3(2811 2837 3202)
3(1255 1711 982)
3(2644 2371 3100)
3(1195 1603 1112)
3(2584 2501 2992)
3(601 1388 266)
3(1990 329 2777)
3(158 648 157)
3(437 438 2037)
3(1336 1744 30)
3(2725 288 3133)
3(1337 1745 39)
3(2726 297 3134)
3(263 1419 602)
3(332 1991 2808)
3(85 1788 84)
3(510 511 3177)
3(208 1363 917)
3(387 2306 2752)
3(988 1718 1218)
3(2377 2607 3107)
3(1340 1364 204)
3(2729 391 2753)
3(77 1803 76)
3(518 519 3192)
3(1030 1461 738)
3(2419 2127 2850)
3(1561 1587 1556)
3(2950 2945 2976)
3(782 1441 783)
3(2171 2172 2830)
3(1015 1254 1152)
3(2404 2541 2643)
3(1083 1085 1084)
3(2472 2473 2474)
3(1639 1880 1533)
3(3028 2922 3269)
3(1069 1071 1070)
3(2458 2459 2460)
3(798 1658 806)
3(2187 2195 3047)
3(259 1402 1387)
3(336 2776 2791)
3(569 1913 1224)
3(1958 2613 3302)
3(1120 1716 1392)
3(2509 2781 3105)
3(966 1400 1395)
3(2355 2784 2789)
3(1504 1801 1799)
3(2893 3188 3190)
3(621 631 623)
3(2010 2012 2020)
3(1551 1579 1558)
3(2940 2947 2968)
3(1102 1632 1570)
3(2491 2959 3021)
3(261 1382 872)
3(334 2261 2771)
3(1484 1498 1314)
3(2873 2703 2887)
3(824 1450 1252)
3(2213 2641 2839)
3(1784 1791 1786)
3(3173 3175 3180)
3(838 1668 1039)
3(2227 2428 3057)
3(1179 1750 1328)
3(2568 2717 3139)
3(1819 1914 1159)
3(3208 2548 3303)
3(1298 1904 698)
3(2687 2087 3293)
3(1048 1049 1047)
3(2437 2436 2438)
3(1201 1915 1200)
3(2590 2589 3304)
3(267 1396 601)
3(328 1990 2785)
3(636 1428 675)
3(2025 2064 2817)
3(129 1707 128)
3(466 467 3096)
3(1297 1871 1296)
3(2686 2685 3260)
3(1009 1010 1008)
3(2398 2397 2399)
3(1784 1793 1791)
3(3173 3180 3182)
3(1307 1826 669)
3(2696 2058 3215)
3(1039 1040 839)
3(2428 2228 2429)
3(872 1402 260)
3(2261 335 2791)
3(1530 1534 1533)
3(2919 2922 2923)
3(1086 1095 1094)
3(2475 2483 2484)
3(1494 1696 1108)
3(2883 2497 3085)
3(1390 1691 1452)
3(2779 2841 3080)
3(161 1473 160)
3(434 435 2862)
3(954 1909 1886)
3(2343 3275 3298)
3(1022 1504 1503)
3(2411 2892 2893)
3(194 1369 920)
3(401 2309 2758)
3(806 1658 814)
3(2195 2203 3047)
3(944 1834 1378)
3(2333 2767 3223)
3(232 1704 231)
3(363 364 3093)
3(878 1460 876)
3(2267 2265 2849)
3(876 1460 880)
3(2265 2269 2849)
3(197 1348 1327)
3(398 2716 2737)
3(203 1364 787)
3(392 2176 2753)
3(1407 1612 540)
3(2796 1929 3001)
3(1523 1526 1525)
3(2912 2914 2915)
3(154 1721 153)
3(441 442 3110)
3(1447 1711 964)
3(2836 2353 3100)
3(1366 1397 787)
3(2755 2176 2786)
3(647 1480 653)
3(2036 2042 2869)
3(1432 1899 580)
3(2821 1969 3288)
3(1455 1477 953)
3(2844 2342 2866)
3(1259 1861 1229)
3(2648 2618 3250)
3(1047 1209 1043)
3(2436 2432 2598)
3(988 989 986)
3(2377 2375 2378)
3(188 1367 606)
3(407 1995 2756)
3(155 1053 154)
3(440 441 2442)
3(95 1777 94)
3(500 501 3166)
3(606 1400 187)
3(1995 408 2789)
3(184 1393 608)
3(411 1997 2782)
3(786 1348 198)
3(2175 397 2737)
3(180 1401 1351)
3(415 2740 2790)
3(608 1403 183)
3(1997 412 2792)
3(142 1062 141)
3(453 454 2451)
3(781 784 779)
3(2170 2168 2173)
3(1418 1476 858)
3(2807 2247 2865)
3(138 1068 137)
3(457 458 2457)
3(1538 1639 1534)
3(2927 2923 3028)
3(199 1399 786)
3(396 2175 2788)
3(216 1600 615)
3(379 2004 2989)
3(1377 1600 217)
3(2766 378 2989)
3(787 1397 202)
3(2176 393 2786)
3(738 1461 1283)
3(2127 2672 2850)
3(177 1409 984)
3(418 2373 2798)
3(1283 1461 1171)
3(2672 2560 2850)
3(929 1339 938)
3(2318 2327 2728)
3(920 1376 193)
3(2309 402 2765)
3(40 1745 553)
3(298 1942 3134)
3(31 1744 551)
3(289 1940 3133)
3(1411 1420 984)
3(2800 2373 2809)
3(868 1469 870)
3(2257 2259 2858)
3(153 1051 152)
3(442 443 2440)
3(192 1376 607)
3(403 1996 2765)
3(1300 1899 1432)
3(2689 2821 3288)
3(1147 1689 1303)
3(2536 2692 3078)
3(1122 1367 189)
3(2511 406 2756)
3(644 1437 637)
3(2033 2026 2826)
3(607 1391 191)
3(1996 404 2780)
3(1191 1878 1177)
3(2580 2566 3267)
3(952 1859 1126)
3(2341 2515 3248)
3(1625 1626 1053)
3(3014 2442 3015)
3(141 1734 140)
3(454 455 3123)
3(838 1039 839)
3(2227 2228 2428)
3(747 1399 200)
3(2136 395 2788)
3(139 1735 138)
3(456 457 3124)
3(1252 1894 537)
3(2641 1926 3283)
3(190 1391 1122)
3(405 2511 2780)
3(942 1468 940)
3(2331 2329 2857)
3(201 1397 747)
3(394 2136 2786)
3(731 1875 1687)
3(2120 3076 3264)
3(598 1346 1345)
3(1987 2734 2735)
3(1410 1412 1411)
3(2799 2800 2801)
3(186 1400 966)
3(409 2355 2789)
3(976 1419 264)
3(2365 331 2808)
3(966 1393 185)
3(2355 410 2782)
3(265 1388 976)
3(330 2365 2777)
3(1011 1017 1010)
3(2400 2399 2406)
3(1778 1779 1775)
3(3167 3164 3168)
3(696 1611 577)
3(2085 1966 3000)
3(96 1769 542)
3(499 1931 3158)
3(1360 1361 591)
3(2749 1980 2750)
3(1213 1749 978)
3(2602 2367 3138)
3(964 1401 181)
3(2353 414 2790)
3(1054 1514 1055)
3(2443 2444 2903)
3(1394 1720 1719)
3(2783 3108 3109)
3(741 1717 717)
3(2130 2106 3106)
3(182 1403 964)
3(413 2353 2792)
3(937 1512 223)
3(2326 372 2901)
3(1276 1910 971)
3(2665 2360 3299)
3(1545 1908 1583)
3(2934 2972 3297)
3(1886 1909 981)
3(3275 2370 3298)
3(827 1741 828)
3(2216 2217 3130)
3(1482 1483 673)
3(2871 2062 2872)
3(105 1714 104)
3(490 491 3103)
3(684 1708 1324)
3(2073 2713 3097)
3(858 1476 860)
3(2247 2249 2865)
3(753 1477 1455)
3(2142 2844 2866)
3(940 1468 945)
3(2329 2334 2857)
3(1059 1514 1118)
3(2448 2507 2903)
3(1565 1614 1564)
3(2954 2953 3003)
3(1277 1490 928)
3(2666 2317 2879)
3(231 1704 589)
3(364 1978 3093)
3(569 1859 1457)
3(1958 2846 3248)
3(1458 1726 900)
3(2847 2289 3115)
3(1046 1047 1043)
3(2435 2432 2436)
3(84 1787 83)
3(511 512 3176)
3(1145 1753 1036)
3(2534 2425 3142)
3(1225 1515 1001)
3(2614 2390 2904)
3(971 1910 1359)
3(2360 2748 3299)
3(1624 1754 159)
3(3013 436 3143)
3(557 1404 1379)
3(1946 2768 2793)
3(78 1792 77)
3(517 518 3181)
3(814 821 818)
3(2203 2207 2210)
3(1464 1915 1201)
3(2853 2590 3304)
3(1397 1882 747)
3(2786 2136 3271)
3(149 1607 148)
3(446 447 2996)
3(892 1704 232)
3(2281 363 3093)
3(764 1488 762)
3(2153 2151 2877)
3(1771 1777 542)
3(3160 1931 3166)
3(83 1783 82)
3(512 513 3172)
3(610 1493 612)
3(1999 2001 2882)
3(984 1420 176)
3(2373 419 2809)
3(1015 1151 1013)
3(2404 2402 2540)
3(702 1743 1492)
3(2091 2881 3132)
3(1562 1564 1563)
3(2951 2952 2953)
3(852 1633 1205)
3(2241 2594 3022)
3(934 1481 932)
3(2323 2321 2870)
3(1576 1839 1100)
3(2965 2489 3228)
3(1131 1906 1686)
3(2520 3075 3295)
3(563 1341 1340)
3(1952 2729 2730)
3(917 1381 1380)
3(2306 2769 2770)
3(768 1497 766)
3(2157 2155 2886)
3(152 1757 151)
3(443 444 3146)
3(726 1748 695)
3(2115 2084 3137)
3(1280 1760 740)
3(2669 2129 3149)
3(551 1856 1275)
3(1940 2664 3245)
3(752 1485 750)
3(2141 2139 2874)
3(268 1433 1396)
3(327 2785 2822)
3(541 1609 116)
3(1930 479 2998)
3(175 1420 716)
3(420 2105 2809)
3(1499 1656 1502)
3(2888 2891 3045)
3(1273 1891 1272)
3(2662 2661 3280)
3(836 1459 838)
3(2225 2227 2848)
3(1346 1812 1164)
3(2735 2553 3201)
3(1491 1615 945)
3(2880 2334 3004)
3(711 1887 575)
3(2100 1964 3276)
3(214 1761 213)
3(381 382 3150)
3(79 1794 78)
3(516 517 3183)
3(1118 1190 1063)
3(2507 2452 2579)
3(1059 1118 1063)
3(2448 2452 2507)
3(1362 1761 214)
3(2751 381 3150)
3(721 988 986)
3(2110 2375 2377)
3(1178 1680 1387)
3(2567 2776 3069)
3(213 1761 613)
3(382 2002 3150)
3(925 1490 922)
3(2314 2311 2879)
3(1810 1879 1009)
3(3199 2398 3268)
3(118 1818 117)
3(477 478 3207)
3(831 1655 843)
3(2220 2232 3044)
3(1445 1656 1499)
3(2834 2888 3045)
3(162 1661 161)
3(433 434 3050)
3(130 1107 129)
3(465 466 2496)
3(133 1601 132)
3(462 463 2990)
3(1339 1475 938)
3(2728 2327 2864)
3(916 1489 913)
3(2305 2302 2878)
3(646 1482 673)
3(2035 2062 2871)
3(975 1762 1389)
3(2364 2778 3151)
3(1331 1807 1349)
3(2720 2738 3196)
3(650 1827 1735)
3(2039 3124 3216)
3(865 1476 1329)
3(2254 2718 2865)
3(911 1487 909)
3(2300 2298 2876)
3(1364 1365 787)
3(2753 2176 2754)
3(1274 1914 545)
3(2663 1934 3303)
3(634 1663 1428)
3(2023 2817 3052)
3(716 1422 174)
3(2105 421 2811)
3(140 650 139)
3(455 456 2039)
3(1782 1860 1816)
3(3171 3205 3249)
3(1766 1767 1082)
3(3155 2471 3156)
3(1324 1708 1184)
3(2713 2573 3097)
3(875 1469 1444)
3(2264 2833 2858)
3(1265 1700 1045)
3(2654 2434 3089)
3(1028 1688 1381)
3(2417 2770 3077)
3(108 1679 107)
3(487 488 3068)
3(147 1606 146)
3(448 449 2995)
3(156 1742 155)
3(439 440 3131)
3(1607 1809 1759)
3(2996 3148 3198)
3(619 1811 1506)
3(2008 2895 3200)
3(1082 1768 98)
3(2471 497 3157)
3(623 1440 622)
3(2012 2011 2829)
3(92 1833 91)
3(503 504 3222)
3(1113 1807 1331)
3(2502 2720 3196)
3(705 1439 1417)
3(2094 2806 2828)
3(653 1480 659)
3(2042 2048 2869)
3(1767 1768 1082)
3(3156 2471 3157)
3(1154 1819 1281)
3(2543 2670 3208)
3(1446 1813 1422)
3(2835 2811 3202)
3(127 1693 126)
3(468 469 3082)
3(920 1466 1376)
3(2309 2765 2855)
3(1015 1152 1151)
3(2404 2540 2541)
3(551 1744 1336)
3(1940 2725 3133)
3(553 1745 1337)
3(1942 2726 3134)
3(884 1460 1320)
3(2273 2709 2849)
3(772 1510 770)
3(2161 2159 2899)
3(810 1441 803)
3(2199 2192 2830)
3(1649 1913 1311)
3(3038 2700 3302)
3(1048 1097 1056)
3(2437 2445 2486)
3(880 1460 884)
3(2269 2273 2849)
3(607 1392 1391)
3(1996 2780 2781)
3(1104 1893 1532)
3(2493 2921 3282)
3(633 1814 1440)
3(2022 2829 3203)
3(889 1637 891)
3(2278 2280 3026)
3(1361 1645 1134)
3(2750 2523 3034)
3(82 1831 81)
3(513 514 3220)
3(1097 1276 1056)
3(2486 2445 2665)
3(1122 1368 1367)
3(2511 2756 2757)
3(641 1747 667)
3(2030 2056 3136)
3(1603 1619 794)
3(2992 2183 3008)
3(1732 1861 1239)
3(3121 2628 3250)
3(667 1482 646)
3(2056 2035 2871)
3(988 1217 989)
3(2377 2378 2606)
3(632 1663 634)
3(2021 2023 3052)
3(1577 1804 1767)
3(2966 3156 3193)
3(544 1738 1284)
3(1933 2673 3127)
3(966 1394 1393)
3(2355 2782 2783)
3(542 1777 95)
3(1931 500 3166)
3(1578 1874 1100)
3(2967 2489 3263)
3(762 1671 760)
3(2151 2149 3060)
3(843 1655 1612)
3(2232 3001 3044)
3(1207 1681 1600)
3(2596 2989 3070)
3(1576 1874 1577)
3(2965 2966 3263)
3(1403 1447 964)
3(2792 2353 2836)
3(1048 1056 1049)
3(2437 2438 2445)
3(817 1433 269)
3(2206 326 2822)
3(1770 1771 542)
3(3159 1931 3160)
3(80 1800 79)
3(515 516 3189)
3(1465 1755 705)
3(2854 2094 3144)
3(1422 1448 173)
3(2811 422 2837)
3(655 1495 660)
3(2044 2049 2884)
3(1064 1665 1069)
3(2453 2458 3054)
3(1409 1410 984)
3(2798 2373 2799)
3(1298 1888 955)
3(2687 2344 3277)
3(150 1809 149)
3(445 446 3198)
3(1066 1652 1590)
3(2455 2979 3041)
3(1386 1690 1355)
3(2775 2744 3079)
3(960 1712 844)
3(2349 2233 3101)
3(169 1434 820)
3(426 2209 2823)
3(151 1052 150)
3(444 445 2441)
3(1791 1800 1026)
3(3180 2415 3189)
3(1261 1821 1157)
3(2650 2546 3210)
3(777 1511 774)
3(2166 2163 2900)
3(131 1844 130)
3(464 465 3233)
3(1352 1871 1297)
3(2741 2686 3260)
3(1784 1817 1793)
3(3173 3182 3206)
3(870 1469 875)
3(2259 2264 2858)
3(1438 1747 1437)
3(2827 2826 3136)
3(1572 1715 1585)
3(2961 2974 3104)
3(750 1485 801)
3(2139 2190 2874)
3(126 1693 1589)
3(469 2978 3082)
3(1112 1468 942)
3(2501 2331 2857)
3(87 1815 86)
3(508 509 3204)
3(720 1902 1669)
3(2109 3058 3291)
3(1067 1825 1560)
3(2456 2949 3214)
3(580 1899 579)
3(1969 1968 3288)
3(1566 1706 1678)
3(2955 3067 3095)
3(1567 1568 1565)
3(2956 2954 2957)
3(1374 1629 877)
3(2763 2266 3018)
3(1582 1583 1544)
3(2971 2933 2972)
3(820 1849 1111)
3(2209 2500 3238)
3(1068 1736 1652)
3(2457 3041 3125)
3(1595 1883 1077)
3(2984 2466 3272)
3(1168 1691 1390)
3(2557 2779 3080)
3(830 1733 840)
3(2219 2229 3122)
3(1326 1602 1121)
3(2715 2510 2991)
3(932 1481 1339)
3(2321 2728 2870)
3(660 1495 725)
3(2049 2114 2884)
3(117 1818 541)
3(478 1930 3207)
3(1759 1809 1052)
3(3148 2441 3198)
3(1562 1567 1565)
3(2951 2954 2956)
3(1088 1776 1774)
3(2477 3163 3165)
3(561 1866 1453)
3(1950 2842 3255)
3(662 1663 632)
3(2051 2021 3052)
3(166 1266 165)
3(429 430 2655)
3(1270 1740 1336)
3(2659 2725 3129)
3(1049 1474 1054)
3(2438 2443 2863)
3(695 1640 661)
3(2084 2050 3029)
3(159 1754 158)
3(436 437 3143)
3(163 1660 162)
3(432 433 3049)
3(170 1435 1434)
3(425 2823 2824)
3(1063 1665 1064)
3(2452 2453 3054)
3(1231 1666 994)
3(2620 2383 3055)
3(137 1864 136)
3(458 459 3253)
3(1069 1090 1071)
3(2458 2460 2479)
3(1622 1624 1586)
3(3011 2975 3013)
3(953 1477 1470)
3(2342 2859 2866)
3(860 1476 865)
3(2249 2254 2865)
3(659 1495 655)
3(2048 2044 2884)
3(678 1657 681)
3(2067 2070 3046)
3(1046 1604 1048)
3(2435 2437 2993)
3(1452 1691 1273)
3(2841 2662 3080)
3(1332 1808 1114)
3(2721 2503 3197)
3(938 1475 1278)
3(2327 2667 2864)
3(1025 1765 1142)
3(2414 2531 3154)
3(1229 1861 1732)
3(2618 3121 3250)
3(1134 1670 1361)
3(2523 2750 3059)
3(1693 1694 1589)
3(3082 2978 3083)
3(900 1726 1130)
3(2289 2519 3115)
3(1137 1862 1234)
3(2526 2623 3251)
3(81 1026 80)
3(514 515 2415)
3(1313 1756 643)
3(2702 2032 3145)
3(716 1446 1422)
3(2105 2811 2835)
3(909 1487 953)
3(2298 2342 2876)
3(1557 1567 1562)
3(2946 2951 2956)
3(172 1448 715)
3(423 2104 2837)
3(913 1489 923)
3(2302 2312 2878)
3(1359 1509 1294)
3(2748 2683 2898)
3(115 1609 1608)
3(480 2997 2998)
3(1090 1177 1071)
3(2479 2460 2566)
3(576 1698 702)
3(1965 2091 3087)
3(1095 1165 1096)
3(2484 2485 2554)
3(1127 1863 1429)
3(2516 2818 3252)
3(1036 1753 1033)
3(2425 2422 3142)
3(922 1490 1170)
3(2311 2559 2879)
3(785 1488 764)
3(2174 2153 2877)
3(1046 1048 1047)
3(2435 2436 2437)
3(779 1513 777)
3(2168 2166 2902)
3(715 1435 171)
3(2104 424 2824)
3(939 1481 934)
3(2328 2323 2870)
3(1042 1046 1043)
3(2431 2432 2435)
3(766 1497 785)
3(2155 2174 2886)
3(1151 1616 1013)
3(2540 2402 3005)
3(104 1870 103)
3(491 492 3259)
3(1357 1650 590)
3(2746 1979 3039)
3(1239 1861 959)
3(2628 2348 3250)
3(1174 1867 1176)
3(2563 2565 3256)
3(792 1485 752)
3(2181 2141 2874)
3(810 1443 1442)
3(2199 2831 2832)
3(1445 1499 1141)
3(2834 2530 2888)
3(664 1640 1125)
3(2053 2514 3029)
3(107 1679 1597)
3(488 2986 3068)
3(760 1671 799)
3(2149 2188 3060)
3(612 1493 694)
3(2001 2083 2882)
3(1136 1685 1684)
3(2525 3073 3074)
3(577 1611 574)
3(1966 1963 3000)
3(1630 1737 1500)
3(3019 2889 3126)
3(795 1615 1491)
3(2184 2880 3004)
3(1030 1896 1461)
3(2419 2850 3285)
3(1530 1535 1534)
3(2919 2923 2924)
3(99 1613 1082)
3(496 2471 3002)
3(1101 1157 1085)
3(2490 2474 2546)
3(957 1493 610)
3(2346 1999 2882)
3(73 1023 72)
3(522 523 2412)
3(928 1490 925)
3(2317 2314 2879)
3(1768 1769 97)
3(3157 498 3158)
3(758 1729 756)
3(2147 2145 3118)
3(974 1751 1445)
3(2363 2834 3140)
3(1170 1489 916)
3(2559 2305 2878)
3(923 1487 911)
3(2312 2300 2876)
3(1450 1894 1252)
3(2839 2641 3283)
3(1014 1015 1013)
3(2403 2402 2404)
3(804 1497 768)
3(2193 2157 2886)
3(541 1818 1587)
3(1930 2976 3207)
3(1772 1775 1774)
3(3161 3163 3164)
3(1395 1895 1394)
3(2784 2783 3284)
3(667 1747 1438)
3(2056 2827 3136)
3(132 652 131)
3(463 464 2041)
3(990 1885 1260)
3(2379 2649 3274)
3(789 1510 772)
3(2178 2161 2899)
3(639 1747 641)
3(2028 2030 3136)
3(1522 1625 1539)
3(2911 2928 3014)
3(814 1658 821)
3(2203 2210 3047)
3(1508 1602 1124)
3(2897 2513 2991)
3(1438 1702 667)
3(2827 2056 3091)
3(1230 1741 1507)
3(2619 2896 3130)
3(810 1442 1441)
3(2199 2830 2831)
3(715 1436 1435)
3(2104 2824 2825)
3(1767 1804 1770)
3(3156 3159 3193)
3(770 1510 804)
3(2159 2193 2899)
3(1109 1110 5)
3(2498 11 2499)
3(1570 1632 1573)
3(2959 2962 3021)
3(1125 1657 672)
3(2514 2061 3046)
3(1111 1848 1696)
3(2500 3085 3237)
3(1209 1852 1099)
3(2598 2488 3241)
3(1790 1791 1026)
3(3179 2415 3180)
3(1632 1855 1093)
3(3021 2482 3244)
3(774 1511 789)
3(2163 2178 2900)
3(1627 1884 1518)
3(3016 2907 3273)
3(1083 1101 1085)
3(2472 2474 2490)
3(1592 1912 1694)
3(2981 3083 3301)
3(1626 1758 1051)
3(3015 2440 3147)
3(1501 1630 1500)
3(2890 2889 3019)
3(799 1729 758)
3(2188 2147 3118)
3(1038 1717 741)
3(2427 2130 3106)
3(1110 1264 5)
3(2499 11 2653)
3(1074 1677 113)
3(2463 482 3066)
3(157 1901 156)
3(438 439 3290)
3(661 1640 664)
3(2050 2053 3029)
3(1517 1701 1700)
3(2906 3089 3090)
3(1524 1626 1625)
3(2913 3014 3015)
3(1174 1779 1778)
3(2563 3167 3168)
3(1100 1773 1578)
3(2489 2967 3162)
3(1776 1777 1771)
3(3165 3160 3166)
3(165 1903 164)
3(430 431 3292)
3(1451 1651 897)
3(2840 2286 3040)
3(1562 1565 1564)
3(2951 2953 2954)
3(148 651 147)
3(447 448 2040)
3(603 1750 1179)
3(1992 2568 3139)
3(1234 1862 926)
3(2623 2315 3251)
3(1101 1246 1157)
3(2490 2546 2635)
3(94 1777 1776)
3(501 3165 3166)
3(791 1631 1444)
3(2180 2833 3020)
3(1504 1505 1501)
3(2893 2890 2894)
3(1330 1709 896)
3(2719 2285 3098)
3(1176 1867 1175)
3(2565 2564 3256)
3(1583 1601 1544)
3(2972 2933 2990)
3(820 1109 5)
3(2209 11 2498)
3(1078 1613 100)
3(2467 495 3002)
3(987 1722 1424)
3(2376 2813 3111)
3(1735 1827 1736)
3(3124 3125 3216)
3(1039 1424 1040)
3(2428 2429 2813)
3(1537 1827 1538)
3(2926 2927 3216)
3(1652 1736 1653)
3(3041 3042 3125)
3(1333 1649 1311)
3(2722 2700 3038)
3(1366 1882 1397)
3(2755 2786 3271)
3(1614 1706 1566)
3(3003 2955 3095)
3(1437 1747 639)
3(2826 2028 3136)
3(1071 1692 1072)
3(2460 2461 3081)
3(711 1763 1617)
3(2100 3006 3152)
3(1086 1821 1095)
3(2475 2484 3210)
3(1218 1814 1128)
3(2607 2517 3203)
3(991 1846 1245)
3(2380 2634 3235)
3(888 1620 893)
3(2277 2282 3009)
3(861 1843 1386)
3(2250 2775 3232)
3(657 1803 1797)
3(2046 3186 3192)
3(1769 1770 542)
3(3158 1931 3159)
3(1547 1592 1584)
3(2936 2973 2981)
3(1333 1743 1649)
3(2722 3038 3132)
3(1081 1634 102)
3(2470 493 3023)
3(1106 1694 1693)
3(2495 3082 3083)
3(784 1513 779)
3(2173 2168 2902)
3(1682 1727 1466)
3(3071 2855 3116)
3(1127 1885 990)
3(2516 2379 3274)
3(1319 1620 888)
3(2708 2277 3009)
3(1488 1671 762)
3(2877 2151 3060)
3(1341 1688 1028)
3(2730 2417 3077)
3(167 1699 166)
3(428 429 3088)
3(1622 1754 1624)
3(3011 3013 3143)
3(1072 1692 1083)
3(2461 2472 3081)
3(1653 1736 1537)
3(3042 2926 3125)
3(1111 1849 1848)
3(2500 3237 3238)
3(74 1835 73)
3(521 522 3224)
3(119 1580 1554)
3(476 2943 2969)
3(101 1634 1078)
3(494 2467 3023)
3(1599 1696 846)
3(2988 2235 3085)
3(1504 1799 1505)
3(2893 2894 3188)
3(1166 1911 1630)
3(2555 3019 3300)
3(956 1638 124)
3(2345 471 3027)
3(558 1866 1847)
3(1947 3236 3255)
3(1453 1863 1126)
3(2842 2515 3252)
3(109 1644 1075)
3(486 2464 3033)
3(1048 1604 1097)
3(2437 2486 2993)
3(1396 1642 601)
3(2785 1990 3031)
3(1264 1265 1045)
3(2653 2434 2654)
3(1342 1684 931)
3(2731 2320 3073)
3(144 1540 1061)
3(451 2450 2929)
3(1345 1643 881)
3(2734 2270 3032)
3(123 1638 1080)
3(472 2469 3027)
3(1152 1820 1151)
3(2541 2540 3209)
3(1079 1580 120)
3(2468 475 2969)
3(1157 1868 1261)
3(2546 2650 3257)
3(945 1615 939)
3(2334 2328 3004)
3(1056 1474 1049)
3(2445 2438 2863)
3(1080 1646 122)
3(2469 473 3035)
3(121 1646 1079)
3(474 2468 3035)
3(111 1678 1073)
3(484 2462 3067)
3(1073 1644 110)
3(2462 485 3033)
3(1217 1509 989)
3(2606 2378 2898)
3(1425 1897 1371)
3(2814 2760 3286)
3(1582 1590 1543)
3(2971 2932 2979)
3(617 1811 619)
3(2006 2008 3200)
3(1085 1821 1086)
3(2474 2475 3210)
3(1066 1581 135)
3(2455 460 2970)
3(1095 1261 1165)
3(2484 2554 2650)
3(1249 1750 603)
3(2638 1992 3139)
3(1427 1895 1395)
3(2816 2784 3284)
3(1774 1776 1771)
3(3163 3160 3165)
3(1687 1906 1142)
3(3076 2531 3295)
3(810 1610 1443)
3(2199 2832 2999)
3(1585 1596 1571)
3(2974 2960 2985)
3(1539 1622 1520)
3(2928 2909 3011)
3(711 1872 1763)
3(2100 3152 3261)
3(1848 1849 981)
3(3237 2370 3238)
3(1578 1773 1772)
3(2967 3161 3162)
3(1677 1678 112)
3(3066 483 3067)
3(1024 1131 1019)
3(2413 2408 2520)
3(820 1111 1109)
3(2209 2498 2500)
3(671 1714 105)
3(2060 490 3103)
3(134 1581 1544)
3(461 2933 2970)
3(1554 1818 118)
3(2943 477 3207)
3(1430 1826 958)
3(2819 2347 3215)
3(1626 1721 1053)
3(3015 2442 3110)
3(1532 1850 1104)
3(2921 2493 3239)
3(1061 1662 143)
3(2450 452 3051)
3(1124 1858 962)
3(2513 2351 3247)
3(651 1636 1606)
3(2040 2995 3025)
3(1099 1764 1472)
3(2488 2861 3153)
3(164 1044 163)
3(431 432 2433)
3(1132 1690 1386)
3(2521 2775 3079)
3(1389 1762 1299)
3(2778 2688 3151)
3(694 1811 617)
3(2083 2006 3200)
3(597 1807 1454)
3(1986 2843 3196)
3(1786 1860 1782)
3(3175 3171 3249)
3(1051 1721 1626)
3(2440 3015 3110)
3(672 1657 678)
3(2061 2067 3046)
3(1069 1665 1090)
3(2458 2479 3054)
3(574 1611 1408)
3(1963 2797 3000)
3(1801 1802 1023)
3(3190 2412 3191)
3(1190 1665 1063)
3(2579 2452 3054)
3(1248 1810 1007)
3(2637 2396 3199)
3(1532 1893 1526)
3(2921 2915 3282)
3(1346 1643 1345)
3(2735 2734 3032)
3(1531 1540 145)
3(2920 450 2929)
3(720 1669 1668)
3(2109 3057 3058)
3(1140 1727 1682)
3(2529 3071 3116)
3(658 1788 85)
3(2047 510 3177)
3(714 1718 721)
3(2103 2110 3107)
3(591 1670 1358)
3(1980 2747 3059)
3(1139 1752 1326)
3(2528 2715 3141)
3(1575 1724 1706)
3(2964 3095 3113)
3(76 1803 657)
3(519 2046 3192)
3(1502 1503 1501)
3(2891 2890 2892)
3(1088 1833 92)
3(2477 503 3222)
3(1075 1679 108)
3(2464 487 3068)
3(1429 1863 558)
3(2818 1947 3252)
3(1603 1618 1112)
3(2992 2501 3007)
3(1032 1896 1030)
3(2421 2419 3285)
3(1503 1504 1501)
3(2892 2890 2893)
3(1454 1807 1113)
3(2843 2502 3196)
3(1587 1818 1554)
3(2976 2943 3207)
3(652 1601 1583)
3(2041 2972 2990)
3(562 1683 1369)
3(1951 2758 3072)
3(1260 1885 736)
3(2649 2125 3274)
3(881 1674 1347)
3(2270 2736 3063)
3(896 1709 1304)
3(2285 2693 3098)
3(1267 1471 1265)
3(2656 2654 2860)
3(1687 1875 679)
3(3076 2068 3264)
3(1177 1692 1071)
3(2566 2460 3081)
3(818 1667 836)
3(2207 2225 3056)
3(579 1899 697)
3(1968 2086 3288)
3(1428 1663 1260)
3(2817 2649 3052)
3(669 1826 1430)
3(2058 2819 3215)
3(1106 1693 127)
3(2495 468 3082)
3(1361 1670 591)
3(2750 1980 3059)
3(103 1870 1081)
3(492 2470 3259)
3(1720 1895 965)
3(3109 2354 3284)
3(1126 1863 1127)
3(2515 2516 3252)
3(1694 1912 1559)
3(3083 2948 3301)
3(1011 1616 1017)
3(2400 2406 3005)
3(128 1707 1106)
3(467 2495 3096)
3(1046 1900 1604)
3(2435 2993 3289)
3(705 1755 1439)
3(2094 2828 3144)
3(1387 1680 557)
3(2776 1946 3069)
3(1797 1803 1792)
3(3186 3181 3192)
3(1380 1688 563)
3(2769 1952 3077)
3(836 1667 1459)
3(2225 2848 3056)
3(1443 1610 1463)
3(2832 2852 2999)
3(1079 1713 1580)
3(2468 2969 3102)
3(1112 1618 1468)
3(2501 2857 3007)
3(1340 1673 1364)
3(2729 2753 3062)
3(777 1513 1511)
3(2166 2900 2902)
3(939 1615 1481)
3(2328 2870 3004)
3(1369 1682 920)
3(2758 2309 3071)
3(1494 1824 1110)
3(2883 2499 3213)
3(1560 1825 1105)
3(2949 2494 3214)
3(1736 1827 1537)
3(3125 2926 3216)
3(1261 1765 1165)
3(2650 2554 3154)
3(136 1864 1066)
3(459 2455 3253)
3(1175 1817 1784)
3(2564 3173 3206)
3(1457 1859 952)
3(2846 2341 3248)
3(1577 1766 1591)
3(2966 2980 3155)
3(931 1685 1377)
3(2320 2766 3074)
3(1528 1654 1530)
3(2917 2919 3043)
3(1652 1653 1590)
3(3041 2979 3042)
3(1363 1697 917)
3(2752 2306 3086)
3(168 1045 167)
3(427 428 2434)
3(1377 1685 1207)
3(2766 2596 3074)
3(86 1815 658)
3(509 2047 3204)
3(1772 1778 1775)
3(3161 3164 3167)
3(1453 1866 558)
3(2842 1947 3255)
3(1381 1688 1380)
3(2770 2769 3077)
3(557 1680 1404)
3(1946 2793 3069)
3(1838 1839 1094)
3(3227 2483 3228)
3(1013 1616 1011)
3(2402 2400 3005)
3(1581 1582 1544)
3(2970 2933 2971)
3(1644 1724 1075)
3(3033 2464 3113)
3(142 1662 1062)
3(453 2451 3051)
3(1404 1843 1379)
3(2793 2768 3232)
3(1492 1743 957)
3(2881 2346 3132)
3(1641 1739 630)
3(3030 2019 3128)
3(1520 1622 1586)
3(2909 2975 3011)
3(1557 1869 1567)
3(2946 2956 3258)
3(1341 1673 1340)
3(2730 2729 3062)
3(1364 1673 1365)
3(2753 2754 3062)
3(1376 1703 607)
3(2765 1996 3092)
3(563 1688 1341)
3(1952 2730 3077)
3(1349 1807 597)
3(2738 1986 3196)
3(1394 1895 1720)
3(2783 3109 3284)
3(1207 1600 1377)
3(2596 2766 2989)
3(917 1697 1381)
3(2306 2770 3086)
3(91 1833 1087)
3(504 2476 3222)
3(1311 1913 1457)
3(2700 2846 3302)
3(1393 1719 608)
3(2782 1997 3108)
3(1379 1843 861)
3(2768 2250 3232)
3(1462 1641 1232)
3(2851 2621 3030)
3(1322 1671 1488)
3(2711 2877 3060)
3(1584 1908 1545)
3(2973 2934 3297)
3(1586 1627 1518)
3(2975 2907 3016)
3(1391 1716 1122)
3(2780 2511 3105)
3(695 1748 1640)
3(2084 3029 3137)
3(1264 1267 1265)
3(2653 2654 2656)
3(920 1682 1466)
3(2309 2855 3071)
3(1608 1609 1563)
3(2997 2952 2998)
3(1789 1833 1088)
3(3178 2477 3222)
3(1714 1870 104)
3(3103 491 3259)
3(1399 1823 786)
3(2788 2175 3212)
3(545 1914 1819)
3(1934 3208 3303)
3(1553 1869 1557)
3(2942 2946 3258)
3(1083 1692 1101)
3(2472 2490 3081)
3(1544 1601 133)
3(2933 462 2990)
3(799 1898 1729)
3(2188 3118 3287)
3(1574 1593 1588)
3(2963 2977 2982)
3(1516 1875 731)
3(2905 2120 3264)
3(1279 1761 1362)
3(2668 2751 3150)
3(1157 1821 1085)
3(2546 2474 3210)
3(158 1754 648)
3(437 2037 3143)
3(809 1610 810)
3(2198 2199 2999)
3(1466 1703 1376)
3(2855 2765 3092)
3(1053 1721 154)
3(2442 441 3110)
3(1735 1736 1068)
3(3124 2457 3125)
3(721 1718 988)
3(2110 2377 3107)
3(607 1703 1392)
3(1996 2781 3092)
3(1020 1610 809)
3(2409 2198 2999)
3(1591 1593 1574)
3(2980 2963 2982)
3(1798 1835 1805)
3(3187 3194 3224)
3(648 1901 157)
3(2037 438 3290)
3(1089 1828 1785)
3(2478 3174 3217)
3(84 1788 1787)
3(511 3176 3177)
3(720 1668 1459)
3(2109 2848 3057)
3(155 1742 1053)
3(440 2442 3131)
3(608 1723 1403)
3(1997 2792 3112)
3(1222 1463 1020)
3(2611 2409 2852)
3(1392 1716 1391)
3(2781 2780 3105)
3(153 1721 1051)
3(442 2440 3110)
3(821 1667 818)
3(2210 2207 3056)
3(1068 1864 137)
3(2457 458 3253)
3(1613 1766 1082)
3(3002 2471 3155)
3(1793 1817 1193)
3(3182 2582 3206)
3(70 1022 69)
3(525 526 2411)
3(1792 1803 77)
3(3181 518 3192)
3(1122 1716 1368)
3(2511 2757 3105)
3(1394 1719 1393)
3(2783 2782 3108)
3(1062 1734 141)
3(2451 454 3123)
3(1447 1723 1029)
3(2836 2418 3112)
3(138 1735 1068)
3(457 2457 3124)
3(961 1841 1315)
3(2350 2704 3230)
3(1627 1661 1660)
3(3016 3049 3050)
3(146 1606 1531)
3(449 2920 2995)
3(1403 1723 1447)
3(2792 2836 3112)
3(1526 1893 1528)
3(2915 2917 3282)
3(652 1908 1844)
3(2041 3233 3297)
3(1095 1821 1261)
3(2484 2650 3210)
3(1132 1843 1404)
3(2521 2793 3232)
3(1221 1851 1018)
3(2610 2407 3240)
3(1597 1679 1596)
3(2986 2985 3068)
3(1299 1762 1156)
3(2688 2545 3151)
3(1815 1816 658)
3(3204 2047 3205)
3(1559 1912 1549)
3(2948 2938 3301)
3(1107 1707 129)
3(2496 466 3096)
3(602 1865 1382)
3(1991 2771 3254)
3(1021 1851 1221)
3(2410 2610 3240)
3(1725 1898 799)
3(3114 2188 3287)
3(1051 1758 1757)
3(2440 3146 3147)
3(161 1661 1473)
3(434 2862 3050)
3(1087 1833 1789)
3(2476 3178 3222)
3(1583 1908 652)
3(2972 2041 3297)
3(979 1857 1659)
3(2368 3048 3246)
3(1051 1757 152)
3(2440 443 3146)
3(1577 1874 1804)
3(2966 3193 3263)
3(1589 1694 1559)
3(2978 2948 3083)
3(1795 1797 1792)
3(3184 3181 3186)
3(981 1909 1848)
3(2370 3237 3298)
3(156 1901 1742)
3(439 3131 3290)
3(1109 1494 1110)
3(2498 2499 2883)
3(1436 1886 981)
3(2825 2370 3275)
3(1272 1856 1740)
3(2661 3129 3245)
3(1643 1674 881)
3(3032 2270 3063)
3(83 1787 1783)
3(512 3172 3176)
3(589 1871 1352)
3(1978 2741 3260)
3(1066 1864 1652)
3(2455 3041 3253)
3(1047 1852 1209)
3(2436 2598 3241)
3(1466 1727 1119)
3(2855 2508 3116)
3(140 1734 650)
3(455 2039 3123)
3(1649 1743 702)
3(3038 2091 3132)
3(794 1618 1603)
3(2183 2992 3007)
3(650 1735 139)
3(2039 456 3124)
3(1040 1722 1042)
3(2429 2431 3111)
3(1805 1835 74)
3(3194 521 3224)
3(1326 1752 1602)
3(2715 2991 3141)
3(1684 1685 931)
3(3073 2320 3074)
3(1170 1842 1489)
3(2559 2878 3231)
3(78 1794 1792)
3(517 3181 3183)
3(1100 1838 1773)
3(2489 3162 3227)
3(1669 1902 718)
3(3058 2107 3291)
3(1054 1836 1514)
3(2443 2903 3225)
3(1790 1831 1783)
3(3179 3172 3220)
3(1119 1703 1466)
3(2508 2855 3092)
3(1700 1701 1266)
3(3089 2655 3090)
3(1474 1836 1054)
3(2863 2443 3225)
3(149 1809 1607)
3(446 2996 3198)
3(1108 1696 1599)
3(2497 2988 3085)
3(1530 1654 1535)
3(2919 2924 3043)
3(1686 1687 679)
3(3075 2068 3076)
3(1459 1905 720)
3(2848 2109 3294)
3(1369 1683 1682)
3(2758 3071 3072)
3(1104 1822 1654)
3(2493 3043 3211)
3(1783 1831 82)
3(3172 513 3220)
3(558 1863 1453)
3(1947 2842 3252)
3(1025 1911 1166)
3(2414 2555 3300)
3(1097 1910 1276)
3(2486 2665 3299)
3(1788 1860 1787)
3(3177 3176 3249)
3(1652 1864 1068)
3(3041 2457 3253)
3(1501 1505 1166)
3(2890 2555 2894)
3(1416 1892 1410)
3(2805 2799 3281)
3(1521 1873 1098)
3(2910 2487 3262)
3(1847 1866 556)
3(3236 1945 3255)
3(1410 1892 1412)
3(2799 2801 3281)
3(1540 1880 1061)
3(2929 2450 3269)
3(79 1800 1794)
3(516 3183 3189)
3(1547 1912 1592)
3(2936 2981 3301)
3(151 1757 1052)
3(444 2441 3146)
3(1528 1893 1654)
3(2917 3043 3282)
3(1386 1843 1132)
3(2775 2521 3232)
3(1617 1763 1672)
3(3006 3061 3152)
3(130 1844 1107)
3(465 2496 3233)
3(1575 1706 1614)
3(2964 3003 3095)
3(1026 1831 1790)
3(2415 3179 3220)
3(1660 1661 162)
3(3049 433 3050)
3(1052 1809 150)
3(2441 445 3198)
3(1696 1848 846)
3(3085 2235 3237)
3(1839 1854 1094)
3(3228 2483 3243)
3(1804 1874 1578)
3(3193 2967 3263)
3(1699 1700 1266)
3(3088 2655 3089)
3(1630 1911 1021)
3(3019 2410 3300)
3(1457 1913 569)
3(2846 1958 3302)
3(671 1715 1714)
3(2060 3103 3104)
3(1654 1822 1535)
3(3043 2924 3211)
3(1599 1877 1108)
3(2988 2497 3266)
3(1100 1839 1838)
3(2489 3227 3228)
3(1719 1723 608)
3(3108 1997 3112)
3(1701 1903 1266)
3(3090 2655 3292)
3(1785 1828 1781)
3(3174 3170 3217)
3(1499 1502 1500)
3(2888 2889 2891)
3(1794 1795 1792)
3(3183 3181 3184)
3(1499 1500 1222)
3(2888 2611 2889)
3(1225 1881 1515)
3(2614 2904 3270)
3(81 1831 1026)
3(514 2415 3220)
3(983 1892 1416)
3(2372 2805 3281)
3(1479 1890 972)
3(2868 2361 3279)
3(1695 1889 973)
3(3084 2362 3278)
3(132 1601 652)
3(463 2041 2990)
3(1026 1800 80)
3(2415 515 3189)
3(1424 1722 1040)
3(2813 2429 3111)
3(148 1607 651)
3(447 2040 2996)
3(1463 1610 1020)
3(2852 2409 2999)
3(1773 1778 1772)
3(3162 3161 3167)
3(1686 1906 1687)
3(3075 3076 3295)
3(1854 1855 1086)
3(3243 2475 3244)
3(651 1606 147)
3(2040 448 2995)
3(789 1897 1510)
3(2178 2899 3286)
3(652 1844 131)
3(2041 464 3233)
3(1701 1884 1044)
3(3090 2433 3273)
3(1027 1879 1810)
3(2416 3199 3268)
3(1682 1683 1140)
3(3071 2529 3072)
3(1524 1758 1626)
3(2913 3015 3147)
3(1272 1891 1856)
3(2661 3245 3280)
3(1135 1898 1725)
3(2524 3114 3287)
3(73 1835 1023)
3(522 2412 3224)
3(1567 1869 1092)
3(2956 2481 3258)
3(1044 1903 1701)
3(2433 3090 3292)
3(1266 1903 165)
3(2655 430 3292)
3(1856 1891 1275)
3(3245 2664 3280)
3(1142 1906 1024)
3(2531 2413 3295)
3(1660 1884 1627)
3(3049 3016 3273)
3(1654 1893 1104)
3(3043 2493 3282)
3(166 1699 1266)
3(429 2655 3088)
3(1463 1737 1221)
3(2852 2610 3126)
3(1166 1630 1501)
3(2555 2890 3019)
3(1093 1854 1839)
3(2482 3228 3243)
3(1785 1816 1815)
3(3174 3204 3205)
3(1042 1900 1046)
3(2431 2435 3289)
3(1044 1660 163)
3(2433 432 3049)
3(987 1900 1722)
3(2376 3111 3289)
3(1667 1905 1459)
3(3056 2848 3294)
3(1024 1906 1131)
3(2413 2520 3295)
3(1566 1678 1677)
3(2955 3066 3067)
3(1729 1898 1257)
3(3118 2646 3287)
3(1764 1916 1057)
3(3153 2446 3305)
3(1093 1855 1854)
3(2482 3243 3244)
3(1222 1737 1463)
3(2611 2852 3126)
3(164 1903 1044)
3(431 2433 3292)
3(1848 1909 846)
3(3237 2235 3298)
3(1500 1737 1222)
3(2889 2611 3126)
3(1714 1715 1594)
3(3103 2983 3104)
3(1828 1829 1780)
3(3217 3169 3218)
3(1504 1802 1801)
3(2893 3190 3191)
3(677 1875 1516)
3(2066 2905 3264)
3(1781 1816 1785)
3(3170 3174 3205)
3(1045 1699 167)
3(2434 428 3088)
3(1722 1900 1042)
3(3111 2431 3289)
3(1594 1870 1714)
3(2983 3103 3259)
3(1044 1884 1660)
3(2433 3049 3273)
3(1089 1829 1828)
3(2478 3217 3218)
3(1742 1901 1623)
3(3131 3012 3290)
3(68 1503 4)
3(527 10 2892)
3(69 1022 68)
3(526 527 2411)
3(1096 1817 1175)
3(2485 2564 3206)
3(1543 1583 1582)
3(2932 2971 2972)
3(1784 1786 1782)
3(3173 3171 3175)
4(57 58 316 315)
4(16 17 275 274)
4(53 54 312 311)
4(55 56 314 313)
4(14 15 273 272)
4(51 52 310 309)
4(18 19 277 276)
4(12 13 271 270)
4(19 20 278 277)
4(54 55 313 312)
4(15 16 274 273)
4(21 22 280 279)
4(48 49 307 306)
4(52 53 311 310)
4(20 21 279 278)
4(49 50 308 307)
4(23 24 282 281)
4(22 23 281 280)
4(46 47 305 304)
4(24 25 283 282)
4(45 46 304 303)
4(28 29 287 286)
4(27 28 286 285)
4(25 26 284 283)
4(42 43 301 300)
4(41 42 300 299)
4(40 41 299 298)
4(56 57 315 314)
4(13 14 272 271)
4(50 51 309 308)
4(29 30 288 287)
4(44 45 303 302)
4(47 48 306 305)
4(26 27 285 284)
4(0 12 270 6)
4(58 3 9 316)
4(2 40 298 8)
4(30 1 7 288)
4(43 44 302 301)
4(17 18 276 275)
4(35 36 294 293)
4(37 38 296 295)
4(31 32 290 289)
4(32 33 291 290)
4(33 34 292 291)
4(38 39 297 296)
4(1 31 289 7)
4(39 2 8 297)
4(36 37 295 294)
4(34 35 293 292)
4(64 65 323 322)
4(61 62 320 319)
4(65 66 324 323)
4(66 67 325 324)
4(59 60 318 317)
4(60 61 319 318)
4(62 63 321 320)
4(63 64 322 321)
4(3 59 317 9)
4(67 0 6 325)
4(71 70 525 524)
4(88 87 508 507)
4(72 71 524 523)
4(160 159 436 435)
4(90 89 506 505)
4(222 221 374 373)
4(5 168 427 11)
4(126 125 470 469)
4(107 106 489 488)
4(94 93 502 501)
4(75 74 521 520)
4(115 114 481 480)
4(243 242 353 352)
4(241 240 355 354)
4(242 241 354 353)
4(96 95 500 499)
4(251 250 345 344)
4(249 248 347 346)
4(179 178 417 416)
4(117 116 479 478)
4(221 220 375 374)
4(245 244 351 350)
4(247 246 349 348)
4(250 249 346 345)
4(267 266 329 328)
4(220 219 376 375)
4(253 252 343 342)
4(231 230 365 364)
4(263 262 333 332)
4(236 235 360 359)
4(230 229 366 365)
4(196 195 400 399)
4(235 234 361 360)
4(234 233 362 361)
4(226 225 370 369)
4(207 206 389 388)
4(225 224 371 370)
4(237 236 359 358)
4(238 237 358 357)
4(252 251 344 343)
4(240 239 356 355)
4(246 245 350 349)
4(228 227 368 367)
4(206 205 390 389)
4(215 214 381 380)
4(244 243 352 351)
4(212 211 384 383)
4(255 254 341 340)
4(233 232 363 362)
4(211 210 385 384)
4(218 217 378 377)
4(227 226 369 368)
4(239 238 357 356)
4(205 204 391 390)
4(254 253 342 341)
4(248 247 348 347)
4(213 212 383 382)
4(257 256 339 338)
4(258 257 338 337)
4(209 208 387 386)
4(216 215 380 379)
4(229 228 367 366)
4(224 223 372 371)
4(219 218 377 376)
4(256 255 340 339)
4(210 209 386 385)
4(262 261 334 333)
4(259 258 337 336)
4(204 203 392 391)
4(260 259 336 335)
4(208 207 388 387)
4(178 177 418 417)
4(195 194 401 400)
4(261 260 335 334)
4(200 199 396 395)
4(180 179 416 415)
4(264 263 332 331)
4(202 201 394 393)
4(266 265 330 329)
4(197 196 399 398)
4(184 183 412 411)
4(188 187 408 407)
4(198 197 398 397)
4(181 180 415 414)
4(203 202 393 392)
4(183 182 413 412)
4(189 188 407 406)
4(185 184 411 410)
4(199 198 397 396)
4(187 186 409 408)
4(194 193 402 401)
4(192 191 404 403)
4(193 192 403 402)
4(268 267 328 327)
4(190 189 406 405)
4(191 190 405 404)
4(98 97 498 497)
4(177 176 419 418)
4(182 181 414 413)
4(186 185 410 409)
4(265 264 331 330)
4(201 200 395 394)
4(175 174 421 420)
4(176 175 420 419)
4(269 268 327 326)
4(174 173 422 421)
4(169 5 11 426)
4(4 269 326 10)
4(114 113 482 481)
4(170 169 426 425)
4(173 172 423 422)
4(99 98 497 496)
4(171 170 425 424)
4(172 171 424 423)
4(97 96 499 498)
4(217 216 379 378)
4(100 99 496 495)
4(93 92 503 502)
4(106 105 490 489)
4(103 102 493 492)
4(86 85 510 509)
4(76 75 520 519)
4(102 101 494 493)
4(119 118 477 476)
4(124 123 472 471)
4(109 108 487 486)
4(223 222 373 372)
4(101 100 495 494)
4(125 124 471 470)
4(112 111 484 483)
4(110 109 486 485)
4(144 143 452 451)
4(120 119 476 475)
4(122 121 474 473)
4(145 144 451 450)
4(123 122 473 472)
4(121 120 475 474)
4(136 135 460 459)
4(111 110 485 484)
4(128 127 468 467)
4(135 134 461 460)
4(134 133 462 461)
4(116 115 480 479)
4(143 142 453 452)
4(89 88 507 506)
4(146 145 450 449)
4(113 112 483 482)
4(91 90 505 504)
4(158 157 438 437)
4(85 84 511 510)
4(77 76 519 518)
4(129 128 467 466)
4(161 160 435 434)
4(232 231 364 363)
4(154 153 442 441)
4(155 154 441 440)
4(95 94 501 500)
4(142 141 454 453)
4(138 137 458 457)
4(153 152 443 442)
4(141 140 455 454)
4(139 138 457 456)
4(105 104 491 490)
4(84 83 512 511)
4(78 77 518 517)
4(149 148 447 446)
4(83 82 513 512)
4(152 151 444 443)
4(214 213 382 381)
4(79 78 517 516)
4(118 117 478 477)
4(162 161 434 433)
4(130 129 466 465)
4(133 132 463 462)
4(140 139 456 455)
4(108 107 488 487)
4(147 146 449 448)
4(156 155 440 439)
4(92 91 504 503)
4(127 126 469 468)
4(82 81 514 513)
4(80 79 516 515)
4(150 149 446 445)
4(151 150 445 444)
4(131 130 465 464)
4(87 86 509 508)
4(166 165 430 429)
4(159 158 437 436)
4(163 162 433 432)
4(137 136 459 458)
4(81 80 515 514)
4(104 103 492 491)
4(73 72 523 522)
4(132 131 464 463)
4(157 156 439 438)
4(165 164 431 430)
4(148 147 448 447)
4(167 166 429 428)
4(74 73 522 521)
4(164 163 432 431)
4(168 167 428 427)
4(70 69 526 525)
4(68 4 10 527)
4(69 68 527 526)
)


// ************************************************************************* //
