$MeshFormat
2.2 0 8
$EndMeshFormat
$PhysicalNames
4
2 1 "frontAndBack"
2 2 "fixedWalls"
2 3 "movingWall"
3 4 "internalField"
$EndPhysicalNames
$Nodes
3362
1 0 0 0
2 1 0 0
3 1 1 0
4 0 1 0
5 0 0 0.1
6 1 0 0.1
7 1 1 0.1
8 0 1 0.1
9 0.02499999999995272 0 0
10 0.04999999999989938 0 0
11 0.07499999999985242 0 0
12 0.09999999999981413 0 0
13 0.1249999999997731 0 0
14 0.1499999999997028 0 0
15 0.1749999999996299 0 0
16 0.1999999999995569 0 0
17 0.2249999999994839 0 0
18 0.2499999999994109 0 0
19 0.274999999999338 0 0
20 0.299999999999265 0 0
21 0.324999999999192 0 0
22 0.3499999999991191 0 0
23 0.3749999999990461 0 0
24 0.3999999999989731 0 0
25 0.4249999999989001 0 0
26 0.4499999999988272 0 0
27 0.4749999999987542 0 0
28 0.4999999999986921 0 0
29 0.5249999999987471 0 0
30 0.5499999999988131 0 0
31 0.5749999999988791 0 0
32 0.599999999998945 0 0
33 0.6249999999990109 0 0
34 0.6499999999990769 0 0
35 0.6749999999991427 0 0
36 0.6999999999992088 0 0
37 0.7249999999992747 0 0
38 0.7499999999993406 0 0
39 0.7749999999994065 0 0
40 0.7999999999994725 0 0
41 0.8249999999995385 0 0
42 0.8499999999996044 0 0
43 0.8749999999996704 0 0
44 0.8999999999997362 0 0
45 0.9249999999998022 0 0
46 0.9499999999998682 0 0
47 0.9749999999999341 0 0
48 1 0.02499999999995272 0
49 1 0.04999999999989938 0
50 1 0.07499999999985242 0
51 1 0.09999999999981413 0
52 1 0.1249999999997731 0
53 1 0.1499999999997028 0
54 1 0.1749999999996299 0
55 1 0.1999999999995569 0
56 1 0.2249999999994839 0
57 1 0.2499999999994109 0
58 1 0.274999999999338 0
59 1 0.299999999999265 0
60 1 0.324999999999192 0
61 1 0.3499999999991191 0
62 1 0.3749999999990461 0
63 1 0.3999999999989731 0
64 1 0.4249999999989001 0
65 1 0.4499999999988272 0
66 1 0.4749999999987542 0
67 1 0.4999999999986921 0
68 1 0.5249999999987471 0
69 1 0.5499999999988131 0
70 1 0.5749999999988791 0
71 1 0.599999999998945 0
72 1 0.6249999999990109 0
73 1 0.6499999999990769 0
74 1 0.6749999999991427 0
75 1 0.6999999999992088 0
76 1 0.7249999999992747 0
77 1 0.7499999999993406 0
78 1 0.7749999999994065 0
79 1 0.7999999999994725 0
80 1 0.8249999999995385 0
81 1 0.8499999999996044 0
82 1 0.8749999999996704 0
83 1 0.8999999999997362 0
84 1 0.9249999999998022 0
85 1 0.9499999999998682 0
86 1 0.9749999999999341 0
87 0.9749999999998959 1 0
88 0.9499999999997918 1 0
89 0.9249999999996877 1 0
90 0.8999999999995836 1 0
91 0.8749999999995012 1 0
92 0.849999999999653 1 0
93 0.8249999999998265 1 0
94 0.8 1 0
95 0.7750000000001736 1 0
96 0.7500000000003471 1 0
97 0.7250000000005203 1 0
98 0.7000000000006938 1 0
99 0.6750000000008674 1 0
100 0.6500000000010406 1 0
101 0.6250000000012141 1 0
102 0.6000000000013874 1 0
103 0.5750000000015609 1 0
104 0.5500000000017343 1 0
105 0.5250000000019077 1 0
106 0.5000000000020595 1 0
107 0.4750000000019771 1 0
108 0.450000000001873 1 0
109 0.425000000001769 1 0
110 0.400000000001665 1 0
111 0.3750000000015609 1 0
112 0.3500000000014568 1 0
113 0.3250000000013528 1 0
114 0.3000000000012487 1 0
115 0.2750000000011447 1 0
116 0.2500000000010406 1 0
117 0.2250000000009365 1 0
118 0.2000000000008325 1 0
119 0.1750000000007285 1 0
120 0.1500000000006244 1 0
121 0.1250000000005204 1 0
122 0.1000000000004162 1 0
123 0.07500000000031226 1 0
124 0.0500000000002081 1 0
125 0.02500000000010416 1 0
126 0 0.9749999999998959 0
127 0 0.9499999999997918 0
128 0 0.9249999999996877 0
129 0 0.8999999999995836 0
130 0 0.8749999999995012 0
131 0 0.849999999999653 0
132 0 0.8249999999998265 0
133 0 0.8 0
134 0 0.7750000000001736 0
135 0 0.7500000000003471 0
136 0 0.7250000000005203 0
137 0 0.7000000000006938 0
138 0 0.6750000000008674 0
139 0 0.6500000000010406 0
140 0 0.6250000000012141 0
141 0 0.6000000000013874 0
142 0 0.5750000000015609 0
143 0 0.5500000000017343 0
144 0 0.5250000000019077 0
145 0 0.5000000000020595 0
146 0 0.4750000000019771 0
147 0 0.450000000001873 0
148 0 0.425000000001769 0
149 0 0.400000000001665 0
150 0 0.3750000000015609 0
151 0 0.3500000000014568 0
152 0 0.3250000000013528 0
153 0 0.3000000000012487 0
154 0 0.2750000000011447 0
155 0 0.2500000000010406 0
156 0 0.2250000000009365 0
157 0 0.2000000000008325 0
158 0 0.1750000000007285 0
159 0 0.1500000000006244 0
160 0 0.1250000000005204 0
161 0 0.1000000000004162 0
162 0 0.07500000000031226 0
163 0 0.0500000000002081 0
164 0 0.02500000000010416 0
165 0.02499999999995272 0 0.1
166 0.04999999999989938 0 0.1
167 0.07499999999985242 0 0.1
168 0.09999999999981413 0 0.1
169 0.1249999999997731 0 0.1
170 0.1499999999997028 0 0.1
171 0.1749999999996299 0 0.1
172 0.1999999999995569 0 0.1
173 0.2249999999994839 0 0.1
174 0.2499999999994109 0 0.1
175 0.274999999999338 0 0.1
176 0.299999999999265 0 0.1
177 0.324999999999192 0 0.1
178 0.3499999999991191 0 0.1
179 0.3749999999990461 0 0.1
180 0.3999999999989731 0 0.1
181 0.4249999999989001 0 0.1
182 0.4499999999988272 0 0.1
183 0.4749999999987542 0 0.1
184 0.4999999999986921 0 0.1
185 0.5249999999987471 0 0.1
186 0.5499999999988131 0 0.1
187 0.5749999999988791 0 0.1
188 0.599999999998945 0 0.1
189 0.6249999999990109 0 0.1
190 0.6499999999990769 0 0.1
191 0.6749999999991427 0 0.1
192 0.6999999999992088 0 0.1
193 0.7249999999992747 0 0.1
194 0.7499999999993406 0 0.1
195 0.7749999999994065 0 0.1
196 0.7999999999994725 0 0.1
197 0.8249999999995385 0 0.1
198 0.8499999999996044 0 0.1
199 0.8749999999996704 0 0.1
200 0.8999999999997362 0 0.1
201 0.9249999999998022 0 0.1
202 0.9499999999998682 0 0.1
203 0.9749999999999341 0 0.1
204 1 0.02499999999995272 0.1
205 1 0.04999999999989938 0.1
206 1 0.07499999999985242 0.1
207 1 0.09999999999981413 0.1
208 1 0.1249999999997731 0.1
209 1 0.1499999999997028 0.1
210 1 0.1749999999996299 0.1
211 1 0.1999999999995569 0.1
212 1 0.2249999999994839 0.1
213 1 0.2499999999994109 0.1
214 1 0.274999999999338 0.1
215 1 0.299999999999265 0.1
216 1 0.324999999999192 0.1
217 1 0.3499999999991191 0.1
218 1 0.3749999999990461 0.1
219 1 0.3999999999989731 0.1
220 1 0.4249999999989001 0.1
221 1 0.4499999999988272 0.1
222 1 0.4749999999987542 0.1
223 1 0.4999999999986921 0.1
224 1 0.5249999999987471 0.1
225 1 0.5499999999988131 0.1
226 1 0.5749999999988791 0.1
227 1 0.599999999998945 0.1
228 1 0.6249999999990109 0.1
229 1 0.6499999999990769 0.1
230 1 0.6749999999991427 0.1
231 1 0.6999999999992088 0.1
232 1 0.7249999999992747 0.1
233 1 0.7499999999993406 0.1
234 1 0.7749999999994065 0.1
235 1 0.7999999999994725 0.1
236 1 0.8249999999995385 0.1
237 1 0.8499999999996044 0.1
238 1 0.8749999999996704 0.1
239 1 0.8999999999997362 0.1
240 1 0.9249999999998022 0.1
241 1 0.9499999999998682 0.1
242 1 0.9749999999999341 0.1
243 0.9749999999998959 1 0.1
244 0.9499999999997918 1 0.1
245 0.9249999999996877 1 0.1
246 0.8999999999995836 1 0.1
247 0.8749999999995012 1 0.1
248 0.849999999999653 1 0.1
249 0.8249999999998265 1 0.1
250 0.8 1 0.1
251 0.7750000000001736 1 0.1
252 0.7500000000003471 1 0.1
253 0.7250000000005203 1 0.1
254 0.7000000000006938 1 0.1
255 0.6750000000008674 1 0.1
256 0.6500000000010406 1 0.1
257 0.6250000000012141 1 0.1
258 0.6000000000013874 1 0.1
259 0.5750000000015609 1 0.1
260 0.5500000000017343 1 0.1
261 0.5250000000019077 1 0.1
262 0.5000000000020595 1 0.1
263 0.4750000000019771 1 0.1
264 0.450000000001873 1 0.1
265 0.425000000001769 1 0.1
266 0.400000000001665 1 0.1
267 0.3750000000015609 1 0.1
268 0.3500000000014568 1 0.1
269 0.3250000000013528 1 0.1
270 0.3000000000012487 1 0.1
271 0.2750000000011447 1 0.1
272 0.2500000000010406 1 0.1
273 0.2250000000009365 1 0.1
274 0.2000000000008325 1 0.1
275 0.1750000000007285 1 0.1
276 0.1500000000006244 1 0.1
277 0.1250000000005204 1 0.1
278 0.1000000000004162 1 0.1
279 0.07500000000031226 1 0.1
280 0.0500000000002081 1 0.1
281 0.02500000000010416 1 0.1
282 0 0.9749999999998959 0.1
283 0 0.9499999999997918 0.1
284 0 0.9249999999996877 0.1
285 0 0.8999999999995836 0.1
286 0 0.8749999999995012 0.1
287 0 0.849999999999653 0.1
288 0 0.8249999999998265 0.1
289 0 0.8 0.1
290 0 0.7750000000001736 0.1
291 0 0.7500000000003471 0.1
292 0 0.7250000000005203 0.1
293 0 0.7000000000006938 0.1
294 0 0.6750000000008674 0.1
295 0 0.6500000000010406 0.1
296 0 0.6250000000012141 0.1
297 0 0.6000000000013874 0.1
298 0 0.5750000000015609 0.1
299 0 0.5500000000017343 0.1
300 0 0.5250000000019077 0.1
301 0 0.5000000000020595 0.1
302 0 0.4750000000019771 0.1
303 0 0.450000000001873 0.1
304 0 0.425000000001769 0.1
305 0 0.400000000001665 0.1
306 0 0.3750000000015609 0.1
307 0 0.3500000000014568 0.1
308 0 0.3250000000013528 0.1
309 0 0.3000000000012487 0.1
310 0 0.2750000000011447 0.1
311 0 0.2500000000010406 0.1
312 0 0.2250000000009365 0.1
313 0 0.2000000000008325 0.1
314 0 0.1750000000007285 0.1
315 0 0.1500000000006244 0.1
316 0 0.1250000000005204 0.1
317 0 0.1000000000004162 0.1
318 0 0.07500000000031226 0.1
319 0 0.0500000000002081 0.1
320 0 0.02500000000010416 0.1
321 0.02499999999995651 0.02500000000010038 0
322 0.02499999999996029 0.05000000000020038 0
323 0.02499999999996408 0.07500000000030078 0
324 0.02499999999996787 0.1000000000004011 0
325 0.02499999999997165 0.1250000000005017 0
326 0.02499999999997544 0.1500000000006014 0
327 0.02499999999997923 0.175000000000701 0
328 0.02499999999998301 0.2000000000008006 0
329 0.0249999999999868 0.2250000000009001 0
330 0.02499999999999058 0.2500000000009999 0
331 0.02499999999999437 0.2750000000010995 0
332 0.02499999999999816 0.3000000000011992 0
333 0.02500000000000194 0.3250000000012987 0
334 0.02500000000000572 0.3500000000013984 0
335 0.02500000000000951 0.375000000001498 0
336 0.0250000000000133 0.4000000000015977 0
337 0.02500000000001708 0.4250000000016972 0
338 0.02500000000002087 0.4500000000017969 0
339 0.02500000000002466 0.4750000000018966 0
340 0.02500000000002844 0.5000000000019753 0
341 0.02500000000003223 0.5250000000018286 0
342 0.02500000000003601 0.5500000000016614 0
343 0.0250000000000398 0.5750000000014938 0
344 0.02500000000004358 0.6000000000013264 0
345 0.02500000000004737 0.6250000000011591 0
346 0.02500000000005116 0.6500000000009915 0
347 0.02500000000005495 0.6750000000008243 0
348 0.02500000000005873 0.7000000000006567 0
349 0.02500000000006252 0.7250000000004891 0
350 0.0250000000000663 0.750000000000322 0
351 0.02500000000007009 0.7750000000001543 0
352 0.02500000000007388 0.7999999999999868 0
353 0.02500000000007766 0.8249999999998192 0
354 0.02500000000008144 0.8499999999996517 0
355 0.02500000000008523 0.8749999999995053 0
356 0.02500000000008902 0.8999999999995874 0
357 0.02500000000009281 0.9249999999996906 0
358 0.02500000000009659 0.9499999999997937 0
359 0.02500000000010038 0.9749999999998969 0
360 0.0499999999999071 0.02500000000009659 0
361 0.04999999999991482 0.05000000000019267 0
362 0.04999999999992254 0.07500000000028927 0
363 0.04999999999993025 0.1000000000003861 0
364 0.04999999999993798 0.1250000000004831 0
365 0.04999999999994569 0.1500000000005783 0
366 0.04999999999995341 0.1750000000006735 0
367 0.04999999999996113 0.2000000000007688 0
368 0.04999999999996885 0.2250000000008638 0
369 0.04999999999997655 0.2500000000009591 0
370 0.04999999999998428 0.2750000000010543 0
371 0.049999999999992 0.3000000000011495 0
372 0.04999999999999971 0.3250000000012447 0
373 0.05000000000000743 0.3500000000013399 0
374 0.05000000000001514 0.3750000000014352 0
375 0.05000000000002286 0.4000000000015305 0
376 0.05000000000003059 0.4250000000016256 0
377 0.05000000000003832 0.4500000000017207 0
378 0.05000000000004602 0.475000000001816 0
379 0.05000000000005375 0.5000000000018909 0
380 0.05000000000006145 0.5250000000017496 0
381 0.05000000000006917 0.5500000000015881 0
382 0.0500000000000769 0.5750000000014267 0
383 0.05000000000008462 0.6000000000012653 0
384 0.05000000000009233 0.625000000001104 0
385 0.05000000000010005 0.6500000000009425 0
386 0.05000000000010776 0.6750000000007813 0
387 0.05000000000011548 0.7000000000006197 0
388 0.0500000000001232 0.7250000000004581 0
389 0.05000000000013091 0.7500000000002965 0
390 0.05000000000013863 0.7750000000001352 0
391 0.05000000000014636 0.7999999999999735 0
392 0.05000000000015407 0.8249999999998122 0
393 0.05000000000016179 0.8499999999996505 0
394 0.05000000000016951 0.8749999999995096 0
395 0.05000000000017724 0.8999999999995911 0
396 0.05000000000018495 0.9249999999996935 0
397 0.05000000000019267 0.9499999999997956 0
398 0.05000000000020038 0.9749999999998978 0
399 0.07499999999986391 0.02500000000009281 0
400 0.07499999999987543 0.05000000000018495 0
401 0.07499999999988692 0.07500000000027778 0
402 0.07499999999989841 0.1000000000003711 0
403 0.07499999999990989 0.1250000000004643 0
404 0.07499999999992139 0.1500000000005553 0
405 0.07499999999993288 0.1750000000006461 0
406 0.0749999999999444 0.2000000000007369 0
407 0.07499999999995591 0.2250000000008275 0
408 0.07499999999996738 0.2500000000009184 0
409 0.07499999999997888 0.2750000000010091 0
410 0.07499999999999037 0.3000000000010999 0
411 0.07500000000000186 0.3250000000011907 0
412 0.07500000000001336 0.3500000000012815 0
413 0.07500000000002484 0.3750000000013723 0
414 0.07500000000003634 0.4000000000014631 0
415 0.07500000000004785 0.4250000000015539 0
416 0.07500000000005937 0.4500000000016445 0
417 0.07500000000007086 0.4750000000017354 0
418 0.07500000000008235 0.500000000001807 0
419 0.07500000000009384 0.5250000000016707 0
420 0.07500000000010533 0.5500000000015153 0
421 0.07500000000011682 0.5750000000013596 0
422 0.07500000000012831 0.6000000000012042 0
423 0.0750000000001398 0.6250000000010489 0
424 0.07500000000015132 0.6500000000008933 0
425 0.07500000000016281 0.6750000000007381 0
426 0.0750000000001743 0.7000000000005825 0
427 0.07500000000018582 0.725000000000427 0
428 0.07500000000019731 0.7500000000002717 0
429 0.0750000000002088 0.7750000000001162 0
430 0.07500000000022029 0.7999999999999605 0
431 0.07500000000023178 0.824999999999805 0
432 0.07500000000024327 0.8499999999996495 0
433 0.07500000000025477 0.8749999999995137 0
434 0.07500000000026628 0.899999999999595 0
435 0.07500000000027778 0.9249999999996964 0
436 0.07500000000028927 0.9499999999997975 0
437 0.07500000000030078 0.9749999999998988 0
438 0.09999999999982918 0.02500000000008901 0
439 0.09999999999984423 0.05000000000017724 0
440 0.09999999999985927 0.07500000000026626 0
441 0.09999999999987433 0.100000000000356 0
442 0.09999999999988939 0.1250000000004456 0
443 0.09999999999990443 0.1500000000005322 0
444 0.0999999999999195 0.1750000000006185 0
445 0.09999999999993456 0.2000000000007049 0
446 0.09999999999994959 0.2250000000007912 0
447 0.09999999999996463 0.2500000000008776 0
448 0.0999999999999797 0.275000000000964 0
449 0.09999999999999473 0.3000000000010504 0
450 0.1000000000000098 0.3250000000011367 0
451 0.1000000000000248 0.3500000000012231 0
452 0.1000000000000399 0.3750000000013095 0
453 0.1000000000000549 0.4000000000013959 0
454 0.10000000000007 0.4250000000014821 0
455 0.1000000000000851 0.4500000000015684 0
456 0.1000000000001001 0.4750000000016548 0
457 0.1000000000001151 0.5000000000017226 0
458 0.1000000000001302 0.5250000000015919 0
459 0.1000000000001453 0.5500000000014422 0
460 0.1000000000001603 0.5750000000012928 0
461 0.1000000000001754 0.6000000000011432 0
462 0.1000000000001904 0.6250000000009939 0
463 0.1000000000002055 0.6500000000008442 0
464 0.1000000000002205 0.675000000000695 0
465 0.1000000000002356 0.7000000000005454 0
466 0.1000000000002507 0.7250000000003959 0
467 0.1000000000002657 0.7500000000002464 0
468 0.1000000000002807 0.7750000000000968 0
469 0.1000000000002958 0.7999999999999473 0
470 0.1000000000003108 0.8249999999997979 0
471 0.1000000000003259 0.8499999999996481 0
472 0.1000000000003409 0.8749999999995182 0
473 0.100000000000356 0.8999999999995989 0
474 0.1000000000003711 0.9249999999996993 0
475 0.1000000000003861 0.9499999999997994 0
476 0.1000000000004011 0.9749999999998996 0
477 0.1249999999997918 0.02500000000008522 0
478 0.1249999999998105 0.05000000000016952 0
479 0.1249999999998292 0.07500000000025475 0
480 0.1249999999998478 0.1000000000003409 0
481 0.1249999999998665 0.125000000000427 0
482 0.1249999999998852 0.1500000000005093 0
483 0.1249999999999039 0.1750000000005912 0
484 0.1249999999999226 0.2000000000006731 0
485 0.1249999999999412 0.2250000000007549 0
486 0.1249999999999599 0.2500000000008369 0
487 0.1249999999999786 0.2750000000009188 0
488 0.1249999999999973 0.3000000000010007 0
489 0.125000000000016 0.3250000000010827 0
490 0.1250000000000347 0.3500000000011647 0
491 0.1250000000000533 0.3750000000012465 0
492 0.125000000000072 0.4000000000013285 0
493 0.1250000000000907 0.4250000000014104 0
494 0.1250000000001094 0.4500000000014923 0
495 0.1250000000001281 0.4750000000015742 0
496 0.1250000000001467 0.5000000000016387 0
497 0.1250000000001654 0.5250000000015128 0
498 0.1250000000001841 0.5500000000013692 0
499 0.1250000000002028 0.5750000000012255 0
500 0.1250000000002215 0.6000000000010821 0
501 0.1250000000002402 0.6250000000009388 0
502 0.1250000000002588 0.6500000000007951 0
503 0.1250000000002775 0.6750000000006519 0
504 0.1250000000002962 0.7000000000005083 0
505 0.1250000000003149 0.7250000000003648 0
506 0.1250000000003335 0.750000000000221 0
507 0.1250000000003522 0.7750000000000775 0
508 0.1250000000003709 0.799999999999934 0
509 0.1250000000003896 0.8249999999997906 0
510 0.1250000000004083 0.8499999999996468 0
511 0.125000000000427 0.8749999999995223 0
512 0.1250000000004456 0.8999999999996026 0
513 0.1250000000004643 0.9249999999997019 0
514 0.125000000000483 0.9499999999998014 0
515 0.1250000000005017 0.9749999999999009 0
516 0.1499999999997258 0.02500000000008145 0
517 0.1499999999997489 0.0500000000001618 0
518 0.149999999999772 0.07500000000024327 0
519 0.149999999999795 0.1000000000003259 0
520 0.149999999999818 0.1250000000004083 0
521 0.1499999999998411 0.1500000000004862 0
522 0.1499999999998641 0.1750000000005636 0
523 0.1499999999998871 0.2000000000006411 0
524 0.1499999999999102 0.2250000000007186 0
525 0.1499999999999332 0.2500000000007961 0
526 0.1499999999999563 0.2750000000008737 0
527 0.1499999999999793 0.3000000000009512 0
528 0.1500000000000023 0.3250000000010286 0
529 0.1500000000000254 0.3500000000011061 0
530 0.1500000000000484 0.3750000000011837 0
531 0.1500000000000715 0.4000000000012613 0
532 0.1500000000000945 0.4250000000013387 0
533 0.1500000000001176 0.4500000000014162 0
534 0.1500000000001406 0.4750000000014937 0
535 0.1500000000001636 0.5000000000015543 0
536 0.1500000000001867 0.5250000000014338 0
537 0.1500000000002097 0.5500000000012961 0
538 0.1500000000002328 0.5750000000011587 0
539 0.1500000000002558 0.600000000001021 0
540 0.1500000000002788 0.6250000000008837 0
541 0.1500000000003019 0.6500000000007461 0
542 0.1500000000003249 0.6750000000006087 0
543 0.1500000000003479 0.7000000000004709 0
544 0.150000000000371 0.7250000000003334 0
545 0.150000000000394 0.7500000000001961 0
546 0.150000000000417 0.7750000000000583 0
547 0.1500000000004401 0.7999999999999209 0
548 0.1500000000004631 0.8249999999997832 0
549 0.1500000000004861 0.8499999999996457 0
550 0.1500000000005092 0.8749999999995265 0
551 0.1500000000005322 0.8999999999996064 0
552 0.1500000000005553 0.9249999999997051 0
553 0.1500000000005783 0.9499999999998032 0
554 0.1500000000006014 0.9749999999999018 0
555 0.1749999999996573 0.02500000000007766 0
556 0.1749999999996848 0.05000000000015408 0
557 0.1749999999997122 0.07500000000023178 0
558 0.1749999999997397 0.1000000000003108 0
559 0.1749999999997672 0.1250000000003895 0
560 0.1749999999997947 0.1500000000004632 0
561 0.1749999999998222 0.1750000000005362 0
562 0.1749999999998497 0.2000000000006092 0
563 0.1749999999998771 0.2250000000006823 0
564 0.1749999999999045 0.2500000000007554 0
565 0.174999999999932 0.2750000000008285 0
566 0.1749999999999595 0.3000000000009015 0
567 0.1749999999999869 0.3250000000009746 0
568 0.1750000000000144 0.3500000000010477 0
569 0.1750000000000418 0.3750000000011207 0
570 0.1750000000000693 0.4000000000011939 0
571 0.1750000000000967 0.425000000001267 0
572 0.1750000000001243 0.45000000000134 0
573 0.1750000000001517 0.4750000000014131 0
574 0.1750000000001792 0.5000000000014702 0
575 0.1750000000002066 0.5250000000013547 0
576 0.1750000000002341 0.5500000000012231 0
577 0.1750000000002615 0.5750000000010914 0
578 0.1750000000002891 0.60000000000096 0
579 0.1750000000003165 0.6250000000008287 0
580 0.175000000000344 0.650000000000697 0
581 0.1750000000003714 0.6750000000005654 0
582 0.1750000000003989 0.7000000000004339 0
583 0.1750000000004264 0.7250000000003022 0
584 0.1750000000004538 0.7500000000001709 0
585 0.1750000000004812 0.7750000000000393 0
586 0.1750000000005087 0.7999999999999079 0
587 0.1750000000005362 0.8249999999997761 0
588 0.1750000000005636 0.8499999999996447 0
589 0.1750000000005912 0.8749999999995306 0
590 0.1750000000006186 0.8999999999996102 0
591 0.1750000000006461 0.9249999999997077 0
592 0.1750000000006735 0.9499999999998052 0
593 0.175000000000701 0.9749999999999028 0
594 0.1999999999995887 0.02500000000007388 0
595 0.1999999999996207 0.05000000000014634 0
596 0.1999999999996526 0.07500000000022029 0
597 0.1999999999996845 0.1000000000002958 0
598 0.1999999999997164 0.1250000000003709 0
599 0.1999999999997482 0.1500000000004401 0
600 0.1999999999997801 0.1750000000005087 0
601 0.199999999999812 0.2000000000005774 0
602 0.1999999999998439 0.2250000000006459 0
603 0.1999999999998758 0.2500000000007147 0
604 0.1999999999999077 0.2750000000007833 0
605 0.1999999999999396 0.3000000000008519 0
606 0.1999999999999715 0.3250000000009206 0
607 0.2000000000000034 0.3500000000009893 0
608 0.2000000000000352 0.3750000000010579 0
609 0.2000000000000671 0.4000000000011267 0
610 0.200000000000099 0.4250000000011951 0
611 0.2000000000001309 0.4500000000012638 0
612 0.2000000000001628 0.4750000000013325 0
613 0.2000000000001947 0.500000000001386 0
614 0.2000000000002266 0.5250000000012757 0
615 0.2000000000002585 0.55000000000115 0
616 0.2000000000002904 0.5750000000010244 0
617 0.2000000000003223 0.6000000000008989 0
618 0.2000000000003542 0.6250000000007736 0
619 0.200000000000386 0.6500000000006477 0
620 0.2000000000004179 0.6750000000005223 0
621 0.2000000000004498 0.700000000000397 0
622 0.2000000000004817 0.7250000000002711 0
623 0.2000000000005136 0.7500000000001459 0
624 0.2000000000005455 0.7750000000000202 0
625 0.2000000000005774 0.7999999999998945 0
626 0.2000000000006093 0.824999999999769 0
627 0.2000000000006412 0.8499999999996433 0
628 0.200000000000673 0.8749999999995351 0
629 0.2000000000007049 0.899999999999614 0
630 0.2000000000007369 0.9249999999997107 0
631 0.2000000000007687 0.949999999999807 0
632 0.2000000000008006 0.9749999999999037 0
633 0.2249999999995203 0.02500000000007009 0
634 0.2249999999995566 0.05000000000013863 0
635 0.2249999999995929 0.07500000000020882 0
636 0.2249999999996292 0.1000000000002807 0
637 0.2249999999996655 0.1250000000003522 0
638 0.2249999999997018 0.150000000000417 0
639 0.2249999999997381 0.1750000000004812 0
640 0.2249999999997745 0.2000000000005455 0
641 0.2249999999998107 0.2250000000006096 0
642 0.224999999999847 0.2500000000006739 0
643 0.2249999999998834 0.2750000000007382 0
644 0.2249999999999197 0.3000000000008024 0
645 0.224999999999956 0.3250000000008667 0
646 0.2249999999999924 0.3500000000009308 0
647 0.2250000000000286 0.375000000000995 0
648 0.225000000000065 0.4000000000010593 0
649 0.2250000000001013 0.4250000000011234 0
650 0.2250000000001375 0.4500000000011877 0
651 0.2250000000001739 0.4750000000012519 0
652 0.2250000000002102 0.5000000000013016 0
653 0.2250000000002465 0.5250000000011966 0
654 0.2250000000002828 0.550000000001077 0
655 0.2250000000003191 0.5750000000009576 0
656 0.2250000000003554 0.6000000000008379 0
657 0.2250000000003918 0.6250000000007185 0
658 0.2250000000004281 0.6500000000005989 0
659 0.2250000000004644 0.6750000000004792 0
660 0.2250000000005007 0.7000000000003596 0
661 0.225000000000537 0.7250000000002401 0
662 0.2250000000005734 0.7500000000001207 0
663 0.2250000000006097 0.775000000000001 0
664 0.225000000000646 0.7999999999998811 0
665 0.2250000000006823 0.8249999999997618 0
666 0.2250000000007186 0.8499999999996422 0
667 0.2250000000007549 0.8749999999995393 0
668 0.2250000000007912 0.8999999999996181 0
669 0.2250000000008275 0.9249999999997136 0
670 0.2250000000008638 0.949999999999809 0
671 0.2250000000009001 0.9749999999999045 0
672 0.2499999999994517 0.0250000000000663 0
673 0.2499999999994924 0.05000000000013093 0
674 0.2499999999995332 0.07500000000019731 0
675 0.249999999999574 0.1000000000002657 0
676 0.2499999999996146 0.1250000000003335 0
677 0.2499999999996554 0.150000000000394 0
678 0.2499999999996961 0.1750000000004538 0
679 0.2499999999997369 0.2000000000005136 0
680 0.2499999999997776 0.2250000000005733 0
681 0.2499999999998184 0.2500000000006332 0
682 0.2499999999998591 0.275000000000693 0
683 0.2499999999998999 0.3000000000007528 0
684 0.2499999999999406 0.3250000000008126 0
685 0.2499999999999813 0.3500000000008723 0
686 0.2500000000000221 0.3750000000009323 0
687 0.2500000000000628 0.4000000000009921 0
688 0.2500000000001036 0.4250000000010518 0
689 0.2500000000001443 0.4500000000011116 0
690 0.2500000000001851 0.4750000000011714 0
691 0.2500000000002257 0.5000000000012177 0
692 0.2500000000002666 0.5250000000011176 0
693 0.2500000000003073 0.5500000000010041 0
694 0.2500000000003479 0.5750000000008905 0
695 0.2500000000003888 0.6000000000007768 0
696 0.2500000000004295 0.6250000000006635 0
697 0.2500000000004703 0.6500000000005496 0
698 0.2500000000005109 0.6750000000004361 0
699 0.2500000000005517 0.7000000000003227 0
700 0.2500000000005924 0.7250000000002089 0
701 0.2500000000006332 0.7500000000000954 0
702 0.2500000000006739 0.7749999999999816 0
703 0.2500000000007147 0.7999999999998683 0
704 0.2500000000007554 0.8249999999997546 0
705 0.2500000000007961 0.8499999999996408 0
706 0.2500000000008369 0.8749999999995435 0
707 0.2500000000008776 0.8999999999996218 0
708 0.2500000000009184 0.9249999999997162 0
709 0.2500000000009591 0.9499999999998108 0
710 0.2500000000009999 0.9749999999999053 0
711 0.2749999999993832 0.02500000000006251 0
712 0.2749999999994283 0.0500000000001232 0
713 0.2749999999994734 0.07500000000018582 0
714 0.2749999999995186 0.1000000000002507 0
715 0.2749999999995638 0.1250000000003148 0
716 0.274999999999609 0.150000000000371 0
717 0.2749999999996542 0.1750000000004263 0
718 0.2749999999996994 0.2000000000004817 0
719 0.2749999999997444 0.225000000000537 0
720 0.2749999999997896 0.2500000000005925 0
721 0.2749999999998348 0.2750000000006478 0
722 0.27499999999988 0.3000000000007031 0
723 0.2749999999999252 0.3250000000007585 0
724 0.2749999999999704 0.350000000000814 0
725 0.2750000000000155 0.3750000000008694 0
726 0.2750000000000608 0.4000000000009248 0
727 0.2750000000001058 0.4250000000009801 0
728 0.275000000000151 0.4500000000010355 0
729 0.2750000000001962 0.4750000000010908 0
730 0.2750000000002413 0.5000000000011333 0
731 0.2750000000002865 0.5250000000010385 0
732 0.2750000000003316 0.5500000000009311 0
733 0.2750000000003768 0.5750000000008234 0
734 0.275000000000422 0.6000000000007157 0
735 0.2750000000004672 0.6250000000006084 0
736 0.2750000000005123 0.6500000000005007 0
737 0.2750000000005575 0.6750000000003931 0
738 0.2750000000006027 0.7000000000002854 0
739 0.2750000000006478 0.7250000000001778 0
740 0.275000000000693 0.7500000000000704 0
741 0.2750000000007382 0.7749999999999625 0
742 0.2750000000007833 0.7999999999998549 0
743 0.2750000000008285 0.8249999999997473 0
744 0.2750000000008737 0.8499999999996397 0
745 0.2750000000009188 0.8749999999995477 0
746 0.275000000000964 0.8999999999996255 0
747 0.2750000000010091 0.9249999999997193 0
748 0.2750000000010544 0.9499999999998128 0
749 0.2750000000010995 0.9749999999999064 0
750 0.2999999999993146 0.02500000000005873 0
751 0.2999999999993643 0.05000000000011548 0
752 0.2999999999994137 0.0750000000001743 0
753 0.2999999999994635 0.1000000000002356 0
754 0.299999999999513 0.1250000000002962 0
755 0.2999999999995626 0.1500000000003479 0
756 0.2999999999996121 0.1750000000003989 0
757 0.2999999999996618 0.2000000000004498 0
758 0.2999999999997113 0.2250000000005007 0
759 0.2999999999997609 0.2500000000005517 0
760 0.2999999999998105 0.2750000000006027 0
761 0.29999999999986 0.3000000000006536 0
762 0.2999999999999097 0.3250000000007046 0
763 0.2999999999999593 0.3500000000007554 0
764 0.3000000000000088 0.3750000000008064 0
765 0.3000000000000586 0.4000000000008574 0
766 0.3000000000001081 0.4250000000009084 0
767 0.3000000000001577 0.4500000000009593 0
768 0.3000000000002073 0.4750000000010102 0
769 0.3000000000002568 0.5000000000010494 0
770 0.3000000000003064 0.5250000000009595 0
771 0.3000000000003561 0.550000000000858 0
772 0.3000000000004056 0.5750000000007566 0
773 0.3000000000004552 0.6000000000006547 0
774 0.3000000000005049 0.6250000000005533 0
775 0.3000000000005544 0.6500000000004514 0
776 0.300000000000604 0.67500000000035 0
777 0.3000000000006536 0.7000000000002483 0
778 0.3000000000007031 0.7250000000001467 0
779 0.3000000000007528 0.7500000000000452 0
780 0.3000000000008024 0.7749999999999434 0
781 0.3000000000008519 0.7999999999998416 0
782 0.3000000000009015 0.8249999999997402 0
783 0.3000000000009512 0.8499999999996384 0
784 0.3000000000010008 0.8749999999995519 0
785 0.3000000000010503 0.8999999999996293 0
786 0.3000000000010999 0.924999999999722 0
787 0.3000000000011495 0.9499999999998148 0
788 0.3000000000011992 0.9749999999999074 0
789 0.3249999999992459 0.02500000000005495 0
790 0.3249999999993001 0.05000000000010776 0
791 0.3249999999993541 0.07500000000016281 0
792 0.3249999999994082 0.1000000000002205 0
793 0.3249999999994621 0.1250000000002775 0
794 0.3249999999995162 0.1500000000003249 0
795 0.3249999999995701 0.1750000000003715 0
796 0.3249999999996242 0.2000000000004179 0
797 0.3249999999996783 0.2250000000004643 0
798 0.3249999999997322 0.2500000000005109 0
799 0.3249999999997862 0.2750000000005575 0
800 0.3249999999998403 0.300000000000604 0
801 0.3249999999998944 0.3250000000006505 0
802 0.3249999999999482 0.3500000000006971 0
803 0.3250000000000022 0.3750000000007436 0
804 0.3250000000000564 0.4000000000007902 0
805 0.3250000000001103 0.4250000000008367 0
806 0.3250000000001644 0.4500000000008832 0
807 0.3250000000002184 0.4750000000009296 0
808 0.3250000000002723 0.500000000000965 0
809 0.3250000000003264 0.5250000000008804 0
810 0.3250000000003805 0.5500000000007848 0
811 0.3250000000004344 0.5750000000006894 0
812 0.3250000000004885 0.6000000000005936 0
813 0.3250000000005425 0.625000000000498 0
814 0.3250000000005965 0.6500000000004024 0
815 0.3250000000006505 0.6750000000003069 0
816 0.3250000000007046 0.7000000000002113 0
817 0.3250000000007586 0.7250000000001154 0
818 0.3250000000008126 0.75000000000002 0
819 0.3250000000008667 0.7749999999999244 0
820 0.3250000000009206 0.7999999999998285 0
821 0.3250000000009746 0.8249999999997328 0
822 0.3250000000010287 0.849999999999637 0
823 0.3250000000010827 0.8749999999995562 0
824 0.3250000000011367 0.8999999999996331 0
825 0.3250000000011907 0.924999999999725 0
826 0.3250000000012448 0.9499999999998165 0
827 0.3250000000012987 0.9749999999999084 0
828 0.3499999999991775 0.02500000000005115 0
829 0.349999999999236 0.05000000000010005 0
830 0.3499999999992945 0.07500000000015131 0
831 0.3499999999993529 0.1000000000002055 0
832 0.3499999999994113 0.1250000000002588 0
833 0.3499999999994697 0.1500000000003019 0
834 0.3499999999995282 0.175000000000344 0
835 0.3499999999995865 0.200000000000386 0
836 0.349999999999645 0.2250000000004281 0
837 0.3499999999997035 0.2500000000004702 0
838 0.3499999999997621 0.2750000000005124 0
839 0.3499999999998204 0.3000000000005544 0
840 0.3499999999998789 0.3250000000005965 0
841 0.3499999999999373 0.3500000000006386 0
842 0.3499999999999956 0.3750000000006806 0
843 0.3500000000000542 0.4000000000007228 0
844 0.3500000000001126 0.4250000000007649 0
845 0.350000000000171 0.450000000000807 0
846 0.3500000000002295 0.4750000000008491 0
847 0.3500000000002879 0.5000000000008809 0
848 0.3500000000003464 0.5250000000008014 0
849 0.3500000000004048 0.5500000000007119 0
850 0.3500000000004632 0.5750000000006223 0
851 0.3500000000005217 0.6000000000005326 0
852 0.3500000000005801 0.6250000000004432 0
853 0.3500000000006386 0.6500000000003533 0
854 0.350000000000697 0.6750000000002638 0
855 0.3500000000007554 0.7000000000001738 0
856 0.3500000000008139 0.7250000000000842 0
857 0.3500000000008724 0.7499999999999949 0
858 0.3500000000009308 0.7749999999999051 0
859 0.3500000000009892 0.7999999999998153 0
860 0.3500000000010477 0.8249999999997256 0
861 0.3500000000011061 0.8499999999996362 0
862 0.3500000000011646 0.8749999999995604 0
863 0.350000000001223 0.899999999999637 0
864 0.3500000000012815 0.9249999999997276 0
865 0.3500000000013399 0.9499999999998185 0
866 0.3500000000013984 0.9749999999999093 0
867 0.374999999999109 0.02500000000004737 0
868 0.3749999999991719 0.05000000000009233 0
869 0.3749999999992348 0.0750000000001398 0
870 0.3749999999992975 0.1000000000001904 0
871 0.3749999999993605 0.1250000000002401 0
872 0.3749999999994233 0.1500000000002788 0
873 0.3749999999994861 0.1750000000003165 0
874 0.3749999999995491 0.2000000000003541 0
875 0.3749999999996119 0.2250000000003917 0
876 0.3749999999996748 0.2500000000004294 0
877 0.3749999999997376 0.2750000000004671 0
878 0.3749999999998005 0.3000000000005049 0
879 0.3749999999998636 0.3250000000005425 0
880 0.3749999999999262 0.3500000000005802 0
881 0.3749999999999891 0.3750000000006178 0
882 0.375000000000052 0.4000000000006556 0
883 0.3750000000001148 0.4250000000006933 0
884 0.3750000000001777 0.4500000000007308 0
885 0.3750000000002406 0.4750000000007685 0
886 0.3750000000003034 0.5000000000007967 0
887 0.3750000000003663 0.5250000000007223 0
888 0.3750000000004292 0.5500000000006389 0
889 0.3750000000004921 0.5750000000005552 0
890 0.3750000000005549 0.6000000000004715 0
891 0.3750000000006178 0.6250000000003879 0
892 0.3750000000006807 0.650000000000304 0
893 0.3750000000007436 0.6750000000002205 0
894 0.3750000000008064 0.7000000000001372 0
895 0.3750000000008694 0.7250000000000532 0
896 0.3750000000009322 0.7499999999999698 0
897 0.375000000000995 0.7749999999998857 0
898 0.3750000000010579 0.7999999999998022 0
899 0.3750000000011207 0.8249999999997184 0
900 0.3750000000011837 0.8499999999996349 0
901 0.3750000000012465 0.8749999999995646 0
902 0.3750000000013095 0.8999999999996406 0
903 0.3750000000013723 0.9249999999997307 0
904 0.3750000000014351 0.9499999999998205 0
905 0.375000000001498 0.9749999999999104 0
906 0.3999999999990404 0.02500000000004358 0
907 0.3999999999991077 0.05000000000008462 0
908 0.3999999999991751 0.0750000000001283 0
909 0.3999999999992422 0.1000000000001754 0
910 0.3999999999993096 0.1250000000002215 0
911 0.3999999999993768 0.1500000000002558 0
912 0.3999999999994442 0.175000000000289 0
913 0.3999999999995115 0.2000000000003223 0
914 0.3999999999995788 0.2250000000003554 0
915 0.3999999999996461 0.2500000000003887 0
916 0.3999999999997134 0.275000000000422 0
917 0.3999999999997807 0.3000000000004552 0
918 0.399999999999848 0.3250000000004885 0
919 0.3999999999999154 0.3500000000005217 0
920 0.3999999999999826 0.3750000000005549 0
921 0.4000000000000499 0.4000000000005882 0
922 0.4000000000001171 0.4250000000006215 0
923 0.4000000000001844 0.4500000000006548 0
924 0.4000000000002518 0.475000000000688 0
925 0.4000000000003192 0.5000000000007125 0
926 0.4000000000003863 0.5250000000006435 0
927 0.4000000000004537 0.5500000000005658 0
928 0.400000000000521 0.5750000000004883 0
929 0.4000000000005883 0.6000000000004104 0
930 0.4000000000006555 0.6250000000003328 0
931 0.4000000000007228 0.6500000000002552 0
932 0.4000000000007901 0.6750000000001777 0
933 0.4000000000008574 0.7000000000000997 0
934 0.4000000000009248 0.7250000000000218 0
935 0.400000000000992 0.7499999999999443 0
936 0.4000000000010593 0.7749999999998667 0
937 0.4000000000011266 0.7999999999997891 0
938 0.400000000001194 0.8249999999997113 0
939 0.4000000000012613 0.8499999999996336 0
940 0.4000000000013286 0.8749999999995687 0
941 0.4000000000013959 0.8999999999996446 0
942 0.4000000000014631 0.9249999999997334 0
943 0.4000000000015304 0.9499999999998223 0
944 0.4000000000015976 0.974999999999911 0
945 0.4249999999989718 0.0250000000000398 0
946 0.4249999999990435 0.0500000000000769 0
947 0.4249999999991153 0.07500000000011682 0
948 0.4249999999991871 0.1000000000001603 0
949 0.4249999999992586 0.1250000000002028 0
950 0.4249999999993305 0.1500000000002328 0
951 0.4249999999994021 0.1750000000002615 0
952 0.4249999999994739 0.2000000000002904 0
953 0.4249999999995456 0.2250000000003191 0
954 0.4249999999996174 0.2500000000003481 0
955 0.4249999999996891 0.2750000000003768 0
956 0.4249999999997608 0.3000000000004056 0
957 0.4249999999998326 0.3250000000004345 0
958 0.4249999999999042 0.3500000000004632 0
959 0.424999999999976 0.3750000000004921 0
960 0.4250000000000476 0.400000000000521 0
961 0.4250000000001194 0.4250000000005497 0
962 0.4250000000001912 0.4500000000005784 0
963 0.4250000000002629 0.4750000000006074 0
964 0.4250000000003346 0.5000000000006284 0
965 0.4250000000004063 0.5250000000005647 0
966 0.4250000000004781 0.5500000000004928 0
967 0.4250000000005498 0.5750000000004213 0
968 0.4250000000006213 0.6000000000003496 0
969 0.4250000000006933 0.6250000000002778 0
970 0.4250000000007648 0.650000000000206 0
971 0.4250000000008367 0.6750000000001344 0
972 0.4250000000009084 0.7000000000000628 0
973 0.42500000000098 0.7249999999999909 0
974 0.4250000000010518 0.7499999999999194 0
975 0.4250000000011236 0.7749999999998475 0
976 0.4250000000011953 0.7999999999997758 0
977 0.4250000000012669 0.8249999999997042 0
978 0.4250000000013387 0.8499999999996324 0
979 0.4250000000014104 0.8749999999995732 0
980 0.4250000000014821 0.8999999999996484 0
981 0.4250000000015539 0.9249999999997363 0
982 0.4250000000016256 0.9499999999998243 0
983 0.4250000000016973 0.9749999999999122 0
984 0.4499999999989033 0.02500000000003602 0
985 0.4499999999989796 0.05000000000006918 0
986 0.4499999999990556 0.07500000000010533 0
987 0.4499999999991317 0.1000000000001453 0
988 0.4499999999992078 0.1250000000001841 0
989 0.4499999999992841 0.1500000000002097 0
990 0.4499999999993601 0.1750000000002341 0
991 0.4499999999994363 0.2000000000002585 0
992 0.4499999999995125 0.2250000000002828 0
993 0.4499999999995886 0.2500000000003072 0
994 0.4499999999996648 0.2750000000003316 0
995 0.4499999999997409 0.3000000000003561 0
996 0.449999999999817 0.3250000000003804 0
997 0.4499999999998933 0.3500000000004048 0
998 0.4499999999999693 0.3750000000004293 0
999 0.4500000000000456 0.4000000000004537 0
1000 0.4500000000001217 0.4250000000004781 0
1001 0.4500000000001978 0.4500000000005023 0
1002 0.4500000000002738 0.4750000000005268 0
1003 0.4500000000003501 0.500000000000544 0
1004 0.4500000000004263 0.5250000000004854 0
1005 0.4500000000005023 0.5500000000004197 0
1006 0.4500000000005785 0.5750000000003542 0
1007 0.4500000000006547 0.6000000000002883 0
1008 0.4500000000007308 0.6250000000002227 0
1009 0.450000000000807 0.650000000000157 0
1010 0.4500000000008831 0.6750000000000913 0
1011 0.4500000000009593 0.7000000000000256 0
1012 0.4500000000010355 0.7249999999999598 0
1013 0.4500000000011116 0.7499999999998942 0
1014 0.4500000000011878 0.7749999999998284 0
1015 0.4500000000012638 0.7999999999997626 0
1016 0.4500000000013401 0.8249999999996971 0
1017 0.4500000000014162 0.8499999999996311 0
1018 0.4500000000014923 0.8749999999995772 0
1019 0.4500000000015684 0.8999999999996522 0
1020 0.4500000000016445 0.9249999999997394 0
1021 0.4500000000017207 0.9499999999998261 0
1022 0.4500000000017969 0.9749999999999132 0
1023 0.4749999999988348 0.02500000000003223 0
1024 0.4749999999989153 0.05000000000006147 0
1025 0.474999999998996 0.07500000000009384 0
1026 0.4749999999990764 0.1000000000001302 0
1027 0.4749999999991571 0.1250000000001654 0
1028 0.4749999999992377 0.1500000000001866 0
1029 0.4749999999993182 0.1750000000002066 0
1030 0.4749999999993988 0.2000000000002266 0
1031 0.4749999999994793 0.2250000000002465 0
1032 0.4749999999995599 0.2500000000002666 0
1033 0.4749999999996406 0.2750000000002865 0
1034 0.474999999999721 0.3000000000003065 0
1035 0.4749999999998016 0.3250000000003264 0
1036 0.4749999999998822 0.3500000000003464 0
1037 0.4749999999999628 0.3750000000003664 0
1038 0.4750000000000434 0.4000000000003864 0
1039 0.4750000000001239 0.4250000000004063 0
1040 0.4750000000002045 0.4500000000004263 0
1041 0.4750000000002851 0.4750000000004462 0
1042 0.4750000000003657 0.5000000000004601 0
1043 0.4750000000004462 0.5250000000004066 0
1044 0.4750000000005268 0.5500000000003467 0
1045 0.4750000000006074 0.5750000000002872 0
1046 0.475000000000688 0.6000000000002272 0
1047 0.4750000000007684 0.6250000000001676 0
1048 0.4750000000008491 0.6500000000001077 0
1049 0.4750000000009297 0.6750000000000482 0
1050 0.4750000000010102 0.6999999999999883 0
1051 0.4750000000010908 0.7249999999999287 0
1052 0.4750000000011714 0.7499999999998689 0
1053 0.4750000000012519 0.7749999999998093 0
1054 0.4750000000013326 0.7999999999997492 0
1055 0.4750000000014131 0.8249999999996898 0
1056 0.4750000000014937 0.8499999999996299 0
1057 0.4750000000015742 0.8749999999995814 0
1058 0.4750000000016548 0.8999999999996562 0
1059 0.4750000000017354 0.9249999999997421 0
1060 0.475000000001816 0.9499999999998281 0
1061 0.4750000000018965 0.9749999999999142 0
1062 0.4999999999987763 0.02500000000002844 0
1063 0.4999999999988605 0.05000000000005374 0
1064 0.4999999999989446 0.07500000000008235 0
1065 0.4999999999990289 0.1000000000001151 0
1066 0.499999999999113 0.1250000000001467 0
1067 0.4999999999991973 0.1500000000001636 0
1068 0.4999999999992815 0.1750000000001792 0
1069 0.4999999999993656 0.2000000000001947 0
1070 0.4999999999994498 0.2250000000002102 0
1071 0.4999999999995339 0.2500000000002257 0
1072 0.4999999999996181 0.2750000000002413 0
1073 0.4999999999997022 0.3000000000002568 0
1074 0.4999999999997864 0.3250000000002725 0
1075 0.4999999999998705 0.350000000000288 0
1076 0.4999999999999547 0.3750000000003035 0
1077 0.5000000000000391 0.4000000000003192 0
1078 0.5000000000001232 0.4250000000003346 0
1079 0.5000000000002074 0.4500000000003501 0
1080 0.5000000000002915 0.4750000000003656 0
1081 0.5000000000003757 0.5000000000003757 0
1082 0.5000000000004601 0.5250000000003275 0
1083 0.5000000000005442 0.5500000000002736 0
1084 0.5000000000006284 0.5750000000002201 0
1085 0.5000000000007125 0.6000000000001662 0
1086 0.5000000000007967 0.6250000000001126 0
1087 0.5000000000008809 0.6500000000000589 0
1088 0.500000000000965 0.6750000000000049 0
1089 0.5000000000010492 0.6999999999999514 0
1090 0.5000000000011333 0.7249999999998976 0
1091 0.5000000000012177 0.749999999999844 0
1092 0.5000000000013018 0.7749999999997902 0
1093 0.500000000001386 0.7999999999997364 0
1094 0.5000000000014702 0.8249999999996824 0
1095 0.5000000000015543 0.8499999999996286 0
1096 0.5000000000016385 0.8749999999995857 0
1097 0.5000000000017226 0.89999999999966 0
1098 0.500000000001807 0.924999999999745 0
1099 0.5000000000018912 0.9499999999998299 0
1100 0.5000000000019753 0.9749999999999152 0
1101 0.5249999999988261 0.02500000000002465 0
1102 0.5249999999989052 0.05000000000004602 0
1103 0.5249999999989842 0.07500000000007086 0
1104 0.5249999999990632 0.1000000000001001 0
1105 0.5249999999991423 0.1250000000001281 0
1106 0.5249999999992213 0.1500000000001405 0
1107 0.5249999999993001 0.1750000000001517 0
1108 0.5249999999993792 0.2000000000001628 0
1109 0.5249999999994582 0.2250000000001739 0
1110 0.5249999999995373 0.2500000000001851 0
1111 0.5249999999996161 0.2750000000001962 0
1112 0.5249999999996954 0.3000000000002073 0
1113 0.5249999999997742 0.3250000000002184 0
1114 0.5249999999998533 0.3500000000002295 0
1115 0.5249999999999323 0.3750000000002405 0
1116 0.5250000000000113 0.4000000000002518 0
1117 0.5250000000000904 0.4250000000002629 0
1118 0.5250000000001694 0.450000000000274 0
1119 0.5250000000002485 0.4750000000002851 0
1120 0.5250000000003273 0.5000000000002915 0
1121 0.5250000000004066 0.5250000000002485 0
1122 0.5250000000004854 0.5500000000002008 0
1123 0.5250000000005645 0.5750000000001531 0
1124 0.5250000000006435 0.6000000000001051 0
1125 0.5250000000007226 0.6250000000000575 0
1126 0.5250000000008014 0.6500000000000096 0
1127 0.5250000000008804 0.6749999999999619 0
1128 0.5250000000009595 0.6999999999999141 0
1129 0.5250000000010385 0.7249999999998665 0
1130 0.5250000000011176 0.7499999999998187 0
1131 0.5250000000011966 0.7749999999997709 0
1132 0.5250000000012757 0.799999999999723 0
1133 0.5250000000013545 0.8249999999996753 0
1134 0.5250000000014338 0.8499999999996275 0
1135 0.5250000000015126 0.8749999999995901 0
1136 0.5250000000015916 0.8999999999996637 0
1137 0.5250000000016707 0.9249999999997477 0
1138 0.5250000000017497 0.9499999999998319 0
1139 0.5250000000018288 0.9749999999999159 0
1140 0.5499999999988863 0.02500000000002087 0
1141 0.5499999999989591 0.05000000000003831 0
1142 0.5499999999990322 0.07500000000005937 0
1143 0.5499999999991052 0.1000000000000851 0
1144 0.5499999999991783 0.1250000000001093 0
1145 0.5499999999992513 0.1500000000001176 0
1146 0.5499999999993244 0.1750000000001242 0
1147 0.5499999999993974 0.2000000000001309 0
1148 0.5499999999994705 0.2250000000001376 0
1149 0.5499999999995435 0.2500000000001442 0
1150 0.5499999999996164 0.275000000000151 0
1151 0.5499999999996894 0.3000000000001577 0
1152 0.5499999999997625 0.3250000000001643 0
1153 0.5499999999998355 0.350000000000171 0
1154 0.5499999999999086 0.3750000000001777 0
1155 0.5499999999999816 0.4000000000001845 0
1156 0.5500000000000547 0.4250000000001912 0
1157 0.5500000000001275 0.4500000000001978 0
1158 0.5500000000002008 0.4750000000002045 0
1159 0.5500000000002736 0.5000000000002074 0
1160 0.5500000000003467 0.5250000000001694 0
1161 0.5500000000004197 0.5500000000001275 0
1162 0.5500000000004928 0.575000000000086 0
1163 0.5500000000005658 0.6000000000000441 0
1164 0.5500000000006389 0.6250000000000024 0
1165 0.5500000000007119 0.6499999999999607 0
1166 0.550000000000785 0.6749999999999188 0
1167 0.550000000000858 0.6999999999998771 0
1168 0.5500000000009311 0.7249999999998352 0
1169 0.5500000000010041 0.7499999999997934 0
1170 0.550000000001077 0.7749999999997516 0
1171 0.55000000000115 0.7999999999997097 0
1172 0.5500000000012231 0.8249999999996682 0
1173 0.5500000000012961 0.8499999999996264 0
1174 0.5500000000013692 0.8749999999995943 0
1175 0.5500000000014422 0.8999999999996675 0
1176 0.5500000000015153 0.9249999999997508 0
1177 0.5500000000015883 0.9499999999998339 0
1178 0.5500000000016614 0.974999999999917 0
1179 0.574999999998946 0.02500000000001709 0
1180 0.5749999999990131 0.05000000000003059 0
1181 0.5749999999990804 0.07500000000004788 0
1182 0.5749999999991474 0.10000000000007 0
1183 0.5749999999992145 0.1250000000000907 0
1184 0.5749999999992813 0.1500000000000945 0
1185 0.5749999999993484 0.1750000000000968 0
1186 0.5749999999994154 0.200000000000099 0
1187 0.5749999999994826 0.2250000000001012 0
1188 0.5749999999995495 0.2500000000001036 0
1189 0.5749999999996166 0.2750000000001058 0
1190 0.5749999999996837 0.3000000000001081 0
1191 0.5749999999997506 0.3250000000001104 0
1192 0.5749999999998177 0.3500000000001126 0
1193 0.5749999999998846 0.3750000000001149 0
1194 0.5749999999999519 0.4000000000001171 0
1195 0.5750000000000189 0.4250000000001194 0
1196 0.575000000000086 0.4500000000001216 0
1197 0.5750000000001531 0.4750000000001239 0
1198 0.5750000000002201 0.5000000000001232 0
1199 0.5750000000002872 0.5250000000000904 0
1200 0.575000000000354 0.5500000000000547 0
1201 0.5750000000004211 0.5750000000000189 0
1202 0.5750000000004881 0.599999999999983 0
1203 0.5750000000005552 0.6249999999999472 0
1204 0.5750000000006222 0.6499999999999114 0
1205 0.5750000000006893 0.6749999999998757 0
1206 0.5750000000007564 0.69999999999984 0
1207 0.5750000000008234 0.7249999999998039 0
1208 0.5750000000008905 0.7499999999997685 0
1209 0.5750000000009575 0.7749999999997325 0
1210 0.5750000000010246 0.7999999999996968 0
1211 0.5750000000010916 0.8249999999996609 0
1212 0.5750000000011587 0.8499999999996251 0
1213 0.5750000000012258 0.8749999999995985 0
1214 0.5750000000012928 0.8999999999996713 0
1215 0.57500000000136 0.9249999999997536 0
1216 0.5750000000014267 0.9499999999998356 0
1217 0.5750000000014938 0.9749999999999178 0
1218 0.599999999999006 0.0250000000000133 0
1219 0.5999999999990671 0.05000000000002286 0
1220 0.5999999999991281 0.07500000000003636 0
1221 0.5999999999991894 0.100000000000055 0
1222 0.5999999999992505 0.125000000000072 0
1223 0.5999999999993113 0.1500000000000715 0
1224 0.5999999999993726 0.1750000000000693 0
1225 0.5999999999994334 0.2000000000000672 0
1226 0.5999999999994947 0.2250000000000649 0
1227 0.5999999999995556 0.2500000000000628 0
1228 0.5999999999996166 0.2750000000000606 0
1229 0.5999999999996777 0.3000000000000586 0
1230 0.5999999999997387 0.3250000000000564 0
1231 0.5999999999998 0.3500000000000542 0
1232 0.5999999999998609 0.375000000000052 0
1233 0.5999999999999219 0.4000000000000498 0
1234 0.5999999999999832 0.4250000000000477 0
1235 0.6000000000000441 0.4500000000000455 0
1236 0.6000000000001051 0.4750000000000434 0
1237 0.6000000000001662 0.5000000000000391 0
1238 0.6000000000002272 0.5250000000000113 0
1239 0.6000000000002883 0.5499999999999816 0
1240 0.6000000000003494 0.5749999999999519 0
1241 0.6000000000004104 0.5999999999999219 0
1242 0.6000000000004715 0.6249999999998921 0
1243 0.6000000000005326 0.6499999999998626 0
1244 0.6000000000005936 0.6749999999998326 0
1245 0.6000000000006547 0.6999999999998027 0
1246 0.6000000000007157 0.7249999999997728 0
1247 0.6000000000007768 0.7499999999997432 0
1248 0.6000000000008379 0.7749999999997134 0
1249 0.6000000000008989 0.7999999999996835 0
1250 0.60000000000096 0.8249999999996538 0
1251 0.600000000001021 0.8499999999996237 0
1252 0.6000000000010821 0.8749999999996028 0
1253 0.6000000000011432 0.8999999999996751 0
1254 0.6000000000012042 0.9249999999997566 0
1255 0.6000000000012653 0.9499999999998376 0
1256 0.6000000000013264 0.9749999999999187 0
1257 0.6249999999990661 0.02500000000000951 0
1258 0.6249999999991211 0.05000000000001514 0
1259 0.6249999999991762 0.07500000000002487 0
1260 0.6249999999992313 0.1000000000000399 0
1261 0.6249999999992863 0.1250000000000534 0
1262 0.6249999999993416 0.1500000000000484 0
1263 0.6249999999993965 0.1750000000000418 0
1264 0.6249999999994515 0.2000000000000353 0
1265 0.6249999999995066 0.2250000000000286 0
1266 0.6249999999995617 0.2500000000000221 0
1267 0.6249999999996168 0.2750000000000155 0
1268 0.6249999999996718 0.3000000000000089 0
1269 0.6249999999997269 0.3250000000000022 0
1270 0.624999999999782 0.3499999999999958 0
1271 0.6249999999998372 0.3749999999999892 0
1272 0.6249999999998923 0.3999999999999825 0
1273 0.6249999999999472 0.4249999999999761 0
1274 0.6250000000000024 0.4499999999999694 0
1275 0.6250000000000575 0.4749999999999628 0
1276 0.6250000000001124 0.4999999999999547 0
1277 0.6250000000001676 0.5249999999999323 0
1278 0.6250000000002225 0.5499999999999086 0
1279 0.6250000000002778 0.5749999999998848 0
1280 0.6250000000003328 0.5999999999998611 0
1281 0.6250000000003879 0.624999999999837 0
1282 0.625000000000443 0.6499999999998133 0
1283 0.625000000000498 0.6749999999997895 0
1284 0.6250000000005531 0.6999999999997658 0
1285 0.6250000000006084 0.7249999999997417 0
1286 0.6250000000006632 0.7499999999997179 0
1287 0.6250000000007185 0.7749999999996943 0
1288 0.6250000000007736 0.7999999999996702 0
1289 0.6250000000008287 0.8249999999996465 0
1290 0.6250000000008837 0.8499999999996226 0
1291 0.6250000000009388 0.874999999999607 0
1292 0.6250000000009939 0.8999999999996791 0
1293 0.6250000000010489 0.9249999999997593 0
1294 0.625000000001104 0.9499999999998394 0
1295 0.6250000000011591 0.9749999999999198 0
1296 0.6499999999991261 0.02500000000000573 0
1297 0.6499999999991752 0.05000000000000743 0
1298 0.649999999999224 0.07500000000001335 0
1299 0.6499999999992733 0.1000000000000249 0
1300 0.6499999999993222 0.1250000000000346 0
1301 0.6499999999993714 0.1500000000000254 0
1302 0.6499999999994205 0.1750000000000144 0
1303 0.6499999999994696 0.2000000000000033 0
1304 0.6499999999995184 0.2249999999999923 0
1305 0.6499999999995677 0.2499999999999813 0
1306 0.6499999999996168 0.2749999999999704 0
1307 0.6499999999996658 0.2999999999999593 0
1308 0.6499999999997151 0.3249999999999483 0
1309 0.6499999999997642 0.3499999999999372 0
1310 0.6499999999998133 0.3749999999999263 0
1311 0.6499999999998626 0.3999999999999153 0
1312 0.6499999999999113 0.4249999999999043 0
1313 0.6499999999999607 0.4499999999998933 0
1314 0.6500000000000096 0.4749999999998822 0
1315 0.6500000000000586 0.4999999999998708 0
1316 0.6500000000001077 0.5249999999998533 0
1317 0.650000000000157 0.5499999999998355 0
1318 0.6500000000002061 0.5749999999998178 0
1319 0.6500000000002552 0.5999999999997998 0
1320 0.6500000000003042 0.624999999999782 0
1321 0.6500000000003533 0.6499999999997642 0
1322 0.6500000000004024 0.6749999999997465 0
1323 0.6500000000004514 0.6999999999997285 0
1324 0.6500000000005007 0.7249999999997107 0
1325 0.6500000000005496 0.749999999999693 0
1326 0.650000000000599 0.7749999999996751 0
1327 0.6500000000006478 0.7999999999996572 0
1328 0.6500000000006971 0.8249999999996394 0
1329 0.6500000000007461 0.8499999999996215 0
1330 0.6500000000007952 0.8749999999996112 0
1331 0.6500000000008442 0.8999999999996828 0
1332 0.6500000000008933 0.9249999999997621 0
1333 0.6500000000009426 0.9499999999998414 0
1334 0.6500000000009915 0.9749999999999208 0
1335 0.6749999999991858 0.02500000000000193 0
1336 0.674999999999229 0.04999999999999971 0
1337 0.6749999999992722 0.07500000000000186 0
1338 0.674999999999315 0.1000000000000098 0
1339 0.6749999999993582 0.125000000000016 0
1340 0.6749999999994014 0.1500000000000023 0
1341 0.6749999999994445 0.1749999999999869 0
1342 0.6749999999994876 0.1999999999999715 0
1343 0.6749999999995309 0.224999999999956 0
1344 0.6749999999995739 0.2499999999999406 0
1345 0.674999999999617 0.2749999999999252 0
1346 0.6749999999996601 0.2999999999999098 0
1347 0.6749999999997032 0.3249999999998943 0
1348 0.6749999999997465 0.3499999999998788 0
1349 0.6749999999997893 0.3749999999998634 0
1350 0.6749999999998326 0.3999999999998479 0
1351 0.6749999999998757 0.4249999999998326 0
1352 0.6749999999999188 0.4499999999998171 0
1353 0.6749999999999619 0.4749999999998016 0
1354 0.6750000000000049 0.4999999999997864 0
1355 0.6750000000000482 0.5249999999997742 0
1356 0.6750000000000913 0.5499999999997625 0
1357 0.6750000000001344 0.5749999999997507 0
1358 0.6750000000001775 0.599999999999739 0
1359 0.6750000000002208 0.6249999999997269 0
1360 0.6750000000002638 0.6499999999997151 0
1361 0.6750000000003069 0.6749999999997034 0
1362 0.67500000000035 0.6999999999996914 0
1363 0.6750000000003931 0.7249999999996796 0
1364 0.6750000000004361 0.7499999999996677 0
1365 0.6750000000004792 0.7749999999996556 0
1366 0.6750000000005223 0.799999999999644 0
1367 0.6750000000005654 0.8249999999996322 0
1368 0.6750000000006087 0.8499999999996202 0
1369 0.6750000000006517 0.8749999999996154 0
1370 0.675000000000695 0.8999999999996866 0
1371 0.6750000000007381 0.9249999999997651 0
1372 0.6750000000007812 0.9499999999998434 0
1373 0.6750000000008243 0.9749999999999219 0
1374 0.6999999999992458 0.02499999999999815 0
1375 0.6999999999992832 0.049999999999992 0
1376 0.6999999999993202 0.07499999999999037 0
1377 0.6999999999993572 0.09999999999999475 0
1378 0.6999999999993943 0.1249999999999973 0
1379 0.6999999999994313 0.1499999999999793 0
1380 0.6999999999994685 0.1749999999999594 0
1381 0.6999999999995059 0.1999999999999396 0
1382 0.6999999999995429 0.2249999999999197 0
1383 0.6999999999995802 0.2499999999998999 0
1384 0.699999999999617 0.27499999999988 0
1385 0.6999999999996541 0.2999999999998602 0
1386 0.6999999999996915 0.3249999999998403 0
1387 0.6999999999997286 0.3499999999998204 0
1388 0.6999999999997659 0.3749999999998004 0
1389 0.6999999999998026 0.3999999999997807 0
1390 0.6999999999998399 0.4249999999997608 0
1391 0.6999999999998771 0.4499999999997409 0
1392 0.6999999999999144 0.4749999999997211 0
1393 0.6999999999999514 0.4999999999997022 0
1394 0.6999999999999885 0.5249999999996952 0
1395 0.7000000000000256 0.5499999999996896 0
1396 0.7000000000000627 0.5749999999996837 0
1397 0.7000000000000998 0.5999999999996777 0
1398 0.7000000000001368 0.6249999999996718 0
1399 0.7000000000001741 0.6499999999996658 0
1400 0.7000000000002112 0.6749999999996601 0
1401 0.7000000000002483 0.6999999999996543 0
1402 0.7000000000002854 0.7249999999996485 0
1403 0.7000000000003227 0.7499999999996424 0
1404 0.7000000000003596 0.7749999999996365 0
1405 0.700000000000397 0.7999999999996308 0
1406 0.7000000000004342 0.8249999999996249 0
1407 0.700000000000471 0.8499999999996191 0
1408 0.7000000000005083 0.8749999999996196 0
1409 0.7000000000005452 0.8999999999996904 0
1410 0.7000000000005825 0.9249999999997679 0
1411 0.7000000000006196 0.9499999999998452 0
1412 0.7000000000006567 0.9749999999999228 0
1413 0.7249999999993059 0.02499999999999437 0
1414 0.724999999999337 0.04999999999998428 0
1415 0.724999999999368 0.07499999999997888 0
1416 0.7249999999993991 0.0999999999999797 0
1417 0.7249999999994304 0.1249999999999786 0
1418 0.7249999999994614 0.1499999999999563 0
1419 0.7249999999994926 0.174999999999932 0
1420 0.7249999999995237 0.1999999999999077 0
1421 0.7249999999995549 0.2249999999998833 0
1422 0.7249999999995861 0.2499999999998591 0
1423 0.7249999999996172 0.2749999999998348 0
1424 0.7249999999996485 0.2999999999998105 0
1425 0.7249999999996796 0.3249999999997862 0
1426 0.7249999999997105 0.349999999999762 0
1427 0.7249999999997419 0.3749999999997376 0
1428 0.7249999999997729 0.3999999999997134 0
1429 0.7249999999998041 0.4249999999996892 0
1430 0.7249999999998352 0.4499999999996648 0
1431 0.7249999999998663 0.4749999999996405 0
1432 0.7249999999998974 0.4999999999996181 0
1433 0.7249999999999287 0.5249999999996163 0
1434 0.7249999999999598 0.5499999999996164 0
1435 0.7249999999999909 0.5749999999996166 0
1436 0.725000000000022 0.5999999999996168 0
1437 0.725000000000053 0.6249999999996168 0
1438 0.7250000000000844 0.649999999999617 0
1439 0.7250000000001154 0.674999999999617 0
1440 0.7250000000001467 0.699999999999617 0
1441 0.7250000000001778 0.7249999999996172 0
1442 0.7250000000002089 0.7499999999996175 0
1443 0.72500000000024 0.7749999999996174 0
1444 0.7250000000002711 0.7999999999996176 0
1445 0.7250000000003023 0.8249999999996176 0
1446 0.7250000000003336 0.8499999999996177 0
1447 0.7250000000003646 0.8749999999996239 0
1448 0.7250000000003958 0.8999999999996944 0
1449 0.725000000000427 0.9249999999997709 0
1450 0.7250000000004581 0.9499999999998472 0
1451 0.7250000000004891 0.9749999999999236 0
1452 0.7499999999993658 0.02499999999999058 0
1453 0.7499999999993908 0.04999999999997656 0
1454 0.7499999999994161 0.07499999999996738 0
1455 0.7499999999994412 0.09999999999996466 0
1456 0.7499999999994665 0.1249999999999599 0
1457 0.7499999999994915 0.1499999999999333 0
1458 0.7499999999995167 0.1749999999999045 0
1459 0.7499999999995419 0.1999999999998758 0
1460 0.7499999999995669 0.224999999999847 0
1461 0.7499999999995922 0.2499999999998184 0
1462 0.7499999999996176 0.2749999999997896 0
1463 0.7499999999996424 0.299999999999761 0
1464 0.7499999999996678 0.3249999999997322 0
1465 0.7499999999996929 0.3499999999997036 0
1466 0.749999999999718 0.3749999999996748 0
1467 0.7499999999997431 0.3999999999996461 0
1468 0.7499999999997684 0.4249999999996174 0
1469 0.7499999999997936 0.4499999999995886 0
1470 0.7499999999998187 0.4749999999995599 0
1471 0.749999999999844 0.4999999999995339 0
1472 0.7499999999998691 0.5249999999995373 0
1473 0.7499999999998942 0.5499999999995435 0
1474 0.7499999999999193 0.5749999999995495 0
1475 0.7499999999999444 0.5999999999995556 0
1476 0.7499999999999697 0.6249999999995617 0
1477 0.7499999999999948 0.6499999999995677 0
1478 0.7500000000000199 0.6749999999995737 0
1479 0.7500000000000452 0.6999999999995802 0
1480 0.7500000000000703 0.7249999999995859 0
1481 0.7500000000000953 0.7499999999995921 0
1482 0.7500000000001207 0.7749999999995983 0
1483 0.7500000000001458 0.7999999999996045 0
1484 0.7500000000001709 0.8249999999996105 0
1485 0.7500000000001961 0.8499999999996166 0
1486 0.7500000000002213 0.8749999999996281 0
1487 0.7500000000002464 0.8999999999996979 0
1488 0.7500000000002717 0.9249999999997737 0
1489 0.7500000000002968 0.9499999999998492 0
1490 0.7500000000003219 0.9749999999999245 0
1491 0.7749999999994256 0.02499999999998679 0
1492 0.7749999999994447 0.04999999999996885 0
1493 0.774999999999464 0.07499999999995589 0
1494 0.7749999999994831 0.0999999999999496 0
1495 0.7749999999995024 0.1249999999999412 0
1496 0.7749999999995214 0.1499999999999102 0
1497 0.7749999999995406 0.1749999999998771 0
1498 0.7749999999995597 0.1999999999998439 0
1499 0.7749999999995791 0.2249999999998107 0
1500 0.7749999999995983 0.2499999999997776 0
1501 0.7749999999996174 0.2749999999997446 0
1502 0.7749999999996365 0.2999999999997113 0
1503 0.7749999999996557 0.3249999999996783 0
1504 0.7749999999996751 0.3499999999996449 0
1505 0.774999999999694 0.3749999999996119 0
1506 0.7749999999997133 0.3999999999995789 0
1507 0.7749999999997327 0.4249999999995457 0
1508 0.7749999999997518 0.4499999999995125 0
1509 0.7749999999997709 0.4749999999994794 0
1510 0.77499999999979 0.4999999999994498 0
1511 0.7749999999998091 0.5249999999994582 0
1512 0.7749999999998284 0.5499999999994702 0
1513 0.7749999999998475 0.5749999999994825 0
1514 0.7749999999998666 0.5999999999994947 0
1515 0.7749999999998859 0.6249999999995066 0
1516 0.7749999999999051 0.649999999999519 0
1517 0.7749999999999243 0.6749999999995306 0
1518 0.7749999999999434 0.6999999999995429 0
1519 0.7749999999999625 0.7249999999995548 0
1520 0.7749999999999818 0.7499999999995669 0
1521 0.7750000000000011 0.774999999999579 0
1522 0.7750000000000202 0.7999999999995911 0
1523 0.7750000000000393 0.8249999999996034 0
1524 0.7750000000000584 0.8499999999996153 0
1525 0.7750000000000777 0.8749999999996323 0
1526 0.7750000000000968 0.8999999999997019 0
1527 0.7750000000001162 0.9249999999997766 0
1528 0.7750000000001352 0.949999999999851 0
1529 0.7750000000001543 0.9749999999999256 0
1530 0.7999999999994855 0.024999999999983 0
1531 0.7999999999994986 0.04999999999996113 0
1532 0.7999999999995122 0.0749999999999444 0
1533 0.799999999999525 0.09999999999993454 0
1534 0.7999999999995383 0.1249999999999226 0
1535 0.7999999999995516 0.1499999999998871 0
1536 0.7999999999995648 0.1749999999998496 0
1537 0.799999999999578 0.1999999999998121 0
1538 0.7999999999995911 0.2249999999997744 0
1539 0.7999999999996045 0.2499999999997369 0
1540 0.7999999999996174 0.2749999999996993 0
1541 0.7999999999996307 0.2999999999996618 0
1542 0.7999999999996438 0.3249999999996241 0
1543 0.799999999999657 0.3499999999995866 0
1544 0.7999999999996703 0.3749999999995491 0
1545 0.7999999999996834 0.3999999999995115 0
1546 0.7999999999996967 0.424999999999474 0
1547 0.7999999999997099 0.4499999999994363 0
1548 0.799999999999723 0.4749999999993988 0
1549 0.7999999999997364 0.4999999999993656 0
1550 0.7999999999997495 0.5249999999993794 0
1551 0.7999999999997626 0.5499999999993974 0
1552 0.7999999999997759 0.5749999999994154 0
1553 0.799999999999789 0.5999999999994334 0
1554 0.7999999999998023 0.6249999999994515 0
1555 0.7999999999998153 0.6499999999994694 0
1556 0.7999999999998287 0.6749999999994876 0
1557 0.7999999999998417 0.6999999999995061 0
1558 0.7999999999998549 0.7249999999995237 0
1559 0.7999999999998683 0.749999999999542 0
1560 0.7999999999998814 0.7749999999995599 0
1561 0.7999999999998945 0.7999999999995778 0
1562 0.7999999999999078 0.8249999999995963 0
1563 0.7999999999999211 0.8499999999996142 0
1564 0.799999999999934 0.8749999999996365 0
1565 0.7999999999999474 0.8999999999997057 0
1566 0.7999999999999606 0.9249999999997792 0
1567 0.7999999999999735 0.949999999999853 0
1568 0.7999999999999868 0.9749999999999264 0
1569 0.8249999999995459 0.02499999999997922 0
1570 0.8249999999995529 0.0499999999999534 0
1571 0.8249999999995601 0.07499999999993291 0
1572 0.8249999999995674 0.09999999999991947 0
1573 0.8249999999995745 0.1249999999999039 0
1574 0.8249999999995816 0.1499999999998641 0
1575 0.824999999999589 0.1749999999998221 0
1576 0.8249999999995961 0.1999999999997801 0
1577 0.8249999999996033 0.2249999999997381 0
1578 0.8249999999996105 0.2499999999996961 0
1579 0.8249999999996178 0.2749999999996542 0
1580 0.8249999999996251 0.2999999999996121 0
1581 0.824999999999632 0.3249999999995701 0
1582 0.8249999999996392 0.3499999999995281 0
1583 0.8249999999996465 0.3749999999994862 0
1584 0.8249999999996536 0.3999999999994442 0
1585 0.8249999999996609 0.4249999999994022 0
1586 0.8249999999996682 0.4499999999993601 0
1587 0.8249999999996753 0.4749999999993182 0
1588 0.8249999999996827 0.4999999999992814 0
1589 0.8249999999996898 0.5249999999993004 0
1590 0.8249999999996971 0.5499999999993244 0
1591 0.8249999999997042 0.5749999999993484 0
1592 0.8249999999997113 0.5999999999993726 0
1593 0.8249999999997186 0.6249999999993965 0
1594 0.8249999999997255 0.6499999999994206 0
1595 0.8249999999997331 0.6749999999994445 0
1596 0.8249999999997402 0.6999999999994687 0
1597 0.8249999999997473 0.7249999999994925 0
1598 0.8249999999997546 0.7499999999995167 0
1599 0.8249999999997617 0.7749999999995406 0
1600 0.824999999999769 0.7999999999995647 0
1601 0.8249999999997761 0.824999999999589 0
1602 0.8249999999997832 0.8499999999996131 0
1603 0.8249999999997906 0.8749999999996407 0
1604 0.8249999999997979 0.8999999999997095 0
1605 0.824999999999805 0.9249999999997823 0
1606 0.8249999999998121 0.9499999999998547 0
1607 0.8249999999998192 0.9749999999999277 0
1608 0.8499999999996057 0.02499999999997544 0
1609 0.849999999999607 0.0499999999999457 0
1610 0.849999999999608 0.07499999999992142 0
1611 0.8499999999996093 0.09999999999990444 0
1612 0.8499999999996104 0.1249999999998852 0
1613 0.8499999999996117 0.1499999999998411 0
1614 0.849999999999613 0.1749999999997947 0
1615 0.8499999999996142 0.1999999999997482 0
1616 0.8499999999996153 0.2249999999997018 0
1617 0.8499999999996166 0.2499999999996554 0
1618 0.8499999999996177 0.274999999999609 0
1619 0.8499999999996191 0.2999999999995626 0
1620 0.8499999999996202 0.3249999999995162 0
1621 0.8499999999996215 0.3499999999994698 0
1622 0.8499999999996227 0.3749999999994234 0
1623 0.8499999999996238 0.3999999999993769 0
1624 0.8499999999996251 0.4249999999993305 0
1625 0.8499999999996264 0.4499999999992841 0
1626 0.8499999999996275 0.4749999999992376 0
1627 0.8499999999996288 0.4999999999991972 0
1628 0.8499999999996299 0.5249999999992213 0
1629 0.8499999999996313 0.5499999999992513 0
1630 0.8499999999996324 0.5749999999992813 0
1631 0.8499999999996335 0.5999999999993113 0
1632 0.8499999999996348 0.6249999999993414 0
1633 0.8499999999996362 0.6499999999993714 0
1634 0.8499999999996373 0.6749999999994014 0
1635 0.8499999999996384 0.6999999999994314 0
1636 0.8499999999996397 0.7249999999994616 0
1637 0.849999999999641 0.7499999999994913 0
1638 0.8499999999996422 0.7749999999995215 0
1639 0.8499999999996433 0.7999999999995516 0
1640 0.8499999999996446 0.8249999999995816 0
1641 0.8499999999996459 0.8499999999996117 0
1642 0.8499999999996468 0.874999999999645 0
1643 0.8499999999996481 0.8999999999997135 0
1644 0.8499999999996495 0.924999999999785 0
1645 0.8499999999996508 0.9499999999998567 0
1646 0.8499999999996517 0.9749999999999285 0
1647 0.874999999999666 0.02499999999997165 0
1648 0.8749999999996619 0.04999999999993798 0
1649 0.8749999999996578 0.0749999999999099 0
1650 0.8749999999996534 0.09999999999988939 0
1651 0.8749999999996491 0.1249999999998665 0
1652 0.8749999999996448 0.149999999999818 0
1653 0.8749999999996407 0.1749999999997672 0
1654 0.8749999999996364 0.1999999999997163 0
1655 0.8749999999996323 0.2249999999996655 0
1656 0.8749999999996281 0.2499999999996146 0
1657 0.8749999999996241 0.2749999999995638 0
1658 0.8749999999996196 0.299999999999513 0
1659 0.8749999999996155 0.3249999999994622 0
1660 0.8749999999996112 0.3499999999994113 0
1661 0.874999999999607 0.3749999999993605 0
1662 0.8749999999996024 0.3999999999993096 0
1663 0.8749999999995985 0.4249999999992588 0
1664 0.8749999999995943 0.4499999999992079 0
1665 0.8749999999995901 0.474999999999157 0
1666 0.8749999999995857 0.499999999999113 0
1667 0.8749999999995817 0.5249999999991423 0
1668 0.8749999999995772 0.5499999999991783 0
1669 0.8749999999995732 0.5749999999992143 0
1670 0.8749999999995688 0.5999999999992505 0
1671 0.8749999999995643 0.6249999999992863 0
1672 0.8749999999995604 0.6499999999993223 0
1673 0.8749999999995561 0.6749999999993583 0
1674 0.8749999999995519 0.6999999999993946 0
1675 0.8749999999995479 0.7249999999994304 0
1676 0.8749999999995435 0.7499999999994665 0
1677 0.8749999999995393 0.7749999999995024 0
1678 0.874999999999535 0.7999999999995383 0
1679 0.8749999999995308 0.8249999999995745 0
1680 0.8749999999995266 0.8499999999996104 0
1681 0.8749999999995222 0.8749999999996492 0
1682 0.8749999999995182 0.8999999999997172 0
1683 0.8749999999995137 0.9249999999997879 0
1684 0.8749999999995097 0.9499999999998587 0
1685 0.8749999999995053 0.9749999999999294 0
1686 0.8999999999997323 0.02499999999996786 0
1687 0.8999999999997286 0.04999999999993025 0
1688 0.8999999999997251 0.07499999999989838 0
1689 0.899999999999721 0.09999999999987434 0
1690 0.8999999999997171 0.1249999999998478 0
1691 0.8999999999997135 0.149999999999795 0
1692 0.8999999999997095 0.1749999999997397 0
1693 0.8999999999997057 0.1999999999996845 0
1694 0.8999999999997018 0.2249999999996292 0
1695 0.8999999999996982 0.2499999999995739 0
1696 0.8999999999996944 0.2749999999995187 0
1697 0.8999999999996904 0.2999999999994635 0
1698 0.8999999999996864 0.324999999999408 0
1699 0.8999999999996829 0.3499999999993527 0
1700 0.8999999999996791 0.3749999999992975 0
1701 0.8999999999996753 0.3999999999992424 0
1702 0.8999999999996713 0.4249999999991871 0
1703 0.8999999999996677 0.4499999999991318 0
1704 0.8999999999996637 0.4749999999990764 0
1705 0.8999999999996597 0.4999999999990288 0
1706 0.8999999999996562 0.5249999999990632 0
1707 0.8999999999996522 0.5499999999991052 0
1708 0.8999999999996482 0.5749999999991472 0
1709 0.8999999999996446 0.5999999999991892 0
1710 0.8999999999996411 0.6249999999992313 0
1711 0.8999999999996371 0.6499999999992733 0
1712 0.8999999999996331 0.6749999999993153 0
1713 0.8999999999996293 0.6999999999993572 0
1714 0.8999999999996255 0.7249999999993992 0
1715 0.8999999999996218 0.7499999999994412 0
1716 0.899999999999618 0.7749999999994831 0
1717 0.899999999999614 0.7999999999995253 0
1718 0.8999999999996102 0.8249999999995674 0
1719 0.8999999999996064 0.8499999999996093 0
1720 0.8999999999996027 0.8749999999996534 0
1721 0.8999999999995989 0.899999999999721 0
1722 0.8999999999995951 0.9249999999997908 0
1723 0.8999999999995913 0.9499999999998605 0
1724 0.8999999999995874 0.9749999999999303 0
1725 0.9249999999997992 0.02499999999996408 0
1726 0.9249999999997963 0.04999999999992254 0
1727 0.9249999999997937 0.07499999999988689 0
1728 0.9249999999997908 0.0999999999998593 0
1729 0.9249999999997879 0.1249999999998292 0
1730 0.9249999999997852 0.149999999999772 0
1731 0.9249999999997821 0.1749999999997123 0
1732 0.9249999999997793 0.1999999999996526 0
1733 0.9249999999997764 0.2249999999995929 0
1734 0.9249999999997734 0.2499999999995332 0
1735 0.9249999999997708 0.2749999999994734 0
1736 0.924999999999768 0.2999999999994137 0
1737 0.924999999999765 0.3249999999993541 0
1738 0.924999999999762 0.3499999999992944 0
1739 0.9249999999997593 0.3749999999992347 0
1740 0.9249999999997565 0.399999999999175 0
1741 0.9249999999997534 0.4249999999991154 0
1742 0.9249999999997509 0.4499999999990556 0
1743 0.9249999999997477 0.4749999999989959 0
1744 0.924999999999745 0.4999999999989446 0
1745 0.9249999999997419 0.5249999999989842 0
1746 0.9249999999997393 0.5499999999990324 0
1747 0.9249999999997365 0.5749999999990802 0
1748 0.9249999999997335 0.5999999999991283 0
1749 0.9249999999997307 0.6249999999991762 0
1750 0.9249999999997279 0.649999999999224 0
1751 0.9249999999997252 0.6749999999992722 0
1752 0.9249999999997219 0.6999999999993202 0
1753 0.9249999999997194 0.724999999999368 0
1754 0.9249999999997164 0.7499999999994161 0
1755 0.9249999999997135 0.774999999999464 0
1756 0.9249999999997106 0.7999999999995121 0
1757 0.9249999999997077 0.8249999999995603 0
1758 0.9249999999997048 0.8499999999996082 0
1759 0.9249999999997019 0.8749999999996576 0
1760 0.9249999999996993 0.8999999999997246 0
1761 0.9249999999996962 0.9249999999997937 0
1762 0.9249999999996935 0.9499999999998625 0
1763 0.9249999999996906 0.9749999999999311 0
1764 0.9499999999998661 0.0249999999999603 0
1765 0.9499999999998646 0.04999999999991481 0
1766 0.9499999999998625 0.0749999999998754 0
1767 0.9499999999998605 0.09999999999984423 0
1768 0.9499999999998587 0.1249999999998105 0
1769 0.9499999999998567 0.1499999999997489 0
1770 0.9499999999998547 0.1749999999996848 0
1771 0.9499999999998527 0.1999999999996206 0
1772 0.949999999999851 0.2249999999995566 0
1773 0.949999999999849 0.2499999999994924 0
1774 0.9499999999998472 0.2749999999994284 0
1775 0.9499999999998452 0.2999999999993642 0
1776 0.9499999999998434 0.3249999999993001 0
1777 0.9499999999998414 0.349999999999236 0
1778 0.9499999999998396 0.3749999999991718 0
1779 0.9499999999998374 0.3999999999991077 0
1780 0.9499999999998356 0.4249999999990436 0
1781 0.9499999999998339 0.4499999999989795 0
1782 0.9499999999998319 0.4749999999989154 0
1783 0.9499999999998299 0.4999999999988605 0
1784 0.9499999999998281 0.5249999999989051 0
1785 0.9499999999998261 0.5499999999989591 0
1786 0.9499999999998243 0.5749999999990131 0
1787 0.9499999999998223 0.5999999999990671 0
1788 0.9499999999998205 0.6249999999991211 0
1789 0.9499999999998183 0.6499999999991751 0
1790 0.9499999999998165 0.6749999999992289 0
1791 0.9499999999998148 0.6999999999992831 0
1792 0.949999999999813 0.724999999999337 0
1793 0.949999999999811 0.749999999999391 0
1794 0.949999999999809 0.7749999999994447 0
1795 0.949999999999807 0.7999999999994988 0
1796 0.9499999999998052 0.824999999999553 0
1797 0.9499999999998032 0.8499999999996068 0
1798 0.9499999999998014 0.874999999999662 0
1799 0.9499999999997992 0.8999999999997286 0
1800 0.9499999999997975 0.9249999999997965 0
1801 0.9499999999997957 0.9499999999998643 0
1802 0.9499999999997937 0.9749999999999323 0
1803 0.9749999999999331 0.02499999999995651 0
1804 0.974999999999932 0.0499999999999071 0
1805 0.9749999999999313 0.07499999999986391 0
1806 0.9749999999999303 0.09999999999982918 0
1807 0.9749999999999296 0.1249999999997918 0
1808 0.9749999999999285 0.1499999999997259 0
1809 0.9749999999999275 0.1749999999996573 0
1810 0.9749999999999266 0.1999999999995888 0
1811 0.9749999999999256 0.2249999999995202 0
1812 0.9749999999999244 0.2499999999994517 0
1813 0.9749999999999239 0.2749999999993832 0
1814 0.9749999999999225 0.2999999999993146 0
1815 0.9749999999999219 0.3249999999992461 0
1816 0.9749999999999208 0.3499999999991776 0
1817 0.9749999999999197 0.374999999999109 0
1818 0.9749999999999188 0.3999999999990403 0
1819 0.9749999999999179 0.4249999999989719 0
1820 0.9749999999999169 0.4499999999989033 0
1821 0.9749999999999159 0.4749999999988348 0
1822 0.9749999999999149 0.4999999999987763 0
1823 0.9749999999999139 0.5249999999988261 0
1824 0.9749999999999133 0.5499999999988863 0
1825 0.974999999999912 0.574999999998946 0
1826 0.9749999999999112 0.5999999999990062 0
1827 0.9749999999999103 0.6249999999990661 0
1828 0.9749999999999093 0.6499999999991258 0
1829 0.9749999999999084 0.674999999999186 0
1830 0.9749999999999077 0.6999999999992458 0
1831 0.9749999999999065 0.7249999999993056 0
1832 0.9749999999999056 0.7499999999993657 0
1833 0.9749999999999045 0.7749999999994256 0
1834 0.9749999999999035 0.7999999999994857 0
1835 0.9749999999999028 0.8249999999995457 0
1836 0.9749999999999018 0.8499999999996055 0
1837 0.9749999999999007 0.874999999999666 0
1838 0.9749999999998996 0.8999999999997323 0
1839 0.9749999999998987 0.9249999999997992 0
1840 0.9749999999998978 0.9499999999998663 0
1841 0.9749999999998969 0.9749999999999331 0
1842 0.02499999999995651 0.02500000000010038 0.1
1843 0.02499999999996029 0.05000000000020038 0.1
1844 0.02499999999996408 0.07500000000030078 0.1
1845 0.02499999999996787 0.1000000000004011 0.1
1846 0.02499999999997165 0.1250000000005017 0.1
1847 0.02499999999997544 0.1500000000006014 0.1
1848 0.02499999999997923 0.175000000000701 0.1
1849 0.02499999999998301 0.2000000000008006 0.1
1850 0.0249999999999868 0.2250000000009001 0.1
1851 0.02499999999999058 0.2500000000009999 0.1
1852 0.02499999999999437 0.2750000000010995 0.1
1853 0.02499999999999816 0.3000000000011992 0.1
1854 0.02500000000000194 0.3250000000012987 0.1
1855 0.02500000000000572 0.3500000000013984 0.1
1856 0.02500000000000951 0.375000000001498 0.1
1857 0.0250000000000133 0.4000000000015977 0.1
1858 0.02500000000001708 0.4250000000016972 0.1
1859 0.02500000000002087 0.4500000000017969 0.1
1860 0.02500000000002466 0.4750000000018966 0.1
1861 0.02500000000002844 0.5000000000019753 0.1
1862 0.02500000000003223 0.5250000000018286 0.1
1863 0.02500000000003601 0.5500000000016614 0.1
1864 0.0250000000000398 0.5750000000014938 0.1
1865 0.02500000000004358 0.6000000000013264 0.1
1866 0.02500000000004737 0.6250000000011591 0.1
1867 0.02500000000005116 0.6500000000009915 0.1
1868 0.02500000000005495 0.6750000000008243 0.1
1869 0.02500000000005873 0.7000000000006567 0.1
1870 0.02500000000006252 0.7250000000004891 0.1
1871 0.0250000000000663 0.750000000000322 0.1
1872 0.02500000000007009 0.7750000000001543 0.1
1873 0.02500000000007388 0.7999999999999868 0.1
1874 0.02500000000007766 0.8249999999998192 0.1
1875 0.02500000000008144 0.8499999999996517 0.1
1876 0.02500000000008523 0.8749999999995053 0.1
1877 0.02500000000008902 0.8999999999995874 0.1
1878 0.02500000000009281 0.9249999999996906 0.1
1879 0.02500000000009659 0.9499999999997937 0.1
1880 0.02500000000010038 0.9749999999998969 0.1
1881 0.0499999999999071 0.02500000000009659 0.1
1882 0.04999999999991482 0.05000000000019267 0.1
1883 0.04999999999992254 0.07500000000028927 0.1
1884 0.04999999999993025 0.1000000000003861 0.1
1885 0.04999999999993798 0.1250000000004831 0.1
1886 0.04999999999994569 0.1500000000005783 0.1
1887 0.04999999999995341 0.1750000000006735 0.1
1888 0.04999999999996113 0.2000000000007688 0.1
1889 0.04999999999996885 0.2250000000008638 0.1
1890 0.04999999999997655 0.2500000000009591 0.1
1891 0.04999999999998428 0.2750000000010543 0.1
1892 0.049999999999992 0.3000000000011495 0.1
1893 0.04999999999999971 0.3250000000012447 0.1
1894 0.05000000000000743 0.3500000000013399 0.1
1895 0.05000000000001514 0.3750000000014352 0.1
1896 0.05000000000002286 0.4000000000015305 0.1
1897 0.05000000000003059 0.4250000000016256 0.1
1898 0.05000000000003832 0.4500000000017207 0.1
1899 0.05000000000004602 0.475000000001816 0.1
1900 0.05000000000005375 0.5000000000018909 0.1
1901 0.05000000000006145 0.5250000000017496 0.1
1902 0.05000000000006917 0.5500000000015881 0.1
1903 0.0500000000000769 0.5750000000014267 0.1
1904 0.05000000000008462 0.6000000000012653 0.1
1905 0.05000000000009233 0.625000000001104 0.1
1906 0.05000000000010005 0.6500000000009425 0.1
1907 0.05000000000010776 0.6750000000007813 0.1
1908 0.05000000000011548 0.7000000000006197 0.1
1909 0.0500000000001232 0.7250000000004581 0.1
1910 0.05000000000013091 0.7500000000002965 0.1
1911 0.05000000000013863 0.7750000000001352 0.1
1912 0.05000000000014636 0.7999999999999735 0.1
1913 0.05000000000015407 0.8249999999998122 0.1
1914 0.05000000000016179 0.8499999999996505 0.1
1915 0.05000000000016951 0.8749999999995096 0.1
1916 0.05000000000017724 0.8999999999995911 0.1
1917 0.05000000000018495 0.9249999999996935 0.1
1918 0.05000000000019267 0.9499999999997956 0.1
1919 0.05000000000020038 0.9749999999998978 0.1
1920 0.07499999999986391 0.02500000000009281 0.1
1921 0.07499999999987543 0.05000000000018495 0.1
1922 0.07499999999988692 0.07500000000027778 0.1
1923 0.07499999999989841 0.1000000000003711 0.1
1924 0.07499999999990989 0.1250000000004643 0.1
1925 0.07499999999992139 0.1500000000005553 0.1
1926 0.07499999999993288 0.1750000000006461 0.1
1927 0.0749999999999444 0.2000000000007369 0.1
1928 0.07499999999995591 0.2250000000008275 0.1
1929 0.07499999999996738 0.2500000000009184 0.1
1930 0.07499999999997888 0.2750000000010091 0.1
1931 0.07499999999999037 0.3000000000010999 0.1
1932 0.07500000000000186 0.3250000000011907 0.1
1933 0.07500000000001336 0.3500000000012815 0.1
1934 0.07500000000002484 0.3750000000013723 0.1
1935 0.07500000000003634 0.4000000000014631 0.1
1936 0.07500000000004785 0.4250000000015539 0.1
1937 0.07500000000005937 0.4500000000016445 0.1
1938 0.07500000000007086 0.4750000000017354 0.1
1939 0.07500000000008235 0.500000000001807 0.1
1940 0.07500000000009384 0.5250000000016707 0.1
1941 0.07500000000010533 0.5500000000015153 0.1
1942 0.07500000000011682 0.5750000000013596 0.1
1943 0.07500000000012831 0.6000000000012042 0.1
1944 0.0750000000001398 0.6250000000010489 0.1
1945 0.07500000000015132 0.6500000000008933 0.1
1946 0.07500000000016281 0.6750000000007381 0.1
1947 0.0750000000001743 0.7000000000005825 0.1
1948 0.07500000000018582 0.725000000000427 0.1
1949 0.07500000000019731 0.7500000000002717 0.1
1950 0.0750000000002088 0.7750000000001162 0.1
1951 0.07500000000022029 0.7999999999999605 0.1
1952 0.07500000000023178 0.824999999999805 0.1
1953 0.07500000000024327 0.8499999999996495 0.1
1954 0.07500000000025477 0.8749999999995137 0.1
1955 0.07500000000026628 0.899999999999595 0.1
1956 0.07500000000027778 0.9249999999996964 0.1
1957 0.07500000000028927 0.9499999999997975 0.1
1958 0.07500000000030078 0.9749999999998988 0.1
1959 0.09999999999982918 0.02500000000008901 0.1
1960 0.09999999999984423 0.05000000000017724 0.1
1961 0.09999999999985927 0.07500000000026626 0.1
1962 0.09999999999987433 0.100000000000356 0.1
1963 0.09999999999988939 0.1250000000004456 0.1
1964 0.09999999999990443 0.1500000000005322 0.1
1965 0.0999999999999195 0.1750000000006185 0.1
1966 0.09999999999993456 0.2000000000007049 0.1
1967 0.09999999999994959 0.2250000000007912 0.1
1968 0.09999999999996463 0.2500000000008776 0.1
1969 0.0999999999999797 0.275000000000964 0.1
1970 0.09999999999999473 0.3000000000010504 0.1
1971 0.1000000000000098 0.3250000000011367 0.1
1972 0.1000000000000248 0.3500000000012231 0.1
1973 0.1000000000000399 0.3750000000013095 0.1
1974 0.1000000000000549 0.4000000000013959 0.1
1975 0.10000000000007 0.4250000000014821 0.1
1976 0.1000000000000851 0.4500000000015684 0.1
1977 0.1000000000001001 0.4750000000016548 0.1
1978 0.1000000000001151 0.5000000000017226 0.1
1979 0.1000000000001302 0.5250000000015919 0.1
1980 0.1000000000001453 0.5500000000014422 0.1
1981 0.1000000000001603 0.5750000000012928 0.1
1982 0.1000000000001754 0.6000000000011432 0.1
1983 0.1000000000001904 0.6250000000009939 0.1
1984 0.1000000000002055 0.6500000000008442 0.1
1985 0.1000000000002205 0.675000000000695 0.1
1986 0.1000000000002356 0.7000000000005454 0.1
1987 0.1000000000002507 0.7250000000003959 0.1
1988 0.1000000000002657 0.7500000000002464 0.1
1989 0.1000000000002807 0.7750000000000968 0.1
1990 0.1000000000002958 0.7999999999999473 0.1
1991 0.1000000000003108 0.8249999999997979 0.1
1992 0.1000000000003259 0.8499999999996481 0.1
1993 0.1000000000003409 0.8749999999995182 0.1
1994 0.100000000000356 0.8999999999995989 0.1
1995 0.1000000000003711 0.9249999999996993 0.1
1996 0.1000000000003861 0.9499999999997994 0.1
1997 0.1000000000004011 0.9749999999998996 0.1
1998 0.1249999999997918 0.02500000000008522 0.1
1999 0.1249999999998105 0.05000000000016952 0.1
2000 0.1249999999998292 0.07500000000025475 0.1
2001 0.1249999999998478 0.1000000000003409 0.1
2002 0.1249999999998665 0.125000000000427 0.1
2003 0.1249999999998852 0.1500000000005093 0.1
2004 0.1249999999999039 0.1750000000005912 0.1
2005 0.1249999999999226 0.2000000000006731 0.1
2006 0.1249999999999412 0.2250000000007549 0.1
2007 0.1249999999999599 0.2500000000008369 0.1
2008 0.1249999999999786 0.2750000000009188 0.1
2009 0.1249999999999973 0.3000000000010007 0.1
2010 0.125000000000016 0.3250000000010827 0.1
2011 0.1250000000000347 0.3500000000011647 0.1
2012 0.1250000000000533 0.3750000000012465 0.1
2013 0.125000000000072 0.4000000000013285 0.1
2014 0.1250000000000907 0.4250000000014104 0.1
2015 0.1250000000001094 0.4500000000014923 0.1
2016 0.1250000000001281 0.4750000000015742 0.1
2017 0.1250000000001467 0.5000000000016387 0.1
2018 0.1250000000001654 0.5250000000015128 0.1
2019 0.1250000000001841 0.5500000000013692 0.1
2020 0.1250000000002028 0.5750000000012255 0.1
2021 0.1250000000002215 0.6000000000010821 0.1
2022 0.1250000000002402 0.6250000000009388 0.1
2023 0.1250000000002588 0.6500000000007951 0.1
2024 0.1250000000002775 0.6750000000006519 0.1
2025 0.1250000000002962 0.7000000000005083 0.1
2026 0.1250000000003149 0.7250000000003648 0.1
2027 0.1250000000003335 0.750000000000221 0.1
2028 0.1250000000003522 0.7750000000000775 0.1
2029 0.1250000000003709 0.799999999999934 0.1
2030 0.1250000000003896 0.8249999999997906 0.1
2031 0.1250000000004083 0.8499999999996468 0.1
2032 0.125000000000427 0.8749999999995223 0.1
2033 0.1250000000004456 0.8999999999996026 0.1
2034 0.1250000000004643 0.9249999999997019 0.1
2035 0.125000000000483 0.9499999999998014 0.1
2036 0.1250000000005017 0.9749999999999009 0.1
2037 0.1499999999997258 0.02500000000008145 0.1
2038 0.1499999999997489 0.0500000000001618 0.1
2039 0.149999999999772 0.07500000000024327 0.1
2040 0.149999999999795 0.1000000000003259 0.1
2041 0.149999999999818 0.1250000000004083 0.1
2042 0.1499999999998411 0.1500000000004862 0.1
2043 0.1499999999998641 0.1750000000005636 0.1
2044 0.1499999999998871 0.2000000000006411 0.1
2045 0.1499999999999102 0.2250000000007186 0.1
2046 0.1499999999999332 0.2500000000007961 0.1
2047 0.1499999999999563 0.2750000000008737 0.1
2048 0.1499999999999793 0.3000000000009512 0.1
2049 0.1500000000000023 0.3250000000010286 0.1
2050 0.1500000000000254 0.3500000000011061 0.1
2051 0.1500000000000484 0.3750000000011837 0.1
2052 0.1500000000000715 0.4000000000012613 0.1
2053 0.1500000000000945 0.4250000000013387 0.1
2054 0.1500000000001176 0.4500000000014162 0.1
2055 0.1500000000001406 0.4750000000014937 0.1
2056 0.1500000000001636 0.5000000000015543 0.1
2057 0.1500000000001867 0.5250000000014338 0.1
2058 0.1500000000002097 0.5500000000012961 0.1
2059 0.1500000000002328 0.5750000000011587 0.1
2060 0.1500000000002558 0.600000000001021 0.1
2061 0.1500000000002788 0.6250000000008837 0.1
2062 0.1500000000003019 0.6500000000007461 0.1
2063 0.1500000000003249 0.6750000000006087 0.1
2064 0.1500000000003479 0.7000000000004709 0.1
2065 0.150000000000371 0.7250000000003334 0.1
2066 0.150000000000394 0.7500000000001961 0.1
2067 0.150000000000417 0.7750000000000583 0.1
2068 0.1500000000004401 0.7999999999999209 0.1
2069 0.1500000000004631 0.8249999999997832 0.1
2070 0.1500000000004861 0.8499999999996457 0.1
2071 0.1500000000005092 0.8749999999995265 0.1
2072 0.1500000000005322 0.8999999999996064 0.1
2073 0.1500000000005553 0.9249999999997051 0.1
2074 0.1500000000005783 0.9499999999998032 0.1
2075 0.1500000000006014 0.9749999999999018 0.1
2076 0.1749999999996573 0.02500000000007766 0.1
2077 0.1749999999996848 0.05000000000015408 0.1
2078 0.1749999999997122 0.07500000000023178 0.1
2079 0.1749999999997397 0.1000000000003108 0.1
2080 0.1749999999997672 0.1250000000003895 0.1
2081 0.1749999999997947 0.1500000000004632 0.1
2082 0.1749999999998222 0.1750000000005362 0.1
2083 0.1749999999998497 0.2000000000006092 0.1
2084 0.1749999999998771 0.2250000000006823 0.1
2085 0.1749999999999045 0.2500000000007554 0.1
2086 0.174999999999932 0.2750000000008285 0.1
2087 0.1749999999999595 0.3000000000009015 0.1
2088 0.1749999999999869 0.3250000000009746 0.1
2089 0.1750000000000144 0.3500000000010477 0.1
2090 0.1750000000000418 0.3750000000011207 0.1
2091 0.1750000000000693 0.4000000000011939 0.1
2092 0.1750000000000967 0.425000000001267 0.1
2093 0.1750000000001243 0.45000000000134 0.1
2094 0.1750000000001517 0.4750000000014131 0.1
2095 0.1750000000001792 0.5000000000014702 0.1
2096 0.1750000000002066 0.5250000000013547 0.1
2097 0.1750000000002341 0.5500000000012231 0.1
2098 0.1750000000002615 0.5750000000010914 0.1
2099 0.1750000000002891 0.60000000000096 0.1
2100 0.1750000000003165 0.6250000000008287 0.1
2101 0.175000000000344 0.650000000000697 0.1
2102 0.1750000000003714 0.6750000000005654 0.1
2103 0.1750000000003989 0.7000000000004339 0.1
2104 0.1750000000004264 0.7250000000003022 0.1
2105 0.1750000000004538 0.7500000000001709 0.1
2106 0.1750000000004812 0.7750000000000393 0.1
2107 0.1750000000005087 0.7999999999999079 0.1
2108 0.1750000000005362 0.8249999999997761 0.1
2109 0.1750000000005636 0.8499999999996447 0.1
2110 0.1750000000005912 0.8749999999995306 0.1
2111 0.1750000000006186 0.8999999999996102 0.1
2112 0.1750000000006461 0.9249999999997077 0.1
2113 0.1750000000006735 0.9499999999998052 0.1
2114 0.175000000000701 0.9749999999999028 0.1
2115 0.1999999999995887 0.02500000000007388 0.1
2116 0.1999999999996207 0.05000000000014634 0.1
2117 0.1999999999996526 0.07500000000022029 0.1
2118 0.1999999999996845 0.1000000000002958 0.1
2119 0.1999999999997164 0.1250000000003709 0.1
2120 0.1999999999997482 0.1500000000004401 0.1
2121 0.1999999999997801 0.1750000000005087 0.1
2122 0.199999999999812 0.2000000000005774 0.1
2123 0.1999999999998439 0.2250000000006459 0.1
2124 0.1999999999998758 0.2500000000007147 0.1
2125 0.1999999999999077 0.2750000000007833 0.1
2126 0.1999999999999396 0.3000000000008519 0.1
2127 0.1999999999999715 0.3250000000009206 0.1
2128 0.2000000000000034 0.3500000000009893 0.1
2129 0.2000000000000352 0.3750000000010579 0.1
2130 0.2000000000000671 0.4000000000011267 0.1
2131 0.200000000000099 0.4250000000011951 0.1
2132 0.2000000000001309 0.4500000000012638 0.1
2133 0.2000000000001628 0.4750000000013325 0.1
2134 0.2000000000001947 0.500000000001386 0.1
2135 0.2000000000002266 0.5250000000012757 0.1
2136 0.2000000000002585 0.55000000000115 0.1
2137 0.2000000000002904 0.5750000000010244 0.1
2138 0.2000000000003223 0.6000000000008989 0.1
2139 0.2000000000003542 0.6250000000007736 0.1
2140 0.200000000000386 0.6500000000006477 0.1
2141 0.2000000000004179 0.6750000000005223 0.1
2142 0.2000000000004498 0.700000000000397 0.1
2143 0.2000000000004817 0.7250000000002711 0.1
2144 0.2000000000005136 0.7500000000001459 0.1
2145 0.2000000000005455 0.7750000000000202 0.1
2146 0.2000000000005774 0.7999999999998945 0.1
2147 0.2000000000006093 0.824999999999769 0.1
2148 0.2000000000006412 0.8499999999996433 0.1
2149 0.200000000000673 0.8749999999995351 0.1
2150 0.2000000000007049 0.899999999999614 0.1
2151 0.2000000000007369 0.9249999999997107 0.1
2152 0.2000000000007687 0.949999999999807 0.1
2153 0.2000000000008006 0.9749999999999037 0.1
2154 0.2249999999995203 0.02500000000007009 0.1
2155 0.2249999999995566 0.05000000000013863 0.1
2156 0.2249999999995929 0.07500000000020882 0.1
2157 0.2249999999996292 0.1000000000002807 0.1
2158 0.2249999999996655 0.1250000000003522 0.1
2159 0.2249999999997018 0.150000000000417 0.1
2160 0.2249999999997381 0.1750000000004812 0.1
2161 0.2249999999997745 0.2000000000005455 0.1
2162 0.2249999999998107 0.2250000000006096 0.1
2163 0.224999999999847 0.2500000000006739 0.1
2164 0.2249999999998834 0.2750000000007382 0.1
2165 0.2249999999999197 0.3000000000008024 0.1
2166 0.224999999999956 0.3250000000008667 0.1
2167 0.2249999999999924 0.3500000000009308 0.1
2168 0.2250000000000286 0.375000000000995 0.1
2169 0.225000000000065 0.4000000000010593 0.1
2170 0.2250000000001013 0.4250000000011234 0.1
2171 0.2250000000001375 0.4500000000011877 0.1
2172 0.2250000000001739 0.4750000000012519 0.1
2173 0.2250000000002102 0.5000000000013016 0.1
2174 0.2250000000002465 0.5250000000011966 0.1
2175 0.2250000000002828 0.550000000001077 0.1
2176 0.2250000000003191 0.5750000000009576 0.1
2177 0.2250000000003554 0.6000000000008379 0.1
2178 0.2250000000003918 0.6250000000007185 0.1
2179 0.2250000000004281 0.6500000000005989 0.1
2180 0.2250000000004644 0.6750000000004792 0.1
2181 0.2250000000005007 0.7000000000003596 0.1
2182 0.225000000000537 0.7250000000002401 0.1
2183 0.2250000000005734 0.7500000000001207 0.1
2184 0.2250000000006097 0.775000000000001 0.1
2185 0.225000000000646 0.7999999999998811 0.1
2186 0.2250000000006823 0.8249999999997618 0.1
2187 0.2250000000007186 0.8499999999996422 0.1
2188 0.2250000000007549 0.8749999999995393 0.1
2189 0.2250000000007912 0.8999999999996181 0.1
2190 0.2250000000008275 0.9249999999997136 0.1
2191 0.2250000000008638 0.949999999999809 0.1
2192 0.2250000000009001 0.9749999999999045 0.1
2193 0.2499999999994517 0.0250000000000663 0.1
2194 0.2499999999994924 0.05000000000013093 0.1
2195 0.2499999999995332 0.07500000000019731 0.1
2196 0.249999999999574 0.1000000000002657 0.1
2197 0.2499999999996146 0.1250000000003335 0.1
2198 0.2499999999996554 0.150000000000394 0.1
2199 0.2499999999996961 0.1750000000004538 0.1
2200 0.2499999999997369 0.2000000000005136 0.1
2201 0.2499999999997776 0.2250000000005733 0.1
2202 0.2499999999998184 0.2500000000006332 0.1
2203 0.2499999999998591 0.275000000000693 0.1
2204 0.2499999999998999 0.3000000000007528 0.1
2205 0.2499999999999406 0.3250000000008126 0.1
2206 0.2499999999999813 0.3500000000008723 0.1
2207 0.2500000000000221 0.3750000000009323 0.1
2208 0.2500000000000628 0.4000000000009921 0.1
2209 0.2500000000001036 0.4250000000010518 0.1
2210 0.2500000000001443 0.4500000000011116 0.1
2211 0.2500000000001851 0.4750000000011714 0.1
2212 0.2500000000002257 0.5000000000012177 0.1
2213 0.2500000000002666 0.5250000000011176 0.1
2214 0.2500000000003073 0.5500000000010041 0.1
2215 0.2500000000003479 0.5750000000008905 0.1
2216 0.2500000000003888 0.6000000000007768 0.1
2217 0.2500000000004295 0.6250000000006635 0.1
2218 0.2500000000004703 0.6500000000005496 0.1
2219 0.2500000000005109 0.6750000000004361 0.1
2220 0.2500000000005517 0.7000000000003227 0.1
2221 0.2500000000005924 0.7250000000002089 0.1
2222 0.2500000000006332 0.7500000000000954 0.1
2223 0.2500000000006739 0.7749999999999816 0.1
2224 0.2500000000007147 0.7999999999998683 0.1
2225 0.2500000000007554 0.8249999999997546 0.1
2226 0.2500000000007961 0.8499999999996408 0.1
2227 0.2500000000008369 0.8749999999995435 0.1
2228 0.2500000000008776 0.8999999999996218 0.1
2229 0.2500000000009184 0.9249999999997162 0.1
2230 0.2500000000009591 0.9499999999998108 0.1
2231 0.2500000000009999 0.9749999999999053 0.1
2232 0.2749999999993832 0.02500000000006251 0.1
2233 0.2749999999994283 0.0500000000001232 0.1
2234 0.2749999999994734 0.07500000000018582 0.1
2235 0.2749999999995186 0.1000000000002507 0.1
2236 0.2749999999995638 0.1250000000003148 0.1
2237 0.274999999999609 0.150000000000371 0.1
2238 0.2749999999996542 0.1750000000004263 0.1
2239 0.2749999999996994 0.2000000000004817 0.1
2240 0.2749999999997444 0.225000000000537 0.1
2241 0.2749999999997896 0.2500000000005925 0.1
2242 0.2749999999998348 0.2750000000006478 0.1
2243 0.27499999999988 0.3000000000007031 0.1
2244 0.2749999999999252 0.3250000000007585 0.1
2245 0.2749999999999704 0.350000000000814 0.1
2246 0.2750000000000155 0.3750000000008694 0.1
2247 0.2750000000000608 0.4000000000009248 0.1
2248 0.2750000000001058 0.4250000000009801 0.1
2249 0.275000000000151 0.4500000000010355 0.1
2250 0.2750000000001962 0.4750000000010908 0.1
2251 0.2750000000002413 0.5000000000011333 0.1
2252 0.2750000000002865 0.5250000000010385 0.1
2253 0.2750000000003316 0.5500000000009311 0.1
2254 0.2750000000003768 0.5750000000008234 0.1
2255 0.275000000000422 0.6000000000007157 0.1
2256 0.2750000000004672 0.6250000000006084 0.1
2257 0.2750000000005123 0.6500000000005007 0.1
2258 0.2750000000005575 0.6750000000003931 0.1
2259 0.2750000000006027 0.7000000000002854 0.1
2260 0.2750000000006478 0.7250000000001778 0.1
2261 0.275000000000693 0.7500000000000704 0.1
2262 0.2750000000007382 0.7749999999999625 0.1
2263 0.2750000000007833 0.7999999999998549 0.1
2264 0.2750000000008285 0.8249999999997473 0.1
2265 0.2750000000008737 0.8499999999996397 0.1
2266 0.2750000000009188 0.8749999999995477 0.1
2267 0.275000000000964 0.8999999999996255 0.1
2268 0.2750000000010091 0.9249999999997193 0.1
2269 0.2750000000010544 0.9499999999998128 0.1
2270 0.2750000000010995 0.9749999999999064 0.1
2271 0.2999999999993146 0.02500000000005873 0.1
2272 0.2999999999993643 0.05000000000011548 0.1
2273 0.2999999999994137 0.0750000000001743 0.1
2274 0.2999999999994635 0.1000000000002356 0.1
2275 0.299999999999513 0.1250000000002962 0.1
2276 0.2999999999995626 0.1500000000003479 0.1
2277 0.2999999999996121 0.1750000000003989 0.1
2278 0.2999999999996618 0.2000000000004498 0.1
2279 0.2999999999997113 0.2250000000005007 0.1
2280 0.2999999999997609 0.2500000000005517 0.1
2281 0.2999999999998105 0.2750000000006027 0.1
2282 0.29999999999986 0.3000000000006536 0.1
2283 0.2999999999999097 0.3250000000007046 0.1
2284 0.2999999999999593 0.3500000000007554 0.1
2285 0.3000000000000088 0.3750000000008064 0.1
2286 0.3000000000000586 0.4000000000008574 0.1
2287 0.3000000000001081 0.4250000000009084 0.1
2288 0.3000000000001577 0.4500000000009593 0.1
2289 0.3000000000002073 0.4750000000010102 0.1
2290 0.3000000000002568 0.5000000000010494 0.1
2291 0.3000000000003064 0.5250000000009595 0.1
2292 0.3000000000003561 0.550000000000858 0.1
2293 0.3000000000004056 0.5750000000007566 0.1
2294 0.3000000000004552 0.6000000000006547 0.1
2295 0.3000000000005049 0.6250000000005533 0.1
2296 0.3000000000005544 0.6500000000004514 0.1
2297 0.300000000000604 0.67500000000035 0.1
2298 0.3000000000006536 0.7000000000002483 0.1
2299 0.3000000000007031 0.7250000000001467 0.1
2300 0.3000000000007528 0.7500000000000452 0.1
2301 0.3000000000008024 0.7749999999999434 0.1
2302 0.3000000000008519 0.7999999999998416 0.1
2303 0.3000000000009015 0.8249999999997402 0.1
2304 0.3000000000009512 0.8499999999996384 0.1
2305 0.3000000000010008 0.8749999999995519 0.1
2306 0.3000000000010503 0.8999999999996293 0.1
2307 0.3000000000010999 0.924999999999722 0.1
2308 0.3000000000011495 0.9499999999998148 0.1
2309 0.3000000000011992 0.9749999999999074 0.1
2310 0.3249999999992459 0.02500000000005495 0.1
2311 0.3249999999993001 0.05000000000010776 0.1
2312 0.3249999999993541 0.07500000000016281 0.1
2313 0.3249999999994082 0.1000000000002205 0.1
2314 0.3249999999994621 0.1250000000002775 0.1
2315 0.3249999999995162 0.1500000000003249 0.1
2316 0.3249999999995701 0.1750000000003715 0.1
2317 0.3249999999996242 0.2000000000004179 0.1
2318 0.3249999999996783 0.2250000000004643 0.1
2319 0.3249999999997322 0.2500000000005109 0.1
2320 0.3249999999997862 0.2750000000005575 0.1
2321 0.3249999999998403 0.300000000000604 0.1
2322 0.3249999999998944 0.3250000000006505 0.1
2323 0.3249999999999482 0.3500000000006971 0.1
2324 0.3250000000000022 0.3750000000007436 0.1
2325 0.3250000000000564 0.4000000000007902 0.1
2326 0.3250000000001103 0.4250000000008367 0.1
2327 0.3250000000001644 0.4500000000008832 0.1
2328 0.3250000000002184 0.4750000000009296 0.1
2329 0.3250000000002723 0.500000000000965 0.1
2330 0.3250000000003264 0.5250000000008804 0.1
2331 0.3250000000003805 0.5500000000007848 0.1
2332 0.3250000000004344 0.5750000000006894 0.1
2333 0.3250000000004885 0.6000000000005936 0.1
2334 0.3250000000005425 0.625000000000498 0.1
2335 0.3250000000005965 0.6500000000004024 0.1
2336 0.3250000000006505 0.6750000000003069 0.1
2337 0.3250000000007046 0.7000000000002113 0.1
2338 0.3250000000007586 0.7250000000001154 0.1
2339 0.3250000000008126 0.75000000000002 0.1
2340 0.3250000000008667 0.7749999999999244 0.1
2341 0.3250000000009206 0.7999999999998285 0.1
2342 0.3250000000009746 0.8249999999997328 0.1
2343 0.3250000000010287 0.849999999999637 0.1
2344 0.3250000000010827 0.8749999999995562 0.1
2345 0.3250000000011367 0.8999999999996331 0.1
2346 0.3250000000011907 0.924999999999725 0.1
2347 0.3250000000012448 0.9499999999998165 0.1
2348 0.3250000000012987 0.9749999999999084 0.1
2349 0.3499999999991775 0.02500000000005115 0.1
2350 0.349999999999236 0.05000000000010005 0.1
2351 0.3499999999992945 0.07500000000015131 0.1
2352 0.3499999999993529 0.1000000000002055 0.1
2353 0.3499999999994113 0.1250000000002588 0.1
2354 0.3499999999994697 0.1500000000003019 0.1
2355 0.3499999999995282 0.175000000000344 0.1
2356 0.3499999999995865 0.200000000000386 0.1
2357 0.349999999999645 0.2250000000004281 0.1
2358 0.3499999999997035 0.2500000000004702 0.1
2359 0.3499999999997621 0.2750000000005124 0.1
2360 0.3499999999998204 0.3000000000005544 0.1
2361 0.3499999999998789 0.3250000000005965 0.1
2362 0.3499999999999373 0.3500000000006386 0.1
2363 0.3499999999999956 0.3750000000006806 0.1
2364 0.3500000000000542 0.4000000000007228 0.1
2365 0.3500000000001126 0.4250000000007649 0.1
2366 0.350000000000171 0.450000000000807 0.1
2367 0.3500000000002295 0.4750000000008491 0.1
2368 0.3500000000002879 0.5000000000008809 0.1
2369 0.3500000000003464 0.5250000000008014 0.1
2370 0.3500000000004048 0.5500000000007119 0.1
2371 0.3500000000004632 0.5750000000006223 0.1
2372 0.3500000000005217 0.6000000000005326 0.1
2373 0.3500000000005801 0.6250000000004432 0.1
2374 0.3500000000006386 0.6500000000003533 0.1
2375 0.350000000000697 0.6750000000002638 0.1
2376 0.3500000000007554 0.7000000000001738 0.1
2377 0.3500000000008139 0.7250000000000842 0.1
2378 0.3500000000008724 0.7499999999999949 0.1
2379 0.3500000000009308 0.7749999999999051 0.1
2380 0.3500000000009892 0.7999999999998153 0.1
2381 0.3500000000010477 0.8249999999997256 0.1
2382 0.3500000000011061 0.8499999999996362 0.1
2383 0.3500000000011646 0.8749999999995604 0.1
2384 0.350000000001223 0.899999999999637 0.1
2385 0.3500000000012815 0.9249999999997276 0.1
2386 0.3500000000013399 0.9499999999998185 0.1
2387 0.3500000000013984 0.9749999999999093 0.1
2388 0.374999999999109 0.02500000000004737 0.1
2389 0.3749999999991719 0.05000000000009233 0.1
2390 0.3749999999992348 0.0750000000001398 0.1
2391 0.3749999999992975 0.1000000000001904 0.1
2392 0.3749999999993605 0.1250000000002401 0.1
2393 0.3749999999994233 0.1500000000002788 0.1
2394 0.3749999999994861 0.1750000000003165 0.1
2395 0.3749999999995491 0.2000000000003541 0.1
2396 0.3749999999996119 0.2250000000003917 0.1
2397 0.3749999999996748 0.2500000000004294 0.1
2398 0.3749999999997376 0.2750000000004671 0.1
2399 0.3749999999998005 0.3000000000005049 0.1
2400 0.3749999999998636 0.3250000000005425 0.1
2401 0.3749999999999262 0.3500000000005802 0.1
2402 0.3749999999999891 0.3750000000006178 0.1
2403 0.375000000000052 0.4000000000006556 0.1
2404 0.3750000000001148 0.4250000000006933 0.1
2405 0.3750000000001777 0.4500000000007308 0.1
2406 0.3750000000002406 0.4750000000007685 0.1
2407 0.3750000000003034 0.5000000000007967 0.1
2408 0.3750000000003663 0.5250000000007223 0.1
2409 0.3750000000004292 0.5500000000006389 0.1
2410 0.3750000000004921 0.5750000000005552 0.1
2411 0.3750000000005549 0.6000000000004715 0.1
2412 0.3750000000006178 0.6250000000003879 0.1
2413 0.3750000000006807 0.650000000000304 0.1
2414 0.3750000000007436 0.6750000000002205 0.1
2415 0.3750000000008064 0.7000000000001372 0.1
2416 0.3750000000008694 0.7250000000000532 0.1
2417 0.3750000000009322 0.7499999999999698 0.1
2418 0.375000000000995 0.7749999999998857 0.1
2419 0.3750000000010579 0.7999999999998022 0.1
2420 0.3750000000011207 0.8249999999997184 0.1
2421 0.3750000000011837 0.8499999999996349 0.1
2422 0.3750000000012465 0.8749999999995646 0.1
2423 0.3750000000013095 0.8999999999996406 0.1
2424 0.3750000000013723 0.9249999999997307 0.1
2425 0.3750000000014351 0.9499999999998205 0.1
2426 0.375000000001498 0.9749999999999104 0.1
2427 0.3999999999990404 0.02500000000004358 0.1
2428 0.3999999999991077 0.05000000000008462 0.1
2429 0.3999999999991751 0.0750000000001283 0.1
2430 0.3999999999992422 0.1000000000001754 0.1
2431 0.3999999999993096 0.1250000000002215 0.1
2432 0.3999999999993768 0.1500000000002558 0.1
2433 0.3999999999994442 0.175000000000289 0.1
2434 0.3999999999995115 0.2000000000003223 0.1
2435 0.3999999999995788 0.2250000000003554 0.1
2436 0.3999999999996461 0.2500000000003887 0.1
2437 0.3999999999997134 0.275000000000422 0.1
2438 0.3999999999997807 0.3000000000004552 0.1
2439 0.399999999999848 0.3250000000004885 0.1
2440 0.3999999999999154 0.3500000000005217 0.1
2441 0.3999999999999826 0.3750000000005549 0.1
2442 0.4000000000000499 0.4000000000005882 0.1
2443 0.4000000000001171 0.4250000000006215 0.1
2444 0.4000000000001844 0.4500000000006548 0.1
2445 0.4000000000002518 0.475000000000688 0.1
2446 0.4000000000003192 0.5000000000007125 0.1
2447 0.4000000000003863 0.5250000000006435 0.1
2448 0.4000000000004537 0.5500000000005658 0.1
2449 0.400000000000521 0.5750000000004883 0.1
2450 0.4000000000005883 0.6000000000004104 0.1
2451 0.4000000000006555 0.6250000000003328 0.1
2452 0.4000000000007228 0.6500000000002552 0.1
2453 0.4000000000007901 0.6750000000001777 0.1
2454 0.4000000000008574 0.7000000000000997 0.1
2455 0.4000000000009248 0.7250000000000218 0.1
2456 0.400000000000992 0.7499999999999443 0.1
2457 0.4000000000010593 0.7749999999998667 0.1
2458 0.4000000000011266 0.7999999999997891 0.1
2459 0.400000000001194 0.8249999999997113 0.1
2460 0.4000000000012613 0.8499999999996336 0.1
2461 0.4000000000013286 0.8749999999995687 0.1
2462 0.4000000000013959 0.8999999999996446 0.1
2463 0.4000000000014631 0.9249999999997334 0.1
2464 0.4000000000015304 0.9499999999998223 0.1
2465 0.4000000000015976 0.974999999999911 0.1
2466 0.4249999999989718 0.0250000000000398 0.1
2467 0.4249999999990435 0.0500000000000769 0.1
2468 0.4249999999991153 0.07500000000011682 0.1
2469 0.4249999999991871 0.1000000000001603 0.1
2470 0.4249999999992586 0.1250000000002028 0.1
2471 0.4249999999993305 0.1500000000002328 0.1
2472 0.4249999999994021 0.1750000000002615 0.1
2473 0.4249999999994739 0.2000000000002904 0.1
2474 0.4249999999995456 0.2250000000003191 0.1
2475 0.4249999999996174 0.2500000000003481 0.1
2476 0.4249999999996891 0.2750000000003768 0.1
2477 0.4249999999997608 0.3000000000004056 0.1
2478 0.4249999999998326 0.3250000000004345 0.1
2479 0.4249999999999042 0.3500000000004632 0.1
2480 0.424999999999976 0.3750000000004921 0.1
2481 0.4250000000000476 0.400000000000521 0.1
2482 0.4250000000001194 0.4250000000005497 0.1
2483 0.4250000000001912 0.4500000000005784 0.1
2484 0.4250000000002629 0.4750000000006074 0.1
2485 0.4250000000003346 0.5000000000006284 0.1
2486 0.4250000000004063 0.5250000000005647 0.1
2487 0.4250000000004781 0.5500000000004928 0.1
2488 0.4250000000005498 0.5750000000004213 0.1
2489 0.4250000000006213 0.6000000000003496 0.1
2490 0.4250000000006933 0.6250000000002778 0.1
2491 0.4250000000007648 0.650000000000206 0.1
2492 0.4250000000008367 0.6750000000001344 0.1
2493 0.4250000000009084 0.7000000000000628 0.1
2494 0.42500000000098 0.7249999999999909 0.1
2495 0.4250000000010518 0.7499999999999194 0.1
2496 0.4250000000011236 0.7749999999998475 0.1
2497 0.4250000000011953 0.7999999999997758 0.1
2498 0.4250000000012669 0.8249999999997042 0.1
2499 0.4250000000013387 0.8499999999996324 0.1
2500 0.4250000000014104 0.8749999999995732 0.1
2501 0.4250000000014821 0.8999999999996484 0.1
2502 0.4250000000015539 0.9249999999997363 0.1
2503 0.4250000000016256 0.9499999999998243 0.1
2504 0.4250000000016973 0.9749999999999122 0.1
2505 0.4499999999989033 0.02500000000003602 0.1
2506 0.4499999999989796 0.05000000000006918 0.1
2507 0.4499999999990556 0.07500000000010533 0.1
2508 0.4499999999991317 0.1000000000001453 0.1
2509 0.4499999999992078 0.1250000000001841 0.1
2510 0.4499999999992841 0.1500000000002097 0.1
2511 0.4499999999993601 0.1750000000002341 0.1
2512 0.4499999999994363 0.2000000000002585 0.1
2513 0.4499999999995125 0.2250000000002828 0.1
2514 0.4499999999995886 0.2500000000003072 0.1
2515 0.4499999999996648 0.2750000000003316 0.1
2516 0.4499999999997409 0.3000000000003561 0.1
2517 0.449999999999817 0.3250000000003804 0.1
2518 0.4499999999998933 0.3500000000004048 0.1
2519 0.4499999999999693 0.3750000000004293 0.1
2520 0.4500000000000456 0.4000000000004537 0.1
2521 0.4500000000001217 0.4250000000004781 0.1
2522 0.4500000000001978 0.4500000000005023 0.1
2523 0.4500000000002738 0.4750000000005268 0.1
2524 0.4500000000003501 0.500000000000544 0.1
2525 0.4500000000004263 0.5250000000004854 0.1
2526 0.4500000000005023 0.5500000000004197 0.1
2527 0.4500000000005785 0.5750000000003542 0.1
2528 0.4500000000006547 0.6000000000002883 0.1
2529 0.4500000000007308 0.6250000000002227 0.1
2530 0.450000000000807 0.650000000000157 0.1
2531 0.4500000000008831 0.6750000000000913 0.1
2532 0.4500000000009593 0.7000000000000256 0.1
2533 0.4500000000010355 0.7249999999999598 0.1
2534 0.4500000000011116 0.7499999999998942 0.1
2535 0.4500000000011878 0.7749999999998284 0.1
2536 0.4500000000012638 0.7999999999997626 0.1
2537 0.4500000000013401 0.8249999999996971 0.1
2538 0.4500000000014162 0.8499999999996311 0.1
2539 0.4500000000014923 0.8749999999995772 0.1
2540 0.4500000000015684 0.8999999999996522 0.1
2541 0.4500000000016445 0.9249999999997394 0.1
2542 0.4500000000017207 0.9499999999998261 0.1
2543 0.4500000000017969 0.9749999999999132 0.1
2544 0.4749999999988348 0.02500000000003223 0.1
2545 0.4749999999989153 0.05000000000006147 0.1
2546 0.474999999998996 0.07500000000009384 0.1
2547 0.4749999999990764 0.1000000000001302 0.1
2548 0.4749999999991571 0.1250000000001654 0.1
2549 0.4749999999992377 0.1500000000001866 0.1
2550 0.4749999999993182 0.1750000000002066 0.1
2551 0.4749999999993988 0.2000000000002266 0.1
2552 0.4749999999994793 0.2250000000002465 0.1
2553 0.4749999999995599 0.2500000000002666 0.1
2554 0.4749999999996406 0.2750000000002865 0.1
2555 0.474999999999721 0.3000000000003065 0.1
2556 0.4749999999998016 0.3250000000003264 0.1
2557 0.4749999999998822 0.3500000000003464 0.1
2558 0.4749999999999628 0.3750000000003664 0.1
2559 0.4750000000000434 0.4000000000003864 0.1
2560 0.4750000000001239 0.4250000000004063 0.1
2561 0.4750000000002045 0.4500000000004263 0.1
2562 0.4750000000002851 0.4750000000004462 0.1
2563 0.4750000000003657 0.5000000000004601 0.1
2564 0.4750000000004462 0.5250000000004066 0.1
2565 0.4750000000005268 0.5500000000003467 0.1
2566 0.4750000000006074 0.5750000000002872 0.1
2567 0.475000000000688 0.6000000000002272 0.1
2568 0.4750000000007684 0.6250000000001676 0.1
2569 0.4750000000008491 0.6500000000001077 0.1
2570 0.4750000000009297 0.6750000000000482 0.1
2571 0.4750000000010102 0.6999999999999883 0.1
2572 0.4750000000010908 0.7249999999999287 0.1
2573 0.4750000000011714 0.7499999999998689 0.1
2574 0.4750000000012519 0.7749999999998093 0.1
2575 0.4750000000013326 0.7999999999997492 0.1
2576 0.4750000000014131 0.8249999999996898 0.1
2577 0.4750000000014937 0.8499999999996299 0.1
2578 0.4750000000015742 0.8749999999995814 0.1
2579 0.4750000000016548 0.8999999999996562 0.1
2580 0.4750000000017354 0.9249999999997421 0.1
2581 0.475000000001816 0.9499999999998281 0.1
2582 0.4750000000018965 0.9749999999999142 0.1
2583 0.4999999999987763 0.02500000000002844 0.1
2584 0.4999999999988605 0.05000000000005374 0.1
2585 0.4999999999989446 0.07500000000008235 0.1
2586 0.4999999999990289 0.1000000000001151 0.1
2587 0.499999999999113 0.1250000000001467 0.1
2588 0.4999999999991973 0.1500000000001636 0.1
2589 0.4999999999992815 0.1750000000001792 0.1
2590 0.4999999999993656 0.2000000000001947 0.1
2591 0.4999999999994498 0.2250000000002102 0.1
2592 0.4999999999995339 0.2500000000002257 0.1
2593 0.4999999999996181 0.2750000000002413 0.1
2594 0.4999999999997022 0.3000000000002568 0.1
2595 0.4999999999997864 0.3250000000002725 0.1
2596 0.4999999999998705 0.350000000000288 0.1
2597 0.4999999999999547 0.3750000000003035 0.1
2598 0.5000000000000391 0.4000000000003192 0.1
2599 0.5000000000001232 0.4250000000003346 0.1
2600 0.5000000000002074 0.4500000000003501 0.1
2601 0.5000000000002915 0.4750000000003656 0.1
2602 0.5000000000003757 0.5000000000003757 0.1
2603 0.5000000000004601 0.5250000000003275 0.1
2604 0.5000000000005442 0.5500000000002736 0.1
2605 0.5000000000006284 0.5750000000002201 0.1
2606 0.5000000000007125 0.6000000000001662 0.1
2607 0.5000000000007967 0.6250000000001126 0.1
2608 0.5000000000008809 0.6500000000000589 0.1
2609 0.500000000000965 0.6750000000000049 0.1
2610 0.5000000000010492 0.6999999999999514 0.1
2611 0.5000000000011333 0.7249999999998976 0.1
2612 0.5000000000012177 0.749999999999844 0.1
2613 0.5000000000013018 0.7749999999997902 0.1
2614 0.500000000001386 0.7999999999997364 0.1
2615 0.5000000000014702 0.8249999999996824 0.1
2616 0.5000000000015543 0.8499999999996286 0.1
2617 0.5000000000016385 0.8749999999995857 0.1
2618 0.5000000000017226 0.89999999999966 0.1
2619 0.500000000001807 0.924999999999745 0.1
2620 0.5000000000018912 0.9499999999998299 0.1
2621 0.5000000000019753 0.9749999999999152 0.1
2622 0.5249999999988261 0.02500000000002465 0.1
2623 0.5249999999989052 0.05000000000004602 0.1
2624 0.5249999999989842 0.07500000000007086 0.1
2625 0.5249999999990632 0.1000000000001001 0.1
2626 0.5249999999991423 0.1250000000001281 0.1
2627 0.5249999999992213 0.1500000000001405 0.1
2628 0.5249999999993001 0.1750000000001517 0.1
2629 0.5249999999993792 0.2000000000001628 0.1
2630 0.5249999999994582 0.2250000000001739 0.1
2631 0.5249999999995373 0.2500000000001851 0.1
2632 0.5249999999996161 0.2750000000001962 0.1
2633 0.5249999999996954 0.3000000000002073 0.1
2634 0.5249999999997742 0.3250000000002184 0.1
2635 0.5249999999998533 0.3500000000002295 0.1
2636 0.5249999999999323 0.3750000000002405 0.1
2637 0.5250000000000113 0.4000000000002518 0.1
2638 0.5250000000000904 0.4250000000002629 0.1
2639 0.5250000000001694 0.450000000000274 0.1
2640 0.5250000000002485 0.4750000000002851 0.1
2641 0.5250000000003273 0.5000000000002915 0.1
2642 0.5250000000004066 0.5250000000002485 0.1
2643 0.5250000000004854 0.5500000000002008 0.1
2644 0.5250000000005645 0.5750000000001531 0.1
2645 0.5250000000006435 0.6000000000001051 0.1
2646 0.5250000000007226 0.6250000000000575 0.1
2647 0.5250000000008014 0.6500000000000096 0.1
2648 0.5250000000008804 0.6749999999999619 0.1
2649 0.5250000000009595 0.6999999999999141 0.1
2650 0.5250000000010385 0.7249999999998665 0.1
2651 0.5250000000011176 0.7499999999998187 0.1
2652 0.5250000000011966 0.7749999999997709 0.1
2653 0.5250000000012757 0.799999999999723 0.1
2654 0.5250000000013545 0.8249999999996753 0.1
2655 0.5250000000014338 0.8499999999996275 0.1
2656 0.5250000000015126 0.8749999999995901 0.1
2657 0.5250000000015916 0.8999999999996637 0.1
2658 0.5250000000016707 0.9249999999997477 0.1
2659 0.5250000000017497 0.9499999999998319 0.1
2660 0.5250000000018288 0.9749999999999159 0.1
2661 0.5499999999988863 0.02500000000002087 0.1
2662 0.5499999999989591 0.05000000000003831 0.1
2663 0.5499999999990322 0.07500000000005937 0.1
2664 0.5499999999991052 0.1000000000000851 0.1
2665 0.5499999999991783 0.1250000000001093 0.1
2666 0.5499999999992513 0.1500000000001176 0.1
2667 0.5499999999993244 0.1750000000001242 0.1
2668 0.5499999999993974 0.2000000000001309 0.1
2669 0.5499999999994705 0.2250000000001376 0.1
2670 0.5499999999995435 0.2500000000001442 0.1
2671 0.5499999999996164 0.275000000000151 0.1
2672 0.5499999999996894 0.3000000000001577 0.1
2673 0.5499999999997625 0.3250000000001643 0.1
2674 0.5499999999998355 0.350000000000171 0.1
2675 0.5499999999999086 0.3750000000001777 0.1
2676 0.5499999999999816 0.4000000000001845 0.1
2677 0.5500000000000547 0.4250000000001912 0.1
2678 0.5500000000001275 0.4500000000001978 0.1
2679 0.5500000000002008 0.4750000000002045 0.1
2680 0.5500000000002736 0.5000000000002074 0.1
2681 0.5500000000003467 0.5250000000001694 0.1
2682 0.5500000000004197 0.5500000000001275 0.1
2683 0.5500000000004928 0.575000000000086 0.1
2684 0.5500000000005658 0.6000000000000441 0.1
2685 0.5500000000006389 0.6250000000000024 0.1
2686 0.5500000000007119 0.6499999999999607 0.1
2687 0.550000000000785 0.6749999999999188 0.1
2688 0.550000000000858 0.6999999999998771 0.1
2689 0.5500000000009311 0.7249999999998352 0.1
2690 0.5500000000010041 0.7499999999997934 0.1
2691 0.550000000001077 0.7749999999997516 0.1
2692 0.55000000000115 0.7999999999997097 0.1
2693 0.5500000000012231 0.8249999999996682 0.1
2694 0.5500000000012961 0.8499999999996264 0.1
2695 0.5500000000013692 0.8749999999995943 0.1
2696 0.5500000000014422 0.8999999999996675 0.1
2697 0.5500000000015153 0.9249999999997508 0.1
2698 0.5500000000015883 0.9499999999998339 0.1
2699 0.5500000000016614 0.974999999999917 0.1
2700 0.574999999998946 0.02500000000001709 0.1
2701 0.5749999999990131 0.05000000000003059 0.1
2702 0.5749999999990804 0.07500000000004788 0.1
2703 0.5749999999991474 0.10000000000007 0.1
2704 0.5749999999992145 0.1250000000000907 0.1
2705 0.5749999999992813 0.1500000000000945 0.1
2706 0.5749999999993484 0.1750000000000968 0.1
2707 0.5749999999994154 0.200000000000099 0.1
2708 0.5749999999994826 0.2250000000001012 0.1
2709 0.5749999999995495 0.2500000000001036 0.1
2710 0.5749999999996166 0.2750000000001058 0.1
2711 0.5749999999996837 0.3000000000001081 0.1
2712 0.5749999999997506 0.3250000000001104 0.1
2713 0.5749999999998177 0.3500000000001126 0.1
2714 0.5749999999998846 0.3750000000001149 0.1
2715 0.5749999999999519 0.4000000000001171 0.1
2716 0.5750000000000189 0.4250000000001194 0.1
2717 0.575000000000086 0.4500000000001216 0.1
2718 0.5750000000001531 0.4750000000001239 0.1
2719 0.5750000000002201 0.5000000000001232 0.1
2720 0.5750000000002872 0.5250000000000904 0.1
2721 0.575000000000354 0.5500000000000547 0.1
2722 0.5750000000004211 0.5750000000000189 0.1
2723 0.5750000000004881 0.599999999999983 0.1
2724 0.5750000000005552 0.6249999999999472 0.1
2725 0.5750000000006222 0.6499999999999114 0.1
2726 0.5750000000006893 0.6749999999998757 0.1
2727 0.5750000000007564 0.69999999999984 0.1
2728 0.5750000000008234 0.7249999999998039 0.1
2729 0.5750000000008905 0.7499999999997685 0.1
2730 0.5750000000009575 0.7749999999997325 0.1
2731 0.5750000000010246 0.7999999999996968 0.1
2732 0.5750000000010916 0.8249999999996609 0.1
2733 0.5750000000011587 0.8499999999996251 0.1
2734 0.5750000000012258 0.8749999999995985 0.1
2735 0.5750000000012928 0.8999999999996713 0.1
2736 0.57500000000136 0.9249999999997536 0.1
2737 0.5750000000014267 0.9499999999998356 0.1
2738 0.5750000000014938 0.9749999999999178 0.1
2739 0.599999999999006 0.0250000000000133 0.1
2740 0.5999999999990671 0.05000000000002286 0.1
2741 0.5999999999991281 0.07500000000003636 0.1
2742 0.5999999999991894 0.100000000000055 0.1
2743 0.5999999999992505 0.125000000000072 0.1
2744 0.5999999999993113 0.1500000000000715 0.1
2745 0.5999999999993726 0.1750000000000693 0.1
2746 0.5999999999994334 0.2000000000000672 0.1
2747 0.5999999999994947 0.2250000000000649 0.1
2748 0.5999999999995556 0.2500000000000628 0.1
2749 0.5999999999996166 0.2750000000000606 0.1
2750 0.5999999999996777 0.3000000000000586 0.1
2751 0.5999999999997387 0.3250000000000564 0.1
2752 0.5999999999998 0.3500000000000542 0.1
2753 0.5999999999998609 0.375000000000052 0.1
2754 0.5999999999999219 0.4000000000000498 0.1
2755 0.5999999999999832 0.4250000000000477 0.1
2756 0.6000000000000441 0.4500000000000455 0.1
2757 0.6000000000001051 0.4750000000000434 0.1
2758 0.6000000000001662 0.5000000000000391 0.1
2759 0.6000000000002272 0.5250000000000113 0.1
2760 0.6000000000002883 0.5499999999999816 0.1
2761 0.6000000000003494 0.5749999999999519 0.1
2762 0.6000000000004104 0.5999999999999219 0.1
2763 0.6000000000004715 0.6249999999998921 0.1
2764 0.6000000000005326 0.6499999999998626 0.1
2765 0.6000000000005936 0.6749999999998326 0.1
2766 0.6000000000006547 0.6999999999998027 0.1
2767 0.6000000000007157 0.7249999999997728 0.1
2768 0.6000000000007768 0.7499999999997432 0.1
2769 0.6000000000008379 0.7749999999997134 0.1
2770 0.6000000000008989 0.7999999999996835 0.1
2771 0.60000000000096 0.8249999999996538 0.1
2772 0.600000000001021 0.8499999999996237 0.1
2773 0.6000000000010821 0.8749999999996028 0.1
2774 0.6000000000011432 0.8999999999996751 0.1
2775 0.6000000000012042 0.9249999999997566 0.1
2776 0.6000000000012653 0.9499999999998376 0.1
2777 0.6000000000013264 0.9749999999999187 0.1
2778 0.6249999999990661 0.02500000000000951 0.1
2779 0.6249999999991211 0.05000000000001514 0.1
2780 0.6249999999991762 0.07500000000002487 0.1
2781 0.6249999999992313 0.1000000000000399 0.1
2782 0.6249999999992863 0.1250000000000534 0.1
2783 0.6249999999993416 0.1500000000000484 0.1
2784 0.6249999999993965 0.1750000000000418 0.1
2785 0.6249999999994515 0.2000000000000353 0.1
2786 0.6249999999995066 0.2250000000000286 0.1
2787 0.6249999999995617 0.2500000000000221 0.1
2788 0.6249999999996168 0.2750000000000155 0.1
2789 0.6249999999996718 0.3000000000000089 0.1
2790 0.6249999999997269 0.3250000000000022 0.1
2791 0.624999999999782 0.3499999999999958 0.1
2792 0.6249999999998372 0.3749999999999892 0.1
2793 0.6249999999998923 0.3999999999999825 0.1
2794 0.6249999999999472 0.4249999999999761 0.1
2795 0.6250000000000024 0.4499999999999694 0.1
2796 0.6250000000000575 0.4749999999999628 0.1
2797 0.6250000000001124 0.4999999999999547 0.1
2798 0.6250000000001676 0.5249999999999323 0.1
2799 0.6250000000002225 0.5499999999999086 0.1
2800 0.6250000000002778 0.5749999999998848 0.1
2801 0.6250000000003328 0.5999999999998611 0.1
2802 0.6250000000003879 0.624999999999837 0.1
2803 0.625000000000443 0.6499999999998133 0.1
2804 0.625000000000498 0.6749999999997895 0.1
2805 0.6250000000005531 0.6999999999997658 0.1
2806 0.6250000000006084 0.7249999999997417 0.1
2807 0.6250000000006632 0.7499999999997179 0.1
2808 0.6250000000007185 0.7749999999996943 0.1
2809 0.6250000000007736 0.7999999999996702 0.1
2810 0.6250000000008287 0.8249999999996465 0.1
2811 0.6250000000008837 0.8499999999996226 0.1
2812 0.6250000000009388 0.874999999999607 0.1
2813 0.6250000000009939 0.8999999999996791 0.1
2814 0.6250000000010489 0.9249999999997593 0.1
2815 0.625000000001104 0.9499999999998394 0.1
2816 0.6250000000011591 0.9749999999999198 0.1
2817 0.6499999999991261 0.02500000000000573 0.1
2818 0.6499999999991752 0.05000000000000743 0.1
2819 0.649999999999224 0.07500000000001335 0.1
2820 0.6499999999992733 0.1000000000000249 0.1
2821 0.6499999999993222 0.1250000000000346 0.1
2822 0.6499999999993714 0.1500000000000254 0.1
2823 0.6499999999994205 0.1750000000000144 0.1
2824 0.6499999999994696 0.2000000000000033 0.1
2825 0.6499999999995184 0.2249999999999923 0.1
2826 0.6499999999995677 0.2499999999999813 0.1
2827 0.6499999999996168 0.2749999999999704 0.1
2828 0.6499999999996658 0.2999999999999593 0.1
2829 0.6499999999997151 0.3249999999999483 0.1
2830 0.6499999999997642 0.3499999999999372 0.1
2831 0.6499999999998133 0.3749999999999263 0.1
2832 0.6499999999998626 0.3999999999999153 0.1
2833 0.6499999999999113 0.4249999999999043 0.1
2834 0.6499999999999607 0.4499999999998933 0.1
2835 0.6500000000000096 0.4749999999998822 0.1
2836 0.6500000000000586 0.4999999999998708 0.1
2837 0.6500000000001077 0.5249999999998533 0.1
2838 0.650000000000157 0.5499999999998355 0.1
2839 0.6500000000002061 0.5749999999998178 0.1
2840 0.6500000000002552 0.5999999999997998 0.1
2841 0.6500000000003042 0.624999999999782 0.1
2842 0.6500000000003533 0.6499999999997642 0.1
2843 0.6500000000004024 0.6749999999997465 0.1
2844 0.6500000000004514 0.6999999999997285 0.1
2845 0.6500000000005007 0.7249999999997107 0.1
2846 0.6500000000005496 0.749999999999693 0.1
2847 0.650000000000599 0.7749999999996751 0.1
2848 0.6500000000006478 0.7999999999996572 0.1
2849 0.6500000000006971 0.8249999999996394 0.1
2850 0.6500000000007461 0.8499999999996215 0.1
2851 0.6500000000007952 0.8749999999996112 0.1
2852 0.6500000000008442 0.8999999999996828 0.1
2853 0.6500000000008933 0.9249999999997621 0.1
2854 0.6500000000009426 0.9499999999998414 0.1
2855 0.6500000000009915 0.9749999999999208 0.1
2856 0.6749999999991858 0.02500000000000193 0.1
2857 0.674999999999229 0.04999999999999971 0.1
2858 0.6749999999992722 0.07500000000000186 0.1
2859 0.674999999999315 0.1000000000000098 0.1
2860 0.6749999999993582 0.125000000000016 0.1
2861 0.6749999999994014 0.1500000000000023 0.1
2862 0.6749999999994445 0.1749999999999869 0.1
2863 0.6749999999994876 0.1999999999999715 0.1
2864 0.6749999999995309 0.224999999999956 0.1
2865 0.6749999999995739 0.2499999999999406 0.1
2866 0.674999999999617 0.2749999999999252 0.1
2867 0.6749999999996601 0.2999999999999098 0.1
2868 0.6749999999997032 0.3249999999998943 0.1
2869 0.6749999999997465 0.3499999999998788 0.1
2870 0.6749999999997893 0.3749999999998634 0.1
2871 0.6749999999998326 0.3999999999998479 0.1
2872 0.6749999999998757 0.4249999999998326 0.1
2873 0.6749999999999188 0.4499999999998171 0.1
2874 0.6749999999999619 0.4749999999998016 0.1
2875 0.6750000000000049 0.4999999999997864 0.1
2876 0.6750000000000482 0.5249999999997742 0.1
2877 0.6750000000000913 0.5499999999997625 0.1
2878 0.6750000000001344 0.5749999999997507 0.1
2879 0.6750000000001775 0.599999999999739 0.1
2880 0.6750000000002208 0.6249999999997269 0.1
2881 0.6750000000002638 0.6499999999997151 0.1
2882 0.6750000000003069 0.6749999999997034 0.1
2883 0.67500000000035 0.6999999999996914 0.1
2884 0.6750000000003931 0.7249999999996796 0.1
2885 0.6750000000004361 0.7499999999996677 0.1
2886 0.6750000000004792 0.7749999999996556 0.1
2887 0.6750000000005223 0.799999999999644 0.1
2888 0.6750000000005654 0.8249999999996322 0.1
2889 0.6750000000006087 0.8499999999996202 0.1
2890 0.6750000000006517 0.8749999999996154 0.1
2891 0.675000000000695 0.8999999999996866 0.1
2892 0.6750000000007381 0.9249999999997651 0.1
2893 0.6750000000007812 0.9499999999998434 0.1
2894 0.6750000000008243 0.9749999999999219 0.1
2895 0.6999999999992458 0.02499999999999815 0.1
2896 0.6999999999992832 0.049999999999992 0.1
2897 0.6999999999993202 0.07499999999999037 0.1
2898 0.6999999999993572 0.09999999999999475 0.1
2899 0.6999999999993943 0.1249999999999973 0.1
2900 0.6999999999994313 0.1499999999999793 0.1
2901 0.6999999999994685 0.1749999999999594 0.1
2902 0.6999999999995059 0.1999999999999396 0.1
2903 0.6999999999995429 0.2249999999999197 0.1
2904 0.6999999999995802 0.2499999999998999 0.1
2905 0.699999999999617 0.27499999999988 0.1
2906 0.6999999999996541 0.2999999999998602 0.1
2907 0.6999999999996915 0.3249999999998403 0.1
2908 0.6999999999997286 0.3499999999998204 0.1
2909 0.6999999999997659 0.3749999999998004 0.1
2910 0.6999999999998026 0.3999999999997807 0.1
2911 0.6999999999998399 0.4249999999997608 0.1
2912 0.6999999999998771 0.4499999999997409 0.1
2913 0.6999999999999144 0.4749999999997211 0.1
2914 0.6999999999999514 0.4999999999997022 0.1
2915 0.6999999999999885 0.5249999999996952 0.1
2916 0.7000000000000256 0.5499999999996896 0.1
2917 0.7000000000000627 0.5749999999996837 0.1
2918 0.7000000000000998 0.5999999999996777 0.1
2919 0.7000000000001368 0.6249999999996718 0.1
2920 0.7000000000001741 0.6499999999996658 0.1
2921 0.7000000000002112 0.6749999999996601 0.1
2922 0.7000000000002483 0.6999999999996543 0.1
2923 0.7000000000002854 0.7249999999996485 0.1
2924 0.7000000000003227 0.7499999999996424 0.1
2925 0.7000000000003596 0.7749999999996365 0.1
2926 0.700000000000397 0.7999999999996308 0.1
2927 0.7000000000004342 0.8249999999996249 0.1
2928 0.700000000000471 0.8499999999996191 0.1
2929 0.7000000000005083 0.8749999999996196 0.1
2930 0.7000000000005452 0.8999999999996904 0.1
2931 0.7000000000005825 0.9249999999997679 0.1
2932 0.7000000000006196 0.9499999999998452 0.1
2933 0.7000000000006567 0.9749999999999228 0.1
2934 0.7249999999993059 0.02499999999999437 0.1
2935 0.724999999999337 0.04999999999998428 0.1
2936 0.724999999999368 0.07499999999997888 0.1
2937 0.7249999999993991 0.0999999999999797 0.1
2938 0.7249999999994304 0.1249999999999786 0.1
2939 0.7249999999994614 0.1499999999999563 0.1
2940 0.7249999999994926 0.174999999999932 0.1
2941 0.7249999999995237 0.1999999999999077 0.1
2942 0.7249999999995549 0.2249999999998833 0.1
2943 0.7249999999995861 0.2499999999998591 0.1
2944 0.7249999999996172 0.2749999999998348 0.1
2945 0.7249999999996485 0.2999999999998105 0.1
2946 0.7249999999996796 0.3249999999997862 0.1
2947 0.7249999999997105 0.349999999999762 0.1
2948 0.7249999999997419 0.3749999999997376 0.1
2949 0.7249999999997729 0.3999999999997134 0.1
2950 0.7249999999998041 0.4249999999996892 0.1
2951 0.7249999999998352 0.4499999999996648 0.1
2952 0.7249999999998663 0.4749999999996405 0.1
2953 0.7249999999998974 0.4999999999996181 0.1
2954 0.7249999999999287 0.5249999999996163 0.1
2955 0.7249999999999598 0.5499999999996164 0.1
2956 0.7249999999999909 0.5749999999996166 0.1
2957 0.725000000000022 0.5999999999996168 0.1
2958 0.725000000000053 0.6249999999996168 0.1
2959 0.7250000000000844 0.649999999999617 0.1
2960 0.7250000000001154 0.674999999999617 0.1
2961 0.7250000000001467 0.699999999999617 0.1
2962 0.7250000000001778 0.7249999999996172 0.1
2963 0.7250000000002089 0.7499999999996175 0.1
2964 0.72500000000024 0.7749999999996174 0.1
2965 0.7250000000002711 0.7999999999996176 0.1
2966 0.7250000000003023 0.8249999999996176 0.1
2967 0.7250000000003336 0.8499999999996177 0.1
2968 0.7250000000003646 0.8749999999996239 0.1
2969 0.7250000000003958 0.8999999999996944 0.1
2970 0.725000000000427 0.9249999999997709 0.1
2971 0.7250000000004581 0.9499999999998472 0.1
2972 0.7250000000004891 0.9749999999999236 0.1
2973 0.7499999999993658 0.02499999999999058 0.1
2974 0.7499999999993908 0.04999999999997656 0.1
2975 0.7499999999994161 0.07499999999996738 0.1
2976 0.7499999999994412 0.09999999999996466 0.1
2977 0.7499999999994665 0.1249999999999599 0.1
2978 0.7499999999994915 0.1499999999999333 0.1
2979 0.7499999999995167 0.1749999999999045 0.1
2980 0.7499999999995419 0.1999999999998758 0.1
2981 0.7499999999995669 0.224999999999847 0.1
2982 0.7499999999995922 0.2499999999998184 0.1
2983 0.7499999999996176 0.2749999999997896 0.1
2984 0.7499999999996424 0.299999999999761 0.1
2985 0.7499999999996678 0.3249999999997322 0.1
2986 0.7499999999996929 0.3499999999997036 0.1
2987 0.749999999999718 0.3749999999996748 0.1
2988 0.7499999999997431 0.3999999999996461 0.1
2989 0.7499999999997684 0.4249999999996174 0.1
2990 0.7499999999997936 0.4499999999995886 0.1
2991 0.7499999999998187 0.4749999999995599 0.1
2992 0.749999999999844 0.4999999999995339 0.1
2993 0.7499999999998691 0.5249999999995373 0.1
2994 0.7499999999998942 0.5499999999995435 0.1
2995 0.7499999999999193 0.5749999999995495 0.1
2996 0.7499999999999444 0.5999999999995556 0.1
2997 0.7499999999999697 0.6249999999995617 0.1
2998 0.7499999999999948 0.6499999999995677 0.1
2999 0.7500000000000199 0.6749999999995737 0.1
3000 0.7500000000000452 0.6999999999995802 0.1
3001 0.7500000000000703 0.7249999999995859 0.1
3002 0.7500000000000953 0.7499999999995921 0.1
3003 0.7500000000001207 0.7749999999995983 0.1
3004 0.7500000000001458 0.7999999999996045 0.1
3005 0.7500000000001709 0.8249999999996105 0.1
3006 0.7500000000001961 0.8499999999996166 0.1
3007 0.7500000000002213 0.8749999999996281 0.1
3008 0.7500000000002464 0.8999999999996979 0.1
3009 0.7500000000002717 0.9249999999997737 0.1
3010 0.7500000000002968 0.9499999999998492 0.1
3011 0.7500000000003219 0.9749999999999245 0.1
3012 0.7749999999994256 0.02499999999998679 0.1
3013 0.7749999999994447 0.04999999999996885 0.1
3014 0.774999999999464 0.07499999999995589 0.1
3015 0.7749999999994831 0.0999999999999496 0.1
3016 0.7749999999995024 0.1249999999999412 0.1
3017 0.7749999999995214 0.1499999999999102 0.1
3018 0.7749999999995406 0.1749999999998771 0.1
3019 0.7749999999995597 0.1999999999998439 0.1
3020 0.7749999999995791 0.2249999999998107 0.1
3021 0.7749999999995983 0.2499999999997776 0.1
3022 0.7749999999996174 0.2749999999997446 0.1
3023 0.7749999999996365 0.2999999999997113 0.1
3024 0.7749999999996557 0.3249999999996783 0.1
3025 0.7749999999996751 0.3499999999996449 0.1
3026 0.774999999999694 0.3749999999996119 0.1
3027 0.7749999999997133 0.3999999999995789 0.1
3028 0.7749999999997327 0.4249999999995457 0.1
3029 0.7749999999997518 0.4499999999995125 0.1
3030 0.7749999999997709 0.4749999999994794 0.1
3031 0.77499999999979 0.4999999999994498 0.1
3032 0.7749999999998091 0.5249999999994582 0.1
3033 0.7749999999998284 0.5499999999994702 0.1
3034 0.7749999999998475 0.5749999999994825 0.1
3035 0.7749999999998666 0.5999999999994947 0.1
3036 0.7749999999998859 0.6249999999995066 0.1
3037 0.7749999999999051 0.649999999999519 0.1
3038 0.7749999999999243 0.6749999999995306 0.1
3039 0.7749999999999434 0.6999999999995429 0.1
3040 0.7749999999999625 0.7249999999995548 0.1
3041 0.7749999999999818 0.7499999999995669 0.1
3042 0.7750000000000011 0.774999999999579 0.1
3043 0.7750000000000202 0.7999999999995911 0.1
3044 0.7750000000000393 0.8249999999996034 0.1
3045 0.7750000000000584 0.8499999999996153 0.1
3046 0.7750000000000777 0.8749999999996323 0.1
3047 0.7750000000000968 0.8999999999997019 0.1
3048 0.7750000000001162 0.9249999999997766 0.1
3049 0.7750000000001352 0.949999999999851 0.1
3050 0.7750000000001543 0.9749999999999256 0.1
3051 0.7999999999994855 0.024999999999983 0.1
3052 0.7999999999994986 0.04999999999996113 0.1
3053 0.7999999999995122 0.0749999999999444 0.1
3054 0.799999999999525 0.09999999999993454 0.1
3055 0.7999999999995383 0.1249999999999226 0.1
3056 0.7999999999995516 0.1499999999998871 0.1
3057 0.7999999999995648 0.1749999999998496 0.1
3058 0.799999999999578 0.1999999999998121 0.1
3059 0.7999999999995911 0.2249999999997744 0.1
3060 0.7999999999996045 0.2499999999997369 0.1
3061 0.7999999999996174 0.2749999999996993 0.1
3062 0.7999999999996307 0.2999999999996618 0.1
3063 0.7999999999996438 0.3249999999996241 0.1
3064 0.799999999999657 0.3499999999995866 0.1
3065 0.7999999999996703 0.3749999999995491 0.1
3066 0.7999999999996834 0.3999999999995115 0.1
3067 0.7999999999996967 0.424999999999474 0.1
3068 0.7999999999997099 0.4499999999994363 0.1
3069 0.799999999999723 0.4749999999993988 0.1
3070 0.7999999999997364 0.4999999999993656 0.1
3071 0.7999999999997495 0.5249999999993794 0.1
3072 0.7999999999997626 0.5499999999993974 0.1
3073 0.7999999999997759 0.5749999999994154 0.1
3074 0.799999999999789 0.5999999999994334 0.1
3075 0.7999999999998023 0.6249999999994515 0.1
3076 0.7999999999998153 0.6499999999994694 0.1
3077 0.7999999999998287 0.6749999999994876 0.1
3078 0.7999999999998417 0.6999999999995061 0.1
3079 0.7999999999998549 0.7249999999995237 0.1
3080 0.7999999999998683 0.749999999999542 0.1
3081 0.7999999999998814 0.7749999999995599 0.1
3082 0.7999999999998945 0.7999999999995778 0.1
3083 0.7999999999999078 0.8249999999995963 0.1
3084 0.7999999999999211 0.8499999999996142 0.1
3085 0.799999999999934 0.8749999999996365 0.1
3086 0.7999999999999474 0.8999999999997057 0.1
3087 0.7999999999999606 0.9249999999997792 0.1
3088 0.7999999999999735 0.949999999999853 0.1
3089 0.7999999999999868 0.9749999999999264 0.1
3090 0.8249999999995459 0.02499999999997922 0.1
3091 0.8249999999995529 0.0499999999999534 0.1
3092 0.8249999999995601 0.07499999999993291 0.1
3093 0.8249999999995674 0.09999999999991947 0.1
3094 0.8249999999995745 0.1249999999999039 0.1
3095 0.8249999999995816 0.1499999999998641 0.1
3096 0.824999999999589 0.1749999999998221 0.1
3097 0.8249999999995961 0.1999999999997801 0.1
3098 0.8249999999996033 0.2249999999997381 0.1
3099 0.8249999999996105 0.2499999999996961 0.1
3100 0.8249999999996178 0.2749999999996542 0.1
3101 0.8249999999996251 0.2999999999996121 0.1
3102 0.824999999999632 0.3249999999995701 0.1
3103 0.8249999999996392 0.3499999999995281 0.1
3104 0.8249999999996465 0.3749999999994862 0.1
3105 0.8249999999996536 0.3999999999994442 0.1
3106 0.8249999999996609 0.4249999999994022 0.1
3107 0.8249999999996682 0.4499999999993601 0.1
3108 0.8249999999996753 0.4749999999993182 0.1
3109 0.8249999999996827 0.4999999999992814 0.1
3110 0.8249999999996898 0.5249999999993004 0.1
3111 0.8249999999996971 0.5499999999993244 0.1
3112 0.8249999999997042 0.5749999999993484 0.1
3113 0.8249999999997113 0.5999999999993726 0.1
3114 0.8249999999997186 0.6249999999993965 0.1
3115 0.8249999999997255 0.6499999999994206 0.1
3116 0.8249999999997331 0.6749999999994445 0.1
3117 0.8249999999997402 0.6999999999994687 0.1
3118 0.8249999999997473 0.7249999999994925 0.1
3119 0.8249999999997546 0.7499999999995167 0.1
3120 0.8249999999997617 0.7749999999995406 0.1
3121 0.824999999999769 0.7999999999995647 0.1
3122 0.8249999999997761 0.824999999999589 0.1
3123 0.8249999999997832 0.8499999999996131 0.1
3124 0.8249999999997906 0.8749999999996407 0.1
3125 0.8249999999997979 0.8999999999997095 0.1
3126 0.824999999999805 0.9249999999997823 0.1
3127 0.8249999999998121 0.9499999999998547 0.1
3128 0.8249999999998192 0.9749999999999277 0.1
3129 0.8499999999996057 0.02499999999997544 0.1
3130 0.849999999999607 0.0499999999999457 0.1
3131 0.849999999999608 0.07499999999992142 0.1
3132 0.8499999999996093 0.09999999999990444 0.1
3133 0.8499999999996104 0.1249999999998852 0.1
3134 0.8499999999996117 0.1499999999998411 0.1
3135 0.849999999999613 0.1749999999997947 0.1
3136 0.8499999999996142 0.1999999999997482 0.1
3137 0.8499999999996153 0.2249999999997018 0.1
3138 0.8499999999996166 0.2499999999996554 0.1
3139 0.8499999999996177 0.274999999999609 0.1
3140 0.8499999999996191 0.2999999999995626 0.1
3141 0.8499999999996202 0.3249999999995162 0.1
3142 0.8499999999996215 0.3499999999994698 0.1
3143 0.8499999999996227 0.3749999999994234 0.1
3144 0.8499999999996238 0.3999999999993769 0.1
3145 0.8499999999996251 0.4249999999993305 0.1
3146 0.8499999999996264 0.4499999999992841 0.1
3147 0.8499999999996275 0.4749999999992376 0.1
3148 0.8499999999996288 0.4999999999991972 0.1
3149 0.8499999999996299 0.5249999999992213 0.1
3150 0.8499999999996313 0.5499999999992513 0.1
3151 0.8499999999996324 0.5749999999992813 0.1
3152 0.8499999999996335 0.5999999999993113 0.1
3153 0.8499999999996348 0.6249999999993414 0.1
3154 0.8499999999996362 0.6499999999993714 0.1
3155 0.8499999999996373 0.6749999999994014 0.1
3156 0.8499999999996384 0.6999999999994314 0.1
3157 0.8499999999996397 0.7249999999994616 0.1
3158 0.849999999999641 0.7499999999994913 0.1
3159 0.8499999999996422 0.7749999999995215 0.1
3160 0.8499999999996433 0.7999999999995516 0.1
3161 0.8499999999996446 0.8249999999995816 0.1
3162 0.8499999999996459 0.8499999999996117 0.1
3163 0.8499999999996468 0.874999999999645 0.1
3164 0.8499999999996481 0.8999999999997135 0.1
3165 0.8499999999996495 0.924999999999785 0.1
3166 0.8499999999996508 0.9499999999998567 0.1
3167 0.8499999999996517 0.9749999999999285 0.1
3168 0.874999999999666 0.02499999999997165 0.1
3169 0.8749999999996619 0.04999999999993798 0.1
3170 0.8749999999996578 0.0749999999999099 0.1
3171 0.8749999999996534 0.09999999999988939 0.1
3172 0.8749999999996491 0.1249999999998665 0.1
3173 0.8749999999996448 0.149999999999818 0.1
3174 0.8749999999996407 0.1749999999997672 0.1
3175 0.8749999999996364 0.1999999999997163 0.1
3176 0.8749999999996323 0.2249999999996655 0.1
3177 0.8749999999996281 0.2499999999996146 0.1
3178 0.8749999999996241 0.2749999999995638 0.1
3179 0.8749999999996196 0.299999999999513 0.1
3180 0.8749999999996155 0.3249999999994622 0.1
3181 0.8749999999996112 0.3499999999994113 0.1
3182 0.874999999999607 0.3749999999993605 0.1
3183 0.8749999999996024 0.3999999999993096 0.1
3184 0.8749999999995985 0.4249999999992588 0.1
3185 0.8749999999995943 0.4499999999992079 0.1
3186 0.8749999999995901 0.474999999999157 0.1
3187 0.8749999999995857 0.499999999999113 0.1
3188 0.8749999999995817 0.5249999999991423 0.1
3189 0.8749999999995772 0.5499999999991783 0.1
3190 0.8749999999995732 0.5749999999992143 0.1
3191 0.8749999999995688 0.5999999999992505 0.1
3192 0.8749999999995643 0.6249999999992863 0.1
3193 0.8749999999995604 0.6499999999993223 0.1
3194 0.8749999999995561 0.6749999999993583 0.1
3195 0.8749999999995519 0.6999999999993946 0.1
3196 0.8749999999995479 0.7249999999994304 0.1
3197 0.8749999999995435 0.7499999999994665 0.1
3198 0.8749999999995393 0.7749999999995024 0.1
3199 0.874999999999535 0.7999999999995383 0.1
3200 0.8749999999995308 0.8249999999995745 0.1
3201 0.8749999999995266 0.8499999999996104 0.1
3202 0.8749999999995222 0.8749999999996492 0.1
3203 0.8749999999995182 0.8999999999997172 0.1
3204 0.8749999999995137 0.9249999999997879 0.1
3205 0.8749999999995097 0.9499999999998587 0.1
3206 0.8749999999995053 0.9749999999999294 0.1
3207 0.8999999999997323 0.02499999999996786 0.1
3208 0.8999999999997286 0.04999999999993025 0.1
3209 0.8999999999997251 0.07499999999989838 0.1
3210 0.899999999999721 0.09999999999987434 0.1
3211 0.8999999999997171 0.1249999999998478 0.1
3212 0.8999999999997135 0.149999999999795 0.1
3213 0.8999999999997095 0.1749999999997397 0.1
3214 0.8999999999997057 0.1999999999996845 0.1
3215 0.8999999999997018 0.2249999999996292 0.1
3216 0.8999999999996982 0.2499999999995739 0.1
3217 0.8999999999996944 0.2749999999995187 0.1
3218 0.8999999999996904 0.2999999999994635 0.1
3219 0.8999999999996864 0.324999999999408 0.1
3220 0.8999999999996829 0.3499999999993527 0.1
3221 0.8999999999996791 0.3749999999992975 0.1
3222 0.8999999999996753 0.3999999999992424 0.1
3223 0.8999999999996713 0.4249999999991871 0.1
3224 0.8999999999996677 0.4499999999991318 0.1
3225 0.8999999999996637 0.4749999999990764 0.1
3226 0.8999999999996597 0.4999999999990288 0.1
3227 0.8999999999996562 0.5249999999990632 0.1
3228 0.8999999999996522 0.5499999999991052 0.1
3229 0.8999999999996482 0.5749999999991472 0.1
3230 0.8999999999996446 0.5999999999991892 0.1
3231 0.8999999999996411 0.6249999999992313 0.1
3232 0.8999999999996371 0.6499999999992733 0.1
3233 0.8999999999996331 0.6749999999993153 0.1
3234 0.8999999999996293 0.6999999999993572 0.1
3235 0.8999999999996255 0.7249999999993992 0.1
3236 0.8999999999996218 0.7499999999994412 0.1
3237 0.899999999999618 0.7749999999994831 0.1
3238 0.899999999999614 0.7999999999995253 0.1
3239 0.8999999999996102 0.8249999999995674 0.1
3240 0.8999999999996064 0.8499999999996093 0.1
3241 0.8999999999996027 0.8749999999996534 0.1
3242 0.8999999999995989 0.899999999999721 0.1
3243 0.8999999999995951 0.9249999999997908 0.1
3244 0.8999999999995913 0.9499999999998605 0.1
3245 0.8999999999995874 0.9749999999999303 0.1
3246 0.9249999999997992 0.02499999999996408 0.1
3247 0.9249999999997963 0.04999999999992254 0.1
3248 0.9249999999997937 0.07499999999988689 0.1
3249 0.9249999999997908 0.0999999999998593 0.1
3250 0.9249999999997879 0.1249999999998292 0.1
3251 0.9249999999997852 0.149999999999772 0.1
3252 0.9249999999997821 0.1749999999997123 0.1
3253 0.9249999999997793 0.1999999999996526 0.1
3254 0.9249999999997764 0.2249999999995929 0.1
3255 0.9249999999997734 0.2499999999995332 0.1
3256 0.9249999999997708 0.2749999999994734 0.1
3257 0.924999999999768 0.2999999999994137 0.1
3258 0.924999999999765 0.3249999999993541 0.1
3259 0.924999999999762 0.3499999999992944 0.1
3260 0.9249999999997593 0.3749999999992347 0.1
3261 0.9249999999997565 0.399999999999175 0.1
3262 0.9249999999997534 0.4249999999991154 0.1
3263 0.9249999999997509 0.4499999999990556 0.1
3264 0.9249999999997477 0.4749999999989959 0.1
3265 0.924999999999745 0.4999999999989446 0.1
3266 0.9249999999997419 0.5249999999989842 0.1
3267 0.9249999999997393 0.5499999999990324 0.1
3268 0.9249999999997365 0.5749999999990802 0.1
3269 0.9249999999997335 0.5999999999991283 0.1
3270 0.9249999999997307 0.6249999999991762 0.1
3271 0.9249999999997279 0.649999999999224 0.1
3272 0.9249999999997252 0.6749999999992722 0.1
3273 0.9249999999997219 0.6999999999993202 0.1
3274 0.9249999999997194 0.724999999999368 0.1
3275 0.9249999999997164 0.7499999999994161 0.1
3276 0.9249999999997135 0.774999999999464 0.1
3277 0.9249999999997106 0.7999999999995121 0.1
3278 0.9249999999997077 0.8249999999995603 0.1
3279 0.9249999999997048 0.8499999999996082 0.1
3280 0.9249999999997019 0.8749999999996576 0.1
3281 0.9249999999996993 0.8999999999997246 0.1
3282 0.9249999999996962 0.9249999999997937 0.1
3283 0.9249999999996935 0.9499999999998625 0.1
3284 0.9249999999996906 0.9749999999999311 0.1
3285 0.9499999999998661 0.0249999999999603 0.1
3286 0.9499999999998646 0.04999999999991481 0.1
3287 0.9499999999998625 0.0749999999998754 0.1
3288 0.9499999999998605 0.09999999999984423 0.1
3289 0.9499999999998587 0.1249999999998105 0.1
3290 0.9499999999998567 0.1499999999997489 0.1
3291 0.9499999999998547 0.1749999999996848 0.1
3292 0.9499999999998527 0.1999999999996206 0.1
3293 0.949999999999851 0.2249999999995566 0.1
3294 0.949999999999849 0.2499999999994924 0.1
3295 0.9499999999998472 0.2749999999994284 0.1
3296 0.9499999999998452 0.2999999999993642 0.1
3297 0.9499999999998434 0.3249999999993001 0.1
3298 0.9499999999998414 0.349999999999236 0.1
3299 0.9499999999998396 0.3749999999991718 0.1
3300 0.9499999999998374 0.3999999999991077 0.1
3301 0.9499999999998356 0.4249999999990436 0.1
3302 0.9499999999998339 0.4499999999989795 0.1
3303 0.9499999999998319 0.4749999999989154 0.1
3304 0.9499999999998299 0.4999999999988605 0.1
3305 0.9499999999998281 0.5249999999989051 0.1
3306 0.9499999999998261 0.5499999999989591 0.1
3307 0.9499999999998243 0.5749999999990131 0.1
3308 0.9499999999998223 0.5999999999990671 0.1
3309 0.9499999999998205 0.6249999999991211 0.1
3310 0.9499999999998183 0.6499999999991751 0.1
3311 0.9499999999998165 0.6749999999992289 0.1
3312 0.9499999999998148 0.6999999999992831 0.1
3313 0.949999999999813 0.724999999999337 0.1
3314 0.949999999999811 0.749999999999391 0.1
3315 0.949999999999809 0.7749999999994447 0.1
3316 0.949999999999807 0.7999999999994988 0.1
3317 0.9499999999998052 0.824999999999553 0.1
3318 0.9499999999998032 0.8499999999996068 0.1
3319 0.9499999999998014 0.874999999999662 0.1
3320 0.9499999999997992 0.8999999999997286 0.1
3321 0.9499999999997975 0.9249999999997965 0.1
3322 0.9499999999997957 0.9499999999998643 0.1
3323 0.9499999999997937 0.9749999999999323 0.1
3324 0.9749999999999331 0.02499999999995651 0.1
3325 0.974999999999932 0.0499999999999071 0.1
3326 0.9749999999999313 0.07499999999986391 0.1
3327 0.9749999999999303 0.09999999999982918 0.1
3328 0.9749999999999296 0.1249999999997918 0.1
3329 0.9749999999999285 0.1499999999997259 0.1
3330 0.9749999999999275 0.1749999999996573 0.1
3331 0.9749999999999266 0.1999999999995888 0.1
3332 0.9749999999999256 0.2249999999995202 0.1
3333 0.9749999999999244 0.2499999999994517 0.1
3334 0.9749999999999239 0.2749999999993832 0.1
3335 0.9749999999999225 0.2999999999993146 0.1
3336 0.9749999999999219 0.3249999999992461 0.1
3337 0.9749999999999208 0.3499999999991776 0.1
3338 0.9749999999999197 0.374999999999109 0.1
3339 0.9749999999999188 0.3999999999990403 0.1
3340 0.9749999999999179 0.4249999999989719 0.1
3341 0.9749999999999169 0.4499999999989033 0.1
3342 0.9749999999999159 0.4749999999988348 0.1
3343 0.9749999999999149 0.4999999999987763 0.1
3344 0.9749999999999139 0.5249999999988261 0.1
3345 0.9749999999999133 0.5499999999988863 0.1
3346 0.974999999999912 0.574999999998946 0.1
3347 0.9749999999999112 0.5999999999990062 0.1
3348 0.9749999999999103 0.6249999999990661 0.1
3349 0.9749999999999093 0.6499999999991258 0.1
3350 0.9749999999999084 0.674999999999186 0.1
3351 0.9749999999999077 0.6999999999992458 0.1
3352 0.9749999999999065 0.7249999999993056 0.1
3353 0.9749999999999056 0.7499999999993657 0.1
3354 0.9749999999999045 0.7749999999994256 0.1
3355 0.9749999999999035 0.7999999999994857 0.1
3356 0.9749999999999028 0.8249999999995457 0.1
3357 0.9749999999999018 0.8499999999996055 0.1
3358 0.9749999999999007 0.874999999999666 0.1
3359 0.9749999999998996 0.8999999999997323 0.1
3360 0.9749999999998987 0.9249999999997992 0.1
3361 0.9749999999998978 0.9499999999998663 0.1
3362 0.9749999999998969 0.9749999999999331 0.1
$EndNodes
$Elements
4960
1 3 2 1 1 1 9 321 164
2 3 2 1 1 164 321 322 163
3 3 2 1 1 163 322 323 162
4 3 2 1 1 162 323 324 161
5 3 2 1 1 161 324 325 160
6 3 2 1 1 160 325 326 159
7 3 2 1 1 159 326 327 158
8 3 2 1 1 158 327 328 157
9 3 2 1 1 157 328 329 156
10 3 2 1 1 156 329 330 155
11 3 2 1 1 155 330 331 154
12 3 2 1 1 154 331 332 153
13 3 2 1 1 153 332 333 152
14 3 2 1 1 152 333 334 151
15 3 2 1 1 151 334 335 150
16 3 2 1 1 150 335 336 149
17 3 2 1 1 149 336 337 148
18 3 2 1 1 148 337 338 147
19 3 2 1 1 147 338 339 146
20 3 2 1 1 146 339 340 145
21 3 2 1 1 145 340 341 144
22 3 2 1 1 144 341 342 143
23 3 2 1 1 143 342 343 142
24 3 2 1 1 142 343 344 141
25 3 2 1 1 141 344 345 140
26 3 2 1 1 140 345 346 139
27 3 2 1 1 139 346 347 138
28 3 2 1 1 138 347 348 137
29 3 2 1 1 137 348 349 136
30 3 2 1 1 136 349 350 135
31 3 2 1 1 135 350 351 134
32 3 2 1 1 134 351 352 133
33 3 2 1 1 133 352 353 132
34 3 2 1 1 132 353 354 131
35 3 2 1 1 131 354 355 130
36 3 2 1 1 130 355 356 129
37 3 2 1 1 129 356 357 128
38 3 2 1 1 128 357 358 127
39 3 2 1 1 127 358 359 126
40 3 2 1 1 126 359 125 4
41 3 2 1 1 9 10 360 321
42 3 2 1 1 321 360 361 322
43 3 2 1 1 322 361 362 323
44 3 2 1 1 323 362 363 324
45 3 2 1 1 324 363 364 325
46 3 2 1 1 325 364 365 326
47 3 2 1 1 326 365 366 327
48 3 2 1 1 327 366 367 328
49 3 2 1 1 328 367 368 329
50 3 2 1 1 329 368 369 330
51 3 2 1 1 330 369 370 331
52 3 2 1 1 331 370 371 332
53 3 2 1 1 332 371 372 333
54 3 2 1 1 333 372 373 334
55 3 2 1 1 334 373 374 335
56 3 2 1 1 335 374 375 336
57 3 2 1 1 336 375 376 337
58 3 2 1 1 337 376 377 338
59 3 2 1 1 338 377 378 339
60 3 2 1 1 339 378 379 340
61 3 2 1 1 340 379 380 341
62 3 2 1 1 341 380 381 342
63 3 2 1 1 342 381 382 343
64 3 2 1 1 343 382 383 344
65 3 2 1 1 344 383 384 345
66 3 2 1 1 345 384 385 346
67 3 2 1 1 346 385 386 347
68 3 2 1 1 347 386 387 348
69 3 2 1 1 348 387 388 349
70 3 2 1 1 349 388 389 350
71 3 2 1 1 350 389 390 351
72 3 2 1 1 351 390 391 352
73 3 2 1 1 352 391 392 353
74 3 2 1 1 353 392 393 354
75 3 2 1 1 354 393 394 355
76 3 2 1 1 355 394 395 356
77 3 2 1 1 356 395 396 357
78 3 2 1 1 357 396 397 358
79 3 2 1 1 358 397 398 359
80 3 2 1 1 359 398 124 125
81 3 2 1 1 10 11 399 360
82 3 2 1 1 360 399 400 361
83 3 2 1 1 361 400 401 362
84 3 2 1 1 362 401 402 363
85 3 2 1 1 363 402 403 364
86 3 2 1 1 364 403 404 365
87 3 2 1 1 365 404 405 366
88 3 2 1 1 366 405 406 367
89 3 2 1 1 367 406 407 368
90 3 2 1 1 368 407 408 369
91 3 2 1 1 369 408 409 370
92 3 2 1 1 370 409 410 371
93 3 2 1 1 371 410 411 372
94 3 2 1 1 372 411 412 373
95 3 2 1 1 373 412 413 374
96 3 2 1 1 374 413 414 375
97 3 2 1 1 375 414 415 376
98 3 2 1 1 376 415 416 377
99 3 2 1 1 377 416 417 378
100 3 2 1 1 378 417 418 379
101 3 2 1 1 379 418 419 380
102 3 2 1 1 380 419 420 381
103 3 2 1 1 381 420 421 382
104 3 2 1 1 382 421 422 383
105 3 2 1 1 383 422 423 384
106 3 2 1 1 384 423 424 385
107 3 2 1 1 385 424 425 386
108 3 2 1 1 386 425 426 387
109 3 2 1 1 387 426 427 388
110 3 2 1 1 388 427 428 389
111 3 2 1 1 389 428 429 390
112 3 2 1 1 390 429 430 391
113 3 2 1 1 391 430 431 392
114 3 2 1 1 392 431 432 393
115 3 2 1 1 393 432 433 394
116 3 2 1 1 394 433 434 395
117 3 2 1 1 395 434 435 396
118 3 2 1 1 396 435 436 397
119 3 2 1 1 397 436 437 398
120 3 2 1 1 398 437 123 124
121 3 2 1 1 11 12 438 399
122 3 2 1 1 399 438 439 400
123 3 2 1 1 400 439 440 401
124 3 2 1 1 401 440 441 402
125 3 2 1 1 402 441 442 403
126 3 2 1 1 403 442 443 404
127 3 2 1 1 404 443 444 405
128 3 2 1 1 405 444 445 406
129 3 2 1 1 406 445 446 407
130 3 2 1 1 407 446 447 408
131 3 2 1 1 408 447 448 409
132 3 2 1 1 409 448 449 410
133 3 2 1 1 410 449 450 411
134 3 2 1 1 411 450 451 412
135 3 2 1 1 412 451 452 413
136 3 2 1 1 413 452 453 414
137 3 2 1 1 414 453 454 415
138 3 2 1 1 415 454 455 416
139 3 2 1 1 416 455 456 417
140 3 2 1 1 417 456 457 418
141 3 2 1 1 418 457 458 419
142 3 2 1 1 419 458 459 420
143 3 2 1 1 420 459 460 421
144 3 2 1 1 421 460 461 422
145 3 2 1 1 422 461 462 423
146 3 2 1 1 423 462 463 424
147 3 2 1 1 424 463 464 425
148 3 2 1 1 425 464 465 426
149 3 2 1 1 426 465 466 427
150 3 2 1 1 427 466 467 428
151 3 2 1 1 428 467 468 429
152 3 2 1 1 429 468 469 430
153 3 2 1 1 430 469 470 431
154 3 2 1 1 431 470 471 432
155 3 2 1 1 432 471 472 433
156 3 2 1 1 433 472 473 434
157 3 2 1 1 434 473 474 435
158 3 2 1 1 435 474 475 436
159 3 2 1 1 436 475 476 437
160 3 2 1 1 437 476 122 123
161 3 2 1 1 12 13 477 438
162 3 2 1 1 438 477 478 439
163 3 2 1 1 439 478 479 440
164 3 2 1 1 440 479 480 441
165 3 2 1 1 441 480 481 442
166 3 2 1 1 442 481 482 443
167 3 2 1 1 443 482 483 444
168 3 2 1 1 444 483 484 445
169 3 2 1 1 445 484 485 446
170 3 2 1 1 446 485 486 447
171 3 2 1 1 447 486 487 448
172 3 2 1 1 448 487 488 449
173 3 2 1 1 449 488 489 450
174 3 2 1 1 450 489 490 451
175 3 2 1 1 451 490 491 452
176 3 2 1 1 452 491 492 453
177 3 2 1 1 453 492 493 454
178 3 2 1 1 454 493 494 455
179 3 2 1 1 455 494 495 456
180 3 2 1 1 456 495 496 457
181 3 2 1 1 457 496 497 458
182 3 2 1 1 458 497 498 459
183 3 2 1 1 459 498 499 460
184 3 2 1 1 460 499 500 461
185 3 2 1 1 461 500 501 462
186 3 2 1 1 462 501 502 463
187 3 2 1 1 463 502 503 464
188 3 2 1 1 464 503 504 465
189 3 2 1 1 465 504 505 466
190 3 2 1 1 466 505 506 467
191 3 2 1 1 467 506 507 468
192 3 2 1 1 468 507 508 469
193 3 2 1 1 469 508 509 470
194 3 2 1 1 470 509 510 471
195 3 2 1 1 471 510 511 472
196 3 2 1 1 472 511 512 473
197 3 2 1 1 473 512 513 474
198 3 2 1 1 474 513 514 475
199 3 2 1 1 475 514 515 476
200 3 2 1 1 476 515 121 122
201 3 2 1 1 13 14 516 477
202 3 2 1 1 477 516 517 478
203 3 2 1 1 478 517 518 479
204 3 2 1 1 479 518 519 480
205 3 2 1 1 480 519 520 481
206 3 2 1 1 481 520 521 482
207 3 2 1 1 482 521 522 483
208 3 2 1 1 483 522 523 484
209 3 2 1 1 484 523 524 485
210 3 2 1 1 485 524 525 486
211 3 2 1 1 486 525 526 487
212 3 2 1 1 487 526 527 488
213 3 2 1 1 488 527 528 489
214 3 2 1 1 489 528 529 490
215 3 2 1 1 490 529 530 491
216 3 2 1 1 491 530 531 492
217 3 2 1 1 492 531 532 493
218 3 2 1 1 493 532 533 494
219 3 2 1 1 494 533 534 495
220 3 2 1 1 495 534 535 496
221 3 2 1 1 496 535 536 497
222 3 2 1 1 497 536 537 498
223 3 2 1 1 498 537 538 499
224 3 2 1 1 499 538 539 500
225 3 2 1 1 500 539 540 501
226 3 2 1 1 501 540 541 502
227 3 2 1 1 502 541 542 503
228 3 2 1 1 503 542 543 504
229 3 2 1 1 504 543 544 505
230 3 2 1 1 505 544 545 506
231 3 2 1 1 506 545 546 507
232 3 2 1 1 507 546 547 508
233 3 2 1 1 508 547 548 509
234 3 2 1 1 509 548 549 510
235 3 2 1 1 510 549 550 511
236 3 2 1 1 511 550 551 512
237 3 2 1 1 512 551 552 513
238 3 2 1 1 513 552 553 514
239 3 2 1 1 514 553 554 515
240 3 2 1 1 515 554 120 121
241 3 2 1 1 14 15 555 516
242 3 2 1 1 516 555 556 517
243 3 2 1 1 517 556 557 518
244 3 2 1 1 518 557 558 519
245 3 2 1 1 519 558 559 520
246 3 2 1 1 520 559 560 521
247 3 2 1 1 521 560 561 522
248 3 2 1 1 522 561 562 523
249 3 2 1 1 523 562 563 524
250 3 2 1 1 524 563 564 525
251 3 2 1 1 525 564 565 526
252 3 2 1 1 526 565 566 527
253 3 2 1 1 527 566 567 528
254 3 2 1 1 528 567 568 529
255 3 2 1 1 529 568 569 530
256 3 2 1 1 530 569 570 531
257 3 2 1 1 531 570 571 532
258 3 2 1 1 532 571 572 533
259 3 2 1 1 533 572 573 534
260 3 2 1 1 534 573 574 535
261 3 2 1 1 535 574 575 536
262 3 2 1 1 536 575 576 537
263 3 2 1 1 537 576 577 538
264 3 2 1 1 538 577 578 539
265 3 2 1 1 539 578 579 540
266 3 2 1 1 540 579 580 541
267 3 2 1 1 541 580 581 542
268 3 2 1 1 542 581 582 543
269 3 2 1 1 543 582 583 544
270 3 2 1 1 544 583 584 545
271 3 2 1 1 545 584 585 546
272 3 2 1 1 546 585 586 547
273 3 2 1 1 547 586 587 548
274 3 2 1 1 548 587 588 549
275 3 2 1 1 549 588 589 550
276 3 2 1 1 550 589 590 551
277 3 2 1 1 551 590 591 552
278 3 2 1 1 552 591 592 553
279 3 2 1 1 553 592 593 554
280 3 2 1 1 554 593 119 120
281 3 2 1 1 15 16 594 555
282 3 2 1 1 555 594 595 556
283 3 2 1 1 556 595 596 557
284 3 2 1 1 557 596 597 558
285 3 2 1 1 558 597 598 559
286 3 2 1 1 559 598 599 560
287 3 2 1 1 560 599 600 561
288 3 2 1 1 561 600 601 562
289 3 2 1 1 562 601 602 563
290 3 2 1 1 563 602 603 564
291 3 2 1 1 564 603 604 565
292 3 2 1 1 565 604 605 566
293 3 2 1 1 566 605 606 567
294 3 2 1 1 567 606 607 568
295 3 2 1 1 568 607 608 569
296 3 2 1 1 569 608 609 570
297 3 2 1 1 570 609 610 571
298 3 2 1 1 571 610 611 572
299 3 2 1 1 572 611 612 573
300 3 2 1 1 573 612 613 574
301 3 2 1 1 574 613 614 575
302 3 2 1 1 575 614 615 576
303 3 2 1 1 576 615 616 577
304 3 2 1 1 577 616 617 578
305 3 2 1 1 578 617 618 579
306 3 2 1 1 579 618 619 580
307 3 2 1 1 580 619 620 581
308 3 2 1 1 581 620 621 582
309 3 2 1 1 582 621 622 583
310 3 2 1 1 583 622 623 584
311 3 2 1 1 584 623 624 585
312 3 2 1 1 585 624 625 586
313 3 2 1 1 586 625 626 587
314 3 2 1 1 587 626 627 588
315 3 2 1 1 588 627 628 589
316 3 2 1 1 589 628 629 590
317 3 2 1 1 590 629 630 591
318 3 2 1 1 591 630 631 592
319 3 2 1 1 592 631 632 593
320 3 2 1 1 593 632 118 119
321 3 2 1 1 16 17 633 594
322 3 2 1 1 594 633 634 595
323 3 2 1 1 595 634 635 596
324 3 2 1 1 596 635 636 597
325 3 2 1 1 597 636 637 598
326 3 2 1 1 598 637 638 599
327 3 2 1 1 599 638 639 600
328 3 2 1 1 600 639 640 601
329 3 2 1 1 601 640 641 602
330 3 2 1 1 602 641 642 603
331 3 2 1 1 603 642 643 604
332 3 2 1 1 604 643 644 605
333 3 2 1 1 605 644 645 606
334 3 2 1 1 606 645 646 607
335 3 2 1 1 607 646 647 608
336 3 2 1 1 608 647 648 609
337 3 2 1 1 609 648 649 610
338 3 2 1 1 610 649 650 611
339 3 2 1 1 611 650 651 612
340 3 2 1 1 612 651 652 613
341 3 2 1 1 613 652 653 614
342 3 2 1 1 614 653 654 615
343 3 2 1 1 615 654 655 616
344 3 2 1 1 616 655 656 617
345 3 2 1 1 617 656 657 618
346 3 2 1 1 618 657 658 619
347 3 2 1 1 619 658 659 620
348 3 2 1 1 620 659 660 621
349 3 2 1 1 621 660 661 622
350 3 2 1 1 622 661 662 623
351 3 2 1 1 623 662 663 624
352 3 2 1 1 624 663 664 625
353 3 2 1 1 625 664 665 626
354 3 2 1 1 626 665 666 627
355 3 2 1 1 627 666 667 628
356 3 2 1 1 628 667 668 629
357 3 2 1 1 629 668 669 630
358 3 2 1 1 630 669 670 631
359 3 2 1 1 631 670 671 632
360 3 2 1 1 632 671 117 118
361 3 2 1 1 17 18 672 633
362 3 2 1 1 633 672 673 634
363 3 2 1 1 634 673 674 635
364 3 2 1 1 635 674 675 636
365 3 2 1 1 636 675 676 637
366 3 2 1 1 637 676 677 638
367 3 2 1 1 638 677 678 639
368 3 2 1 1 639 678 679 640
369 3 2 1 1 640 679 680 641
370 3 2 1 1 641 680 681 642
371 3 2 1 1 642 681 682 643
372 3 2 1 1 643 682 683 644
373 3 2 1 1 644 683 684 645
374 3 2 1 1 645 684 685 646
375 3 2 1 1 646 685 686 647
376 3 2 1 1 647 686 687 648
377 3 2 1 1 648 687 688 649
378 3 2 1 1 649 688 689 650
379 3 2 1 1 650 689 690 651
380 3 2 1 1 651 690 691 652
381 3 2 1 1 652 691 692 653
382 3 2 1 1 653 692 693 654
383 3 2 1 1 654 693 694 655
384 3 2 1 1 655 694 695 656
385 3 2 1 1 656 695 696 657
386 3 2 1 1 657 696 697 658
387 3 2 1 1 658 697 698 659
388 3 2 1 1 659 698 699 660
389 3 2 1 1 660 699 700 661
390 3 2 1 1 661 700 701 662
391 3 2 1 1 662 701 702 663
392 3 2 1 1 663 702 703 664
393 3 2 1 1 664 703 704 665
394 3 2 1 1 665 704 705 666
395 3 2 1 1 666 705 706 667
396 3 2 1 1 667 706 707 668
397 3 2 1 1 668 707 708 669
398 3 2 1 1 669 708 709 670
399 3 2 1 1 670 709 710 671
400 3 2 1 1 671 710 116 117
401 3 2 1 1 18 19 711 672
402 3 2 1 1 672 711 712 673
403 3 2 1 1 673 712 713 674
404 3 2 1 1 674 713 714 675
405 3 2 1 1 675 714 715 676
406 3 2 1 1 676 715 716 677
407 3 2 1 1 677 716 717 678
408 3 2 1 1 678 717 718 679
409 3 2 1 1 679 718 719 680
410 3 2 1 1 680 719 720 681
411 3 2 1 1 681 720 721 682
412 3 2 1 1 682 721 722 683
413 3 2 1 1 683 722 723 684
414 3 2 1 1 684 723 724 685
415 3 2 1 1 685 724 725 686
416 3 2 1 1 686 725 726 687
417 3 2 1 1 687 726 727 688
418 3 2 1 1 688 727 728 689
419 3 2 1 1 689 728 729 690
420 3 2 1 1 690 729 730 691
421 3 2 1 1 691 730 731 692
422 3 2 1 1 692 731 732 693
423 3 2 1 1 693 732 733 694
424 3 2 1 1 694 733 734 695
425 3 2 1 1 695 734 735 696
426 3 2 1 1 696 735 736 697
427 3 2 1 1 697 736 737 698
428 3 2 1 1 698 737 738 699
429 3 2 1 1 699 738 739 700
430 3 2 1 1 700 739 740 701
431 3 2 1 1 701 740 741 702
432 3 2 1 1 702 741 742 703
433 3 2 1 1 703 742 743 704
434 3 2 1 1 704 743 744 705
435 3 2 1 1 705 744 745 706
436 3 2 1 1 706 745 746 707
437 3 2 1 1 707 746 747 708
438 3 2 1 1 708 747 748 709
439 3 2 1 1 709 748 749 710
440 3 2 1 1 710 749 115 116
441 3 2 1 1 19 20 750 711
442 3 2 1 1 711 750 751 712
443 3 2 1 1 712 751 752 713
444 3 2 1 1 713 752 753 714
445 3 2 1 1 714 753 754 715
446 3 2 1 1 715 754 755 716
447 3 2 1 1 716 755 756 717
448 3 2 1 1 717 756 757 718
449 3 2 1 1 718 757 758 719
450 3 2 1 1 719 758 759 720
451 3 2 1 1 720 759 760 721
452 3 2 1 1 721 760 761 722
453 3 2 1 1 722 761 762 723
454 3 2 1 1 723 762 763 724
455 3 2 1 1 724 763 764 725
456 3 2 1 1 725 764 765 726
457 3 2 1 1 726 765 766 727
458 3 2 1 1 727 766 767 728
459 3 2 1 1 728 767 768 729
460 3 2 1 1 729 768 769 730
461 3 2 1 1 730 769 770 731
462 3 2 1 1 731 770 771 732
463 3 2 1 1 732 771 772 733
464 3 2 1 1 733 772 773 734
465 3 2 1 1 734 773 774 735
466 3 2 1 1 735 774 775 736
467 3 2 1 1 736 775 776 737
468 3 2 1 1 737 776 777 738
469 3 2 1 1 738 777 778 739
470 3 2 1 1 739 778 779 740
471 3 2 1 1 740 779 780 741
472 3 2 1 1 741 780 781 742
473 3 2 1 1 742 781 782 743
474 3 2 1 1 743 782 783 744
475 3 2 1 1 744 783 784 745
476 3 2 1 1 745 784 785 746
477 3 2 1 1 746 785 786 747
478 3 2 1 1 747 786 787 748
479 3 2 1 1 748 787 788 749
480 3 2 1 1 749 788 114 115
481 3 2 1 1 20 21 789 750
482 3 2 1 1 750 789 790 751
483 3 2 1 1 751 790 791 752
484 3 2 1 1 752 791 792 753
485 3 2 1 1 753 792 793 754
486 3 2 1 1 754 793 794 755
487 3 2 1 1 755 794 795 756
488 3 2 1 1 756 795 796 757
489 3 2 1 1 757 796 797 758
490 3 2 1 1 758 797 798 759
491 3 2 1 1 759 798 799 760
492 3 2 1 1 760 799 800 761
493 3 2 1 1 761 800 801 762
494 3 2 1 1 762 801 802 763
495 3 2 1 1 763 802 803 764
496 3 2 1 1 764 803 804 765
497 3 2 1 1 765 804 805 766
498 3 2 1 1 766 805 806 767
499 3 2 1 1 767 806 807 768
500 3 2 1 1 768 807 808 769
501 3 2 1 1 769 808 809 770
502 3 2 1 1 770 809 810 771
503 3 2 1 1 771 810 811 772
504 3 2 1 1 772 811 812 773
505 3 2 1 1 773 812 813 774
506 3 2 1 1 774 813 814 775
507 3 2 1 1 775 814 815 776
508 3 2 1 1 776 815 816 777
509 3 2 1 1 777 816 817 778
510 3 2 1 1 778 817 818 779
511 3 2 1 1 779 818 819 780
512 3 2 1 1 780 819 820 781
513 3 2 1 1 781 820 821 782
514 3 2 1 1 782 821 822 783
515 3 2 1 1 783 822 823 784
516 3 2 1 1 784 823 824 785
517 3 2 1 1 785 824 825 786
518 3 2 1 1 786 825 826 787
519 3 2 1 1 787 826 827 788
520 3 2 1 1 788 827 113 114
521 3 2 1 1 21 22 828 789
522 3 2 1 1 789 828 829 790
523 3 2 1 1 790 829 830 791
524 3 2 1 1 791 830 831 792
525 3 2 1 1 792 831 832 793
526 3 2 1 1 793 832 833 794
527 3 2 1 1 794 833 834 795
528 3 2 1 1 795 834 835 796
529 3 2 1 1 796 835 836 797
530 3 2 1 1 797 836 837 798
531 3 2 1 1 798 837 838 799
532 3 2 1 1 799 838 839 800
533 3 2 1 1 800 839 840 801
534 3 2 1 1 801 840 841 802
535 3 2 1 1 802 841 842 803
536 3 2 1 1 803 842 843 804
537 3 2 1 1 804 843 844 805
538 3 2 1 1 805 844 845 806
539 3 2 1 1 806 845 846 807
540 3 2 1 1 807 846 847 808
541 3 2 1 1 808 847 848 809
542 3 2 1 1 809 848 849 810
543 3 2 1 1 810 849 850 811
544 3 2 1 1 811 850 851 812
545 3 2 1 1 812 851 852 813
546 3 2 1 1 813 852 853 814
547 3 2 1 1 814 853 854 815
548 3 2 1 1 815 854 855 816
549 3 2 1 1 816 855 856 817
550 3 2 1 1 817 856 857 818
551 3 2 1 1 818 857 858 819
552 3 2 1 1 819 858 859 820
553 3 2 1 1 820 859 860 821
554 3 2 1 1 821 860 861 822
555 3 2 1 1 822 861 862 823
556 3 2 1 1 823 862 863 824
557 3 2 1 1 824 863 864 825
558 3 2 1 1 825 864 865 826
559 3 2 1 1 826 865 866 827
560 3 2 1 1 827 866 112 113
561 3 2 1 1 22 23 867 828
562 3 2 1 1 828 867 868 829
563 3 2 1 1 829 868 869 830
564 3 2 1 1 830 869 870 831
565 3 2 1 1 831 870 871 832
566 3 2 1 1 832 871 872 833
567 3 2 1 1 833 872 873 834
568 3 2 1 1 834 873 874 835
569 3 2 1 1 835 874 875 836
570 3 2 1 1 836 875 876 837
571 3 2 1 1 837 876 877 838
572 3 2 1 1 838 877 878 839
573 3 2 1 1 839 878 879 840
574 3 2 1 1 840 879 880 841
575 3 2 1 1 841 880 881 842
576 3 2 1 1 842 881 882 843
577 3 2 1 1 843 882 883 844
578 3 2 1 1 844 883 884 845
579 3 2 1 1 845 884 885 846
580 3 2 1 1 846 885 886 847
581 3 2 1 1 847 886 887 848
582 3 2 1 1 848 887 888 849
583 3 2 1 1 849 888 889 850
584 3 2 1 1 850 889 890 851
585 3 2 1 1 851 890 891 852
586 3 2 1 1 852 891 892 853
587 3 2 1 1 853 892 893 854
588 3 2 1 1 854 893 894 855
589 3 2 1 1 855 894 895 856
590 3 2 1 1 856 895 896 857
591 3 2 1 1 857 896 897 858
592 3 2 1 1 858 897 898 859
593 3 2 1 1 859 898 899 860
594 3 2 1 1 860 899 900 861
595 3 2 1 1 861 900 901 862
596 3 2 1 1 862 901 902 863
597 3 2 1 1 863 902 903 864
598 3 2 1 1 864 903 904 865
599 3 2 1 1 865 904 905 866
600 3 2 1 1 866 905 111 112
601 3 2 1 1 23 24 906 867
602 3 2 1 1 867 906 907 868
603 3 2 1 1 868 907 908 869
604 3 2 1 1 869 908 909 870
605 3 2 1 1 870 909 910 871
606 3 2 1 1 871 910 911 872
607 3 2 1 1 872 911 912 873
608 3 2 1 1 873 912 913 874
609 3 2 1 1 874 913 914 875
610 3 2 1 1 875 914 915 876
611 3 2 1 1 876 915 916 877
612 3 2 1 1 877 916 917 878
613 3 2 1 1 878 917 918 879
614 3 2 1 1 879 918 919 880
615 3 2 1 1 880 919 920 881
616 3 2 1 1 881 920 921 882
617 3 2 1 1 882 921 922 883
618 3 2 1 1 883 922 923 884
619 3 2 1 1 884 923 924 885
620 3 2 1 1 885 924 925 886
621 3 2 1 1 886 925 926 887
622 3 2 1 1 887 926 927 888
623 3 2 1 1 888 927 928 889
624 3 2 1 1 889 928 929 890
625 3 2 1 1 890 929 930 891
626 3 2 1 1 891 930 931 892
627 3 2 1 1 892 931 932 893
628 3 2 1 1 893 932 933 894
629 3 2 1 1 894 933 934 895
630 3 2 1 1 895 934 935 896
631 3 2 1 1 896 935 936 897
632 3 2 1 1 897 936 937 898
633 3 2 1 1 898 937 938 899
634 3 2 1 1 899 938 939 900
635 3 2 1 1 900 939 940 901
636 3 2 1 1 901 940 941 902
637 3 2 1 1 902 941 942 903
638 3 2 1 1 903 942 943 904
639 3 2 1 1 904 943 944 905
640 3 2 1 1 905 944 110 111
641 3 2 1 1 24 25 945 906
642 3 2 1 1 906 945 946 907
643 3 2 1 1 907 946 947 908
644 3 2 1 1 908 947 948 909
645 3 2 1 1 909 948 949 910
646 3 2 1 1 910 949 950 911
647 3 2 1 1 911 950 951 912
648 3 2 1 1 912 951 952 913
649 3 2 1 1 913 952 953 914
650 3 2 1 1 914 953 954 915
651 3 2 1 1 915 954 955 916
652 3 2 1 1 916 955 956 917
653 3 2 1 1 917 956 957 918
654 3 2 1 1 918 957 958 919
655 3 2 1 1 919 958 959 920
656 3 2 1 1 920 959 960 921
657 3 2 1 1 921 960 961 922
658 3 2 1 1 922 961 962 923
659 3 2 1 1 923 962 963 924
660 3 2 1 1 924 963 964 925
661 3 2 1 1 925 964 965 926
662 3 2 1 1 926 965 966 927
663 3 2 1 1 927 966 967 928
664 3 2 1 1 928 967 968 929
665 3 2 1 1 929 968 969 930
666 3 2 1 1 930 969 970 931
667 3 2 1 1 931 970 971 932
668 3 2 1 1 932 971 972 933
669 3 2 1 1 933 972 973 934
670 3 2 1 1 934 973 974 935
671 3 2 1 1 935 974 975 936
672 3 2 1 1 936 975 976 937
673 3 2 1 1 937 976 977 938
674 3 2 1 1 938 977 978 939
675 3 2 1 1 939 978 979 940
676 3 2 1 1 940 979 980 941
677 3 2 1 1 941 980 981 942
678 3 2 1 1 942 981 982 943
679 3 2 1 1 943 982 983 944
680 3 2 1 1 944 983 109 110
681 3 2 1 1 25 26 984 945
682 3 2 1 1 945 984 985 946
683 3 2 1 1 946 985 986 947
684 3 2 1 1 947 986 987 948
685 3 2 1 1 948 987 988 949
686 3 2 1 1 949 988 989 950
687 3 2 1 1 950 989 990 951
688 3 2 1 1 951 990 991 952
689 3 2 1 1 952 991 992 953
690 3 2 1 1 953 992 993 954
691 3 2 1 1 954 993 994 955
692 3 2 1 1 955 994 995 956
693 3 2 1 1 956 995 996 957
694 3 2 1 1 957 996 997 958
695 3 2 1 1 958 997 998 959
696 3 2 1 1 959 998 999 960
697 3 2 1 1 960 999 1000 961
698 3 2 1 1 961 1000 1001 962
699 3 2 1 1 962 1001 1002 963
700 3 2 1 1 963 1002 1003 964
701 3 2 1 1 964 1003 1004 965
702 3 2 1 1 965 1004 1005 966
703 3 2 1 1 966 1005 1006 967
704 3 2 1 1 967 1006 1007 968
705 3 2 1 1 968 1007 1008 969
706 3 2 1 1 969 1008 1009 970
707 3 2 1 1 970 1009 1010 971
708 3 2 1 1 971 1010 1011 972
709 3 2 1 1 972 1011 1012 973
710 3 2 1 1 973 1012 1013 974
711 3 2 1 1 974 1013 1014 975
712 3 2 1 1 975 1014 1015 976
713 3 2 1 1 976 1015 1016 977
714 3 2 1 1 977 1016 1017 978
715 3 2 1 1 978 1017 1018 979
716 3 2 1 1 979 1018 1019 980
717 3 2 1 1 980 1019 1020 981
718 3 2 1 1 981 1020 1021 982
719 3 2 1 1 982 1021 1022 983
720 3 2 1 1 983 1022 108 109
721 3 2 1 1 26 27 1023 984
722 3 2 1 1 984 1023 1024 985
723 3 2 1 1 985 1024 1025 986
724 3 2 1 1 986 1025 1026 987
725 3 2 1 1 987 1026 1027 988
726 3 2 1 1 988 1027 1028 989
727 3 2 1 1 989 1028 1029 990
728 3 2 1 1 990 1029 1030 991
729 3 2 1 1 991 1030 1031 992
730 3 2 1 1 992 1031 1032 993
731 3 2 1 1 993 1032 1033 994
732 3 2 1 1 994 1033 1034 995
733 3 2 1 1 995 1034 1035 996
734 3 2 1 1 996 1035 1036 997
735 3 2 1 1 997 1036 1037 998
736 3 2 1 1 998 1037 1038 999
737 3 2 1 1 999 1038 1039 1000
738 3 2 1 1 1000 1039 1040 1001
739 3 2 1 1 1001 1040 1041 1002
740 3 2 1 1 1002 1041 1042 1003
741 3 2 1 1 1003 1042 1043 1004
742 3 2 1 1 1004 1043 1044 1005
743 3 2 1 1 1005 1044 1045 1006
744 3 2 1 1 1006 1045 1046 1007
745 3 2 1 1 1007 1046 1047 1008
746 3 2 1 1 1008 1047 1048 1009
747 3 2 1 1 1009 1048 1049 1010
748 3 2 1 1 1010 1049 1050 1011
749 3 2 1 1 1011 1050 1051 1012
750 3 2 1 1 1012 1051 1052 1013
751 3 2 1 1 1013 1052 1053 1014
752 3 2 1 1 1014 1053 1054 1015
753 3 2 1 1 1015 1054 1055 1016
754 3 2 1 1 1016 1055 1056 1017
755 3 2 1 1 1017 1056 1057 1018
756 3 2 1 1 1018 1057 1058 1019
757 3 2 1 1 1019 1058 1059 1020
758 3 2 1 1 1020 1059 1060 1021
759 3 2 1 1 1021 1060 1061 1022
760 3 2 1 1 1022 1061 107 108
761 3 2 1 1 27 28 1062 1023
762 3 2 1 1 1023 1062 1063 1024
763 3 2 1 1 1024 1063 1064 1025
764 3 2 1 1 1025 1064 1065 1026
765 3 2 1 1 1026 1065 1066 1027
766 3 2 1 1 1027 1066 1067 1028
767 3 2 1 1 1028 1067 1068 1029
768 3 2 1 1 1029 1068 1069 1030
769 3 2 1 1 1030 1069 1070 1031
770 3 2 1 1 1031 1070 1071 1032
771 3 2 1 1 1032 1071 1072 1033
772 3 2 1 1 1033 1072 1073 1034
773 3 2 1 1 1034 1073 1074 1035
774 3 2 1 1 1035 1074 1075 1036
775 3 2 1 1 1036 1075 1076 1037
776 3 2 1 1 1037 1076 1077 1038
777 3 2 1 1 1038 1077 1078 1039
778 3 2 1 1 1039 1078 1079 1040
779 3 2 1 1 1040 1079 1080 1041
780 3 2 1 1 1041 1080 1081 1042
781 3 2 1 1 1042 1081 1082 1043
782 3 2 1 1 1043 1082 1083 1044
783 3 2 1 1 1044 1083 1084 1045
784 3 2 1 1 1045 1084 1085 1046
785 3 2 1 1 1046 1085 1086 1047
786 3 2 1 1 1047 1086 1087 1048
787 3 2 1 1 1048 1087 1088 1049
788 3 2 1 1 1049 1088 1089 1050
789 3 2 1 1 1050 1089 1090 1051
790 3 2 1 1 1051 1090 1091 1052
791 3 2 1 1 1052 1091 1092 1053
792 3 2 1 1 1053 1092 1093 1054
793 3 2 1 1 1054 1093 1094 1055
794 3 2 1 1 1055 1094 1095 1056
795 3 2 1 1 1056 1095 1096 1057
796 3 2 1 1 1057 1096 1097 1058
797 3 2 1 1 1058 1097 1098 1059
798 3 2 1 1 1059 1098 1099 1060
799 3 2 1 1 1060 1099 1100 1061
800 3 2 1 1 1061 1100 106 107
801 3 2 1 1 28 29 1101 1062
802 3 2 1 1 1062 1101 1102 1063
803 3 2 1 1 1063 1102 1103 1064
804 3 2 1 1 1064 1103 1104 1065
805 3 2 1 1 1065 1104 1105 1066
806 3 2 1 1 1066 1105 1106 1067
807 3 2 1 1 1067 1106 1107 1068
808 3 2 1 1 1068 1107 1108 1069
809 3 2 1 1 1069 1108 1109 1070
810 3 2 1 1 1070 1109 1110 1071
811 3 2 1 1 1071 1110 1111 1072
812 3 2 1 1 1072 1111 1112 1073
813 3 2 1 1 1073 1112 1113 1074
814 3 2 1 1 1074 1113 1114 1075
815 3 2 1 1 1075 1114 1115 1076
816 3 2 1 1 1076 1115 1116 1077
817 3 2 1 1 1077 1116 1117 1078
818 3 2 1 1 1078 1117 1118 1079
819 3 2 1 1 1079 1118 1119 1080
820 3 2 1 1 1080 1119 1120 1081
821 3 2 1 1 1081 1120 1121 1082
822 3 2 1 1 1082 1121 1122 1083
823 3 2 1 1 1083 1122 1123 1084
824 3 2 1 1 1084 1123 1124 1085
825 3 2 1 1 1085 1124 1125 1086
826 3 2 1 1 1086 1125 1126 1087
827 3 2 1 1 1087 1126 1127 1088
828 3 2 1 1 1088 1127 1128 1089
829 3 2 1 1 1089 1128 1129 1090
830 3 2 1 1 1090 1129 1130 1091
831 3 2 1 1 1091 1130 1131 1092
832 3 2 1 1 1092 1131 1132 1093
833 3 2 1 1 1093 1132 1133 1094
834 3 2 1 1 1094 1133 1134 1095
835 3 2 1 1 1095 1134 1135 1096
836 3 2 1 1 1096 1135 1136 1097
837 3 2 1 1 1097 1136 1137 1098
838 3 2 1 1 1098 1137 1138 1099
839 3 2 1 1 1099 1138 1139 1100
840 3 2 1 1 1100 1139 105 106
841 3 2 1 1 29 30 1140 1101
842 3 2 1 1 1101 1140 1141 1102
843 3 2 1 1 1102 1141 1142 1103
844 3 2 1 1 1103 1142 1143 1104
845 3 2 1 1 1104 1143 1144 1105
846 3 2 1 1 1105 1144 1145 1106
847 3 2 1 1 1106 1145 1146 1107
848 3 2 1 1 1107 1146 1147 1108
849 3 2 1 1 1108 1147 1148 1109
850 3 2 1 1 1109 1148 1149 1110
851 3 2 1 1 1110 1149 1150 1111
852 3 2 1 1 1111 1150 1151 1112
853 3 2 1 1 1112 1151 1152 1113
854 3 2 1 1 1113 1152 1153 1114
855 3 2 1 1 1114 1153 1154 1115
856 3 2 1 1 1115 1154 1155 1116
857 3 2 1 1 1116 1155 1156 1117
858 3 2 1 1 1117 1156 1157 1118
859 3 2 1 1 1118 1157 1158 1119
860 3 2 1 1 1119 1158 1159 1120
861 3 2 1 1 1120 1159 1160 1121
862 3 2 1 1 1121 1160 1161 1122
863 3 2 1 1 1122 1161 1162 1123
864 3 2 1 1 1123 1162 1163 1124
865 3 2 1 1 1124 1163 1164 1125
866 3 2 1 1 1125 1164 1165 1126
867 3 2 1 1 1126 1165 1166 1127
868 3 2 1 1 1127 1166 1167 1128
869 3 2 1 1 1128 1167 1168 1129
870 3 2 1 1 1129 1168 1169 1130
871 3 2 1 1 1130 1169 1170 1131
872 3 2 1 1 1131 1170 1171 1132
873 3 2 1 1 1132 1171 1172 1133
874 3 2 1 1 1133 1172 1173 1134
875 3 2 1 1 1134 1173 1174 1135
876 3 2 1 1 1135 1174 1175 1136
877 3 2 1 1 1136 1175 1176 1137
878 3 2 1 1 1137 1176 1177 1138
879 3 2 1 1 1138 1177 1178 1139
880 3 2 1 1 1139 1178 104 105
881 3 2 1 1 30 31 1179 1140
882 3 2 1 1 1140 1179 1180 1141
883 3 2 1 1 1141 1180 1181 1142
884 3 2 1 1 1142 1181 1182 1143
885 3 2 1 1 1143 1182 1183 1144
886 3 2 1 1 1144 1183 1184 1145
887 3 2 1 1 1145 1184 1185 1146
888 3 2 1 1 1146 1185 1186 1147
889 3 2 1 1 1147 1186 1187 1148
890 3 2 1 1 1148 1187 1188 1149
891 3 2 1 1 1149 1188 1189 1150
892 3 2 1 1 1150 1189 1190 1151
893 3 2 1 1 1151 1190 1191 1152
894 3 2 1 1 1152 1191 1192 1153
895 3 2 1 1 1153 1192 1193 1154
896 3 2 1 1 1154 1193 1194 1155
897 3 2 1 1 1155 1194 1195 1156
898 3 2 1 1 1156 1195 1196 1157
899 3 2 1 1 1157 1196 1197 1158
900 3 2 1 1 1158 1197 1198 1159
901 3 2 1 1 1159 1198 1199 1160
902 3 2 1 1 1160 1199 1200 1161
903 3 2 1 1 1161 1200 1201 1162
904 3 2 1 1 1162 1201 1202 1163
905 3 2 1 1 1163 1202 1203 1164
906 3 2 1 1 1164 1203 1204 1165
907 3 2 1 1 1165 1204 1205 1166
908 3 2 1 1 1166 1205 1206 1167
909 3 2 1 1 1167 1206 1207 1168
910 3 2 1 1 1168 1207 1208 1169
911 3 2 1 1 1169 1208 1209 1170
912 3 2 1 1 1170 1209 1210 1171
913 3 2 1 1 1171 1210 1211 1172
914 3 2 1 1 1172 1211 1212 1173
915 3 2 1 1 1173 1212 1213 1174
916 3 2 1 1 1174 1213 1214 1175
917 3 2 1 1 1175 1214 1215 1176
918 3 2 1 1 1176 1215 1216 1177
919 3 2 1 1 1177 1216 1217 1178
920 3 2 1 1 1178 1217 103 104
921 3 2 1 1 31 32 1218 1179
922 3 2 1 1 1179 1218 1219 1180
923 3 2 1 1 1180 1219 1220 1181
924 3 2 1 1 1181 1220 1221 1182
925 3 2 1 1 1182 1221 1222 1183
926 3 2 1 1 1183 1222 1223 1184
927 3 2 1 1 1184 1223 1224 1185
928 3 2 1 1 1185 1224 1225 1186
929 3 2 1 1 1186 1225 1226 1187
930 3 2 1 1 1187 1226 1227 1188
931 3 2 1 1 1188 1227 1228 1189
932 3 2 1 1 1189 1228 1229 1190
933 3 2 1 1 1190 1229 1230 1191
934 3 2 1 1 1191 1230 1231 1192
935 3 2 1 1 1192 1231 1232 1193
936 3 2 1 1 1193 1232 1233 1194
937 3 2 1 1 1194 1233 1234 1195
938 3 2 1 1 1195 1234 1235 1196
939 3 2 1 1 1196 1235 1236 1197
940 3 2 1 1 1197 1236 1237 1198
941 3 2 1 1 1198 1237 1238 1199
942 3 2 1 1 1199 1238 1239 1200
943 3 2 1 1 1200 1239 1240 1201
944 3 2 1 1 1201 1240 1241 1202
945 3 2 1 1 1202 1241 1242 1203
946 3 2 1 1 1203 1242 1243 1204
947 3 2 1 1 1204 1243 1244 1205
948 3 2 1 1 1205 1244 1245 1206
949 3 2 1 1 1206 1245 1246 1207
950 3 2 1 1 1207 1246 1247 1208
951 3 2 1 1 1208 1247 1248 1209
952 3 2 1 1 1209 1248 1249 1210
953 3 2 1 1 1210 1249 1250 1211
954 3 2 1 1 1211 1250 1251 1212
955 3 2 1 1 1212 1251 1252 1213
956 3 2 1 1 1213 1252 1253 1214
957 3 2 1 1 1214 1253 1254 1215
958 3 2 1 1 1215 1254 1255 1216
959 3 2 1 1 1216 1255 1256 1217
960 3 2 1 1 1217 1256 102 103
961 3 2 1 1 32 33 1257 1218
962 3 2 1 1 1218 1257 1258 1219
963 3 2 1 1 1219 1258 1259 1220
964 3 2 1 1 1220 1259 1260 1221
965 3 2 1 1 1221 1260 1261 1222
966 3 2 1 1 1222 1261 1262 1223
967 3 2 1 1 1223 1262 1263 1224
968 3 2 1 1 1224 1263 1264 1225
969 3 2 1 1 1225 1264 1265 1226
970 3 2 1 1 1226 1265 1266 1227
971 3 2 1 1 1227 1266 1267 1228
972 3 2 1 1 1228 1267 1268 1229
973 3 2 1 1 1229 1268 1269 1230
974 3 2 1 1 1230 1269 1270 1231
975 3 2 1 1 1231 1270 1271 1232
976 3 2 1 1 1232 1271 1272 1233
977 3 2 1 1 1233 1272 1273 1234
978 3 2 1 1 1234 1273 1274 1235
979 3 2 1 1 1235 1274 1275 1236
980 3 2 1 1 1236 1275 1276 1237
981 3 2 1 1 1237 1276 1277 1238
982 3 2 1 1 1238 1277 1278 1239
983 3 2 1 1 1239 1278 1279 1240
984 3 2 1 1 1240 1279 1280 1241
985 3 2 1 1 1241 1280 1281 1242
986 3 2 1 1 1242 1281 1282 1243
987 3 2 1 1 1243 1282 1283 1244
988 3 2 1 1 1244 1283 1284 1245
989 3 2 1 1 1245 1284 1285 1246
990 3 2 1 1 1246 1285 1286 1247
991 3 2 1 1 1247 1286 1287 1248
992 3 2 1 1 1248 1287 1288 1249
993 3 2 1 1 1249 1288 1289 1250
994 3 2 1 1 1250 1289 1290 1251
995 3 2 1 1 1251 1290 1291 1252
996 3 2 1 1 1252 1291 1292 1253
997 3 2 1 1 1253 1292 1293 1254
998 3 2 1 1 1254 1293 1294 1255
999 3 2 1 1 1255 1294 1295 1256
1000 3 2 1 1 1256 1295 101 102
1001 3 2 1 1 33 34 1296 1257
1002 3 2 1 1 1257 1296 1297 1258
1003 3 2 1 1 1258 1297 1298 1259
1004 3 2 1 1 1259 1298 1299 1260
1005 3 2 1 1 1260 1299 1300 1261
1006 3 2 1 1 1261 1300 1301 1262
1007 3 2 1 1 1262 1301 1302 1263
1008 3 2 1 1 1263 1302 1303 1264
1009 3 2 1 1 1264 1303 1304 1265
1010 3 2 1 1 1265 1304 1305 1266
1011 3 2 1 1 1266 1305 1306 1267
1012 3 2 1 1 1267 1306 1307 1268
1013 3 2 1 1 1268 1307 1308 1269
1014 3 2 1 1 1269 1308 1309 1270
1015 3 2 1 1 1270 1309 1310 1271
1016 3 2 1 1 1271 1310 1311 1272
1017 3 2 1 1 1272 1311 1312 1273
1018 3 2 1 1 1273 1312 1313 1274
1019 3 2 1 1 1274 1313 1314 1275
1020 3 2 1 1 1275 1314 1315 1276
1021 3 2 1 1 1276 1315 1316 1277
1022 3 2 1 1 1277 1316 1317 1278
1023 3 2 1 1 1278 1317 1318 1279
1024 3 2 1 1 1279 1318 1319 1280
1025 3 2 1 1 1280 1319 1320 1281
1026 3 2 1 1 1281 1320 1321 1282
1027 3 2 1 1 1282 1321 1322 1283
1028 3 2 1 1 1283 1322 1323 1284
1029 3 2 1 1 1284 1323 1324 1285
1030 3 2 1 1 1285 1324 1325 1286
1031 3 2 1 1 1286 1325 1326 1287
1032 3 2 1 1 1287 1326 1327 1288
1033 3 2 1 1 1288 1327 1328 1289
1034 3 2 1 1 1289 1328 1329 1290
1035 3 2 1 1 1290 1329 1330 1291
1036 3 2 1 1 1291 1330 1331 1292
1037 3 2 1 1 1292 1331 1332 1293
1038 3 2 1 1 1293 1332 1333 1294
1039 3 2 1 1 1294 1333 1334 1295
1040 3 2 1 1 1295 1334 100 101
1041 3 2 1 1 34 35 1335 1296
1042 3 2 1 1 1296 1335 1336 1297
1043 3 2 1 1 1297 1336 1337 1298
1044 3 2 1 1 1298 1337 1338 1299
1045 3 2 1 1 1299 1338 1339 1300
1046 3 2 1 1 1300 1339 1340 1301
1047 3 2 1 1 1301 1340 1341 1302
1048 3 2 1 1 1302 1341 1342 1303
1049 3 2 1 1 1303 1342 1343 1304
1050 3 2 1 1 1304 1343 1344 1305
1051 3 2 1 1 1305 1344 1345 1306
1052 3 2 1 1 1306 1345 1346 1307
1053 3 2 1 1 1307 1346 1347 1308
1054 3 2 1 1 1308 1347 1348 1309
1055 3 2 1 1 1309 1348 1349 1310
1056 3 2 1 1 1310 1349 1350 1311
1057 3 2 1 1 1311 1350 1351 1312
1058 3 2 1 1 1312 1351 1352 1313
1059 3 2 1 1 1313 1352 1353 1314
1060 3 2 1 1 1314 1353 1354 1315
1061 3 2 1 1 1315 1354 1355 1316
1062 3 2 1 1 1316 1355 1356 1317
1063 3 2 1 1 1317 1356 1357 1318
1064 3 2 1 1 1318 1357 1358 1319
1065 3 2 1 1 1319 1358 1359 1320
1066 3 2 1 1 1320 1359 1360 1321
1067 3 2 1 1 1321 1360 1361 1322
1068 3 2 1 1 1322 1361 1362 1323
1069 3 2 1 1 1323 1362 1363 1324
1070 3 2 1 1 1324 1363 1364 1325
1071 3 2 1 1 1325 1364 1365 1326
1072 3 2 1 1 1326 1365 1366 1327
1073 3 2 1 1 1327 1366 1367 1328
1074 3 2 1 1 1328 1367 1368 1329
1075 3 2 1 1 1329 1368 1369 1330
1076 3 2 1 1 1330 1369 1370 1331
1077 3 2 1 1 1331 1370 1371 1332
1078 3 2 1 1 1332 1371 1372 1333
1079 3 2 1 1 1333 1372 1373 1334
1080 3 2 1 1 1334 1373 99 100
1081 3 2 1 1 35 36 1374 1335
1082 3 2 1 1 1335 1374 1375 1336
1083 3 2 1 1 1336 1375 1376 1337
1084 3 2 1 1 1337 1376 1377 1338
1085 3 2 1 1 1338 1377 1378 1339
1086 3 2 1 1 1339 1378 1379 1340
1087 3 2 1 1 1340 1379 1380 1341
1088 3 2 1 1 1341 1380 1381 1342
1089 3 2 1 1 1342 1381 1382 1343
1090 3 2 1 1 1343 1382 1383 1344
1091 3 2 1 1 1344 1383 1384 1345
1092 3 2 1 1 1345 1384 1385 1346
1093 3 2 1 1 1346 1385 1386 1347
1094 3 2 1 1 1347 1386 1387 1348
1095 3 2 1 1 1348 1387 1388 1349
1096 3 2 1 1 1349 1388 1389 1350
1097 3 2 1 1 1350 1389 1390 1351
1098 3 2 1 1 1351 1390 1391 1352
1099 3 2 1 1 1352 1391 1392 1353
1100 3 2 1 1 1353 1392 1393 1354
1101 3 2 1 1 1354 1393 1394 1355
1102 3 2 1 1 1355 1394 1395 1356
1103 3 2 1 1 1356 1395 1396 1357
1104 3 2 1 1 1357 1396 1397 1358
1105 3 2 1 1 1358 1397 1398 1359
1106 3 2 1 1 1359 1398 1399 1360
1107 3 2 1 1 1360 1399 1400 1361
1108 3 2 1 1 1361 1400 1401 1362
1109 3 2 1 1 1362 1401 1402 1363
1110 3 2 1 1 1363 1402 1403 1364
1111 3 2 1 1 1364 1403 1404 1365
1112 3 2 1 1 1365 1404 1405 1366
1113 3 2 1 1 1366 1405 1406 1367
1114 3 2 1 1 1367 1406 1407 1368
1115 3 2 1 1 1368 1407 1408 1369
1116 3 2 1 1 1369 1408 1409 1370
1117 3 2 1 1 1370 1409 1410 1371
1118 3 2 1 1 1371 1410 1411 1372
1119 3 2 1 1 1372 1411 1412 1373
1120 3 2 1 1 1373 1412 98 99
1121 3 2 1 1 36 37 1413 1374
1122 3 2 1 1 1374 1413 1414 1375
1123 3 2 1 1 1375 1414 1415 1376
1124 3 2 1 1 1376 1415 1416 1377
1125 3 2 1 1 1377 1416 1417 1378
1126 3 2 1 1 1378 1417 1418 1379
1127 3 2 1 1 1379 1418 1419 1380
1128 3 2 1 1 1380 1419 1420 1381
1129 3 2 1 1 1381 1420 1421 1382
1130 3 2 1 1 1382 1421 1422 1383
1131 3 2 1 1 1383 1422 1423 1384
1132 3 2 1 1 1384 1423 1424 1385
1133 3 2 1 1 1385 1424 1425 1386
1134 3 2 1 1 1386 1425 1426 1387
1135 3 2 1 1 1387 1426 1427 1388
1136 3 2 1 1 1388 1427 1428 1389
1137 3 2 1 1 1389 1428 1429 1390
1138 3 2 1 1 1390 1429 1430 1391
1139 3 2 1 1 1391 1430 1431 1392
1140 3 2 1 1 1392 1431 1432 1393
1141 3 2 1 1 1393 1432 1433 1394
1142 3 2 1 1 1394 1433 1434 1395
1143 3 2 1 1 1395 1434 1435 1396
1144 3 2 1 1 1396 1435 1436 1397
1145 3 2 1 1 1397 1436 1437 1398
1146 3 2 1 1 1398 1437 1438 1399
1147 3 2 1 1 1399 1438 1439 1400
1148 3 2 1 1 1400 1439 1440 1401
1149 3 2 1 1 1401 1440 1441 1402
1150 3 2 1 1 1402 1441 1442 1403
1151 3 2 1 1 1403 1442 1443 1404
1152 3 2 1 1 1404 1443 1444 1405
1153 3 2 1 1 1405 1444 1445 1406
1154 3 2 1 1 1406 1445 1446 1407
1155 3 2 1 1 1407 1446 1447 1408
1156 3 2 1 1 1408 1447 1448 1409
1157 3 2 1 1 1409 1448 1449 1410
1158 3 2 1 1 1410 1449 1450 1411
1159 3 2 1 1 1411 1450 1451 1412
1160 3 2 1 1 1412 1451 97 98
1161 3 2 1 1 37 38 1452 1413
1162 3 2 1 1 1413 1452 1453 1414
1163 3 2 1 1 1414 1453 1454 1415
1164 3 2 1 1 1415 1454 1455 1416
1165 3 2 1 1 1416 1455 1456 1417
1166 3 2 1 1 1417 1456 1457 1418
1167 3 2 1 1 1418 1457 1458 1419
1168 3 2 1 1 1419 1458 1459 1420
1169 3 2 1 1 1420 1459 1460 1421
1170 3 2 1 1 1421 1460 1461 1422
1171 3 2 1 1 1422 1461 1462 1423
1172 3 2 1 1 1423 1462 1463 1424
1173 3 2 1 1 1424 1463 1464 1425
1174 3 2 1 1 1425 1464 1465 1426
1175 3 2 1 1 1426 1465 1466 1427
1176 3 2 1 1 1427 1466 1467 1428
1177 3 2 1 1 1428 1467 1468 1429
1178 3 2 1 1 1429 1468 1469 1430
1179 3 2 1 1 1430 1469 1470 1431
1180 3 2 1 1 1431 1470 1471 1432
1181 3 2 1 1 1432 1471 1472 1433
1182 3 2 1 1 1433 1472 1473 1434
1183 3 2 1 1 1434 1473 1474 1435
1184 3 2 1 1 1435 1474 1475 1436
1185 3 2 1 1 1436 1475 1476 1437
1186 3 2 1 1 1437 1476 1477 1438
1187 3 2 1 1 1438 1477 1478 1439
1188 3 2 1 1 1439 1478 1479 1440
1189 3 2 1 1 1440 1479 1480 1441
1190 3 2 1 1 1441 1480 1481 1442
1191 3 2 1 1 1442 1481 1482 1443
1192 3 2 1 1 1443 1482 1483 1444
1193 3 2 1 1 1444 1483 1484 1445
1194 3 2 1 1 1445 1484 1485 1446
1195 3 2 1 1 1446 1485 1486 1447
1196 3 2 1 1 1447 1486 1487 1448
1197 3 2 1 1 1448 1487 1488 1449
1198 3 2 1 1 1449 1488 1489 1450
1199 3 2 1 1 1450 1489 1490 1451
1200 3 2 1 1 1451 1490 96 97
1201 3 2 1 1 38 39 1491 1452
1202 3 2 1 1 1452 1491 1492 1453
1203 3 2 1 1 1453 1492 1493 1454
1204 3 2 1 1 1454 1493 1494 1455
1205 3 2 1 1 1455 1494 1495 1456
1206 3 2 1 1 1456 1495 1496 1457
1207 3 2 1 1 1457 1496 1497 1458
1208 3 2 1 1 1458 1497 1498 1459
1209 3 2 1 1 1459 1498 1499 1460
1210 3 2 1 1 1460 1499 1500 1461
1211 3 2 1 1 1461 1500 1501 1462
1212 3 2 1 1 1462 1501 1502 1463
1213 3 2 1 1 1463 1502 1503 1464
1214 3 2 1 1 1464 1503 1504 1465
1215 3 2 1 1 1465 1504 1505 1466
1216 3 2 1 1 1466 1505 1506 1467
1217 3 2 1 1 1467 1506 1507 1468
1218 3 2 1 1 1468 1507 1508 1469
1219 3 2 1 1 1469 1508 1509 1470
1220 3 2 1 1 1470 1509 1510 1471
1221 3 2 1 1 1471 1510 1511 1472
1222 3 2 1 1 1472 1511 1512 1473
1223 3 2 1 1 1473 1512 1513 1474
1224 3 2 1 1 1474 1513 1514 1475
1225 3 2 1 1 1475 1514 1515 1476
1226 3 2 1 1 1476 1515 1516 1477
1227 3 2 1 1 1477 1516 1517 1478
1228 3 2 1 1 1478 1517 1518 1479
1229 3 2 1 1 1479 1518 1519 1480
1230 3 2 1 1 1480 1519 1520 1481
1231 3 2 1 1 1481 1520 1521 1482
1232 3 2 1 1 1482 1521 1522 1483
1233 3 2 1 1 1483 1522 1523 1484
1234 3 2 1 1 1484 1523 1524 1485
1235 3 2 1 1 1485 1524 1525 1486
1236 3 2 1 1 1486 1525 1526 1487
1237 3 2 1 1 1487 1526 1527 1488
1238 3 2 1 1 1488 1527 1528 1489
1239 3 2 1 1 1489 1528 1529 1490
1240 3 2 1 1 1490 1529 95 96
1241 3 2 1 1 39 40 1530 1491
1242 3 2 1 1 1491 1530 1531 1492
1243 3 2 1 1 1492 1531 1532 1493
1244 3 2 1 1 1493 1532 1533 1494
1245 3 2 1 1 1494 1533 1534 1495
1246 3 2 1 1 1495 1534 1535 1496
1247 3 2 1 1 1496 1535 1536 1497
1248 3 2 1 1 1497 1536 1537 1498
1249 3 2 1 1 1498 1537 1538 1499
1250 3 2 1 1 1499 1538 1539 1500
1251 3 2 1 1 1500 1539 1540 1501
1252 3 2 1 1 1501 1540 1541 1502
1253 3 2 1 1 1502 1541 1542 1503
1254 3 2 1 1 1503 1542 1543 1504
1255 3 2 1 1 1504 1543 1544 1505
1256 3 2 1 1 1505 1544 1545 1506
1257 3 2 1 1 1506 1545 1546 1507
1258 3 2 1 1 1507 1546 1547 1508
1259 3 2 1 1 1508 1547 1548 1509
1260 3 2 1 1 1509 1548 1549 1510
1261 3 2 1 1 1510 1549 1550 1511
1262 3 2 1 1 1511 1550 1551 1512
1263 3 2 1 1 1512 1551 1552 1513
1264 3 2 1 1 1513 1552 1553 1514
1265 3 2 1 1 1514 1553 1554 1515
1266 3 2 1 1 1515 1554 1555 1516
1267 3 2 1 1 1516 1555 1556 1517
1268 3 2 1 1 1517 1556 1557 1518
1269 3 2 1 1 1518 1557 1558 1519
1270 3 2 1 1 1519 1558 1559 1520
1271 3 2 1 1 1520 1559 1560 1521
1272 3 2 1 1 1521 1560 1561 1522
1273 3 2 1 1 1522 1561 1562 1523
1274 3 2 1 1 1523 1562 1563 1524
1275 3 2 1 1 1524 1563 1564 1525
1276 3 2 1 1 1525 1564 1565 1526
1277 3 2 1 1 1526 1565 1566 1527
1278 3 2 1 1 1527 1566 1567 1528
1279 3 2 1 1 1528 1567 1568 1529
1280 3 2 1 1 1529 1568 94 95
1281 3 2 1 1 40 41 1569 1530
1282 3 2 1 1 1530 1569 1570 1531
1283 3 2 1 1 1531 1570 1571 1532
1284 3 2 1 1 1532 1571 1572 1533
1285 3 2 1 1 1533 1572 1573 1534
1286 3 2 1 1 1534 1573 1574 1535
1287 3 2 1 1 1535 1574 1575 1536
1288 3 2 1 1 1536 1575 1576 1537
1289 3 2 1 1 1537 1576 1577 1538
1290 3 2 1 1 1538 1577 1578 1539
1291 3 2 1 1 1539 1578 1579 1540
1292 3 2 1 1 1540 1579 1580 1541
1293 3 2 1 1 1541 1580 1581 1542
1294 3 2 1 1 1542 1581 1582 1543
1295 3 2 1 1 1543 1582 1583 1544
1296 3 2 1 1 1544 1583 1584 1545
1297 3 2 1 1 1545 1584 1585 1546
1298 3 2 1 1 1546 1585 1586 1547
1299 3 2 1 1 1547 1586 1587 1548
1300 3 2 1 1 1548 1587 1588 1549
1301 3 2 1 1 1549 1588 1589 1550
1302 3 2 1 1 1550 1589 1590 1551
1303 3 2 1 1 1551 1590 1591 1552
1304 3 2 1 1 1552 1591 1592 1553
1305 3 2 1 1 1553 1592 1593 1554
1306 3 2 1 1 1554 1593 1594 1555
1307 3 2 1 1 1555 1594 1595 1556
1308 3 2 1 1 1556 1595 1596 1557
1309 3 2 1 1 1557 1596 1597 1558
1310 3 2 1 1 1558 1597 1598 1559
1311 3 2 1 1 1559 1598 1599 1560
1312 3 2 1 1 1560 1599 1600 1561
1313 3 2 1 1 1561 1600 1601 1562
1314 3 2 1 1 1562 1601 1602 1563
1315 3 2 1 1 1563 1602 1603 1564
1316 3 2 1 1 1564 1603 1604 1565
1317 3 2 1 1 1565 1604 1605 1566
1318 3 2 1 1 1566 1605 1606 1567
1319 3 2 1 1 1567 1606 1607 1568
1320 3 2 1 1 1568 1607 93 94
1321 3 2 1 1 41 42 1608 1569
1322 3 2 1 1 1569 1608 1609 1570
1323 3 2 1 1 1570 1609 1610 1571
1324 3 2 1 1 1571 1610 1611 1572
1325 3 2 1 1 1572 1611 1612 1573
1326 3 2 1 1 1573 1612 1613 1574
1327 3 2 1 1 1574 1613 1614 1575
1328 3 2 1 1 1575 1614 1615 1576
1329 3 2 1 1 1576 1615 1616 1577
1330 3 2 1 1 1577 1616 1617 1578
1331 3 2 1 1 1578 1617 1618 1579
1332 3 2 1 1 1579 1618 1619 1580
1333 3 2 1 1 1580 1619 1620 1581
1334 3 2 1 1 1581 1620 1621 1582
1335 3 2 1 1 1582 1621 1622 1583
1336 3 2 1 1 1583 1622 1623 1584
1337 3 2 1 1 1584 1623 1624 1585
1338 3 2 1 1 1585 1624 1625 1586
1339 3 2 1 1 1586 1625 1626 1587
1340 3 2 1 1 1587 1626 1627 1588
1341 3 2 1 1 1588 1627 1628 1589
1342 3 2 1 1 1589 1628 1629 1590
1343 3 2 1 1 1590 1629 1630 1591
1344 3 2 1 1 1591 1630 1631 1592
1345 3 2 1 1 1592 1631 1632 1593
1346 3 2 1 1 1593 1632 1633 1594
1347 3 2 1 1 1594 1633 1634 1595
1348 3 2 1 1 1595 1634 1635 1596
1349 3 2 1 1 1596 1635 1636 1597
1350 3 2 1 1 1597 1636 1637 1598
1351 3 2 1 1 1598 1637 1638 1599
1352 3 2 1 1 1599 1638 1639 1600
1353 3 2 1 1 1600 1639 1640 1601
1354 3 2 1 1 1601 1640 1641 1602
1355 3 2 1 1 1602 1641 1642 1603
1356 3 2 1 1 1603 1642 1643 1604
1357 3 2 1 1 1604 1643 1644 1605
1358 3 2 1 1 1605 1644 1645 1606
1359 3 2 1 1 1606 1645 1646 1607
1360 3 2 1 1 1607 1646 92 93
1361 3 2 1 1 42 43 1647 1608
1362 3 2 1 1 1608 1647 1648 1609
1363 3 2 1 1 1609 1648 1649 1610
1364 3 2 1 1 1610 1649 1650 1611
1365 3 2 1 1 1611 1650 1651 1612
1366 3 2 1 1 1612 1651 1652 1613
1367 3 2 1 1 1613 1652 1653 1614
1368 3 2 1 1 1614 1653 1654 1615
1369 3 2 1 1 1615 1654 1655 1616
1370 3 2 1 1 1616 1655 1656 1617
1371 3 2 1 1 1617 1656 1657 1618
1372 3 2 1 1 1618 1657 1658 1619
1373 3 2 1 1 1619 1658 1659 1620
1374 3 2 1 1 1620 1659 1660 1621
1375 3 2 1 1 1621 1660 1661 1622
1376 3 2 1 1 1622 1661 1662 1623
1377 3 2 1 1 1623 1662 1663 1624
1378 3 2 1 1 1624 1663 1664 1625
1379 3 2 1 1 1625 1664 1665 1626
1380 3 2 1 1 1626 1665 1666 1627
1381 3 2 1 1 1627 1666 1667 1628
1382 3 2 1 1 1628 1667 1668 1629
1383 3 2 1 1 1629 1668 1669 1630
1384 3 2 1 1 1630 1669 1670 1631
1385 3 2 1 1 1631 1670 1671 1632
1386 3 2 1 1 1632 1671 1672 1633
1387 3 2 1 1 1633 1672 1673 1634
1388 3 2 1 1 1634 1673 1674 1635
1389 3 2 1 1 1635 1674 1675 1636
1390 3 2 1 1 1636 1675 1676 1637
1391 3 2 1 1 1637 1676 1677 1638
1392 3 2 1 1 1638 1677 1678 1639
1393 3 2 1 1 1639 1678 1679 1640
1394 3 2 1 1 1640 1679 1680 1641
1395 3 2 1 1 1641 1680 1681 1642
1396 3 2 1 1 1642 1681 1682 1643
1397 3 2 1 1 1643 1682 1683 1644
1398 3 2 1 1 1644 1683 1684 1645
1399 3 2 1 1 1645 1684 1685 1646
1400 3 2 1 1 1646 1685 91 92
1401 3 2 1 1 43 44 1686 1647
1402 3 2 1 1 1647 1686 1687 1648
1403 3 2 1 1 1648 1687 1688 1649
1404 3 2 1 1 1649 1688 1689 1650
1405 3 2 1 1 1650 1689 1690 1651
1406 3 2 1 1 1651 1690 1691 1652
1407 3 2 1 1 1652 1691 1692 1653
1408 3 2 1 1 1653 1692 1693 1654
1409 3 2 1 1 1654 1693 1694 1655
1410 3 2 1 1 1655 1694 1695 1656
1411 3 2 1 1 1656 1695 1696 1657
1412 3 2 1 1 1657 1696 1697 1658
1413 3 2 1 1 1658 1697 1698 1659
1414 3 2 1 1 1659 1698 1699 1660
1415 3 2 1 1 1660 1699 1700 1661
1416 3 2 1 1 1661 1700 1701 1662
1417 3 2 1 1 1662 1701 1702 1663
1418 3 2 1 1 1663 1702 1703 1664
1419 3 2 1 1 1664 1703 1704 1665
1420 3 2 1 1 1665 1704 1705 1666
1421 3 2 1 1 1666 1705 1706 1667
1422 3 2 1 1 1667 1706 1707 1668
1423 3 2 1 1 1668 1707 1708 1669
1424 3 2 1 1 1669 1708 1709 1670
1425 3 2 1 1 1670 1709 1710 1671
1426 3 2 1 1 1671 1710 1711 1672
1427 3 2 1 1 1672 1711 1712 1673
1428 3 2 1 1 1673 1712 1713 1674
1429 3 2 1 1 1674 1713 1714 1675
1430 3 2 1 1 1675 1714 1715 1676
1431 3 2 1 1 1676 1715 1716 1677
1432 3 2 1 1 1677 1716 1717 1678
1433 3 2 1 1 1678 1717 1718 1679
1434 3 2 1 1 1679 1718 1719 1680
1435 3 2 1 1 1680 1719 1720 1681
1436 3 2 1 1 1681 1720 1721 1682
1437 3 2 1 1 1682 1721 1722 1683
1438 3 2 1 1 1683 1722 1723 1684
1439 3 2 1 1 1684 1723 1724 1685
1440 3 2 1 1 1685 1724 90 91
1441 3 2 1 1 44 45 1725 1686
1442 3 2 1 1 1686 1725 1726 1687
1443 3 2 1 1 1687 1726 1727 1688
1444 3 2 1 1 1688 1727 1728 1689
1445 3 2 1 1 1689 1728 1729 1690
1446 3 2 1 1 1690 1729 1730 1691
1447 3 2 1 1 1691 1730 1731 1692
1448 3 2 1 1 1692 1731 1732 1693
1449 3 2 1 1 1693 1732 1733 1694
1450 3 2 1 1 1694 1733 1734 1695
1451 3 2 1 1 1695 1734 1735 1696
1452 3 2 1 1 1696 1735 1736 1697
1453 3 2 1 1 1697 1736 1737 1698
1454 3 2 1 1 1698 1737 1738 1699
1455 3 2 1 1 1699 1738 1739 1700
1456 3 2 1 1 1700 1739 1740 1701
1457 3 2 1 1 1701 1740 1741 1702
1458 3 2 1 1 1702 1741 1742 1703
1459 3 2 1 1 1703 1742 1743 1704
1460 3 2 1 1 1704 1743 1744 1705
1461 3 2 1 1 1705 1744 1745 1706
1462 3 2 1 1 1706 1745 1746 1707
1463 3 2 1 1 1707 1746 1747 1708
1464 3 2 1 1 1708 1747 1748 1709
1465 3 2 1 1 1709 1748 1749 1710
1466 3 2 1 1 1710 1749 1750 1711
1467 3 2 1 1 1711 1750 1751 1712
1468 3 2 1 1 1712 1751 1752 1713
1469 3 2 1 1 1713 1752 1753 1714
1470 3 2 1 1 1714 1753 1754 1715
1471 3 2 1 1 1715 1754 1755 1716
1472 3 2 1 1 1716 1755 1756 1717
1473 3 2 1 1 1717 1756 1757 1718
1474 3 2 1 1 1718 1757 1758 1719
1475 3 2 1 1 1719 1758 1759 1720
1476 3 2 1 1 1720 1759 1760 1721
1477 3 2 1 1 1721 1760 1761 1722
1478 3 2 1 1 1722 1761 1762 1723
1479 3 2 1 1 1723 1762 1763 1724
1480 3 2 1 1 1724 1763 89 90
1481 3 2 1 1 45 46 1764 1725
1482 3 2 1 1 1725 1764 1765 1726
1483 3 2 1 1 1726 1765 1766 1727
1484 3 2 1 1 1727 1766 1767 1728
1485 3 2 1 1 1728 1767 1768 1729
1486 3 2 1 1 1729 1768 1769 1730
1487 3 2 1 1 1730 1769 1770 1731
1488 3 2 1 1 1731 1770 1771 1732
1489 3 2 1 1 1732 1771 1772 1733
1490 3 2 1 1 1733 1772 1773 1734
1491 3 2 1 1 1734 1773 1774 1735
1492 3 2 1 1 1735 1774 1775 1736
1493 3 2 1 1 1736 1775 1776 1737
1494 3 2 1 1 1737 1776 1777 1738
1495 3 2 1 1 1738 1777 1778 1739
1496 3 2 1 1 1739 1778 1779 1740
1497 3 2 1 1 1740 1779 1780 1741
1498 3 2 1 1 1741 1780 1781 1742
1499 3 2 1 1 1742 1781 1782 1743
1500 3 2 1 1 1743 1782 1783 1744
1501 3 2 1 1 1744 1783 1784 1745
1502 3 2 1 1 1745 1784 1785 1746
1503 3 2 1 1 1746 1785 1786 1747
1504 3 2 1 1 1747 1786 1787 1748
1505 3 2 1 1 1748 1787 1788 1749
1506 3 2 1 1 1749 1788 1789 1750
1507 3 2 1 1 1750 1789 1790 1751
1508 3 2 1 1 1751 1790 1791 1752
1509 3 2 1 1 1752 1791 1792 1753
1510 3 2 1 1 1753 1792 1793 1754
1511 3 2 1 1 1754 1793 1794 1755
1512 3 2 1 1 1755 1794 1795 1756
1513 3 2 1 1 1756 1795 1796 1757
1514 3 2 1 1 1757 1796 1797 1758
1515 3 2 1 1 1758 1797 1798 1759
1516 3 2 1 1 1759 1798 1799 1760
1517 3 2 1 1 1760 1799 1800 1761
1518 3 2 1 1 1761 1800 1801 1762
1519 3 2 1 1 1762 1801 1802 1763
1520 3 2 1 1 1763 1802 88 89
1521 3 2 1 1 46 47 1803 1764
1522 3 2 1 1 1764 1803 1804 1765
1523 3 2 1 1 1765 1804 1805 1766
1524 3 2 1 1 1766 1805 1806 1767
1525 3 2 1 1 1767 1806 1807 1768
1526 3 2 1 1 1768 1807 1808 1769
1527 3 2 1 1 1769 1808 1809 1770
1528 3 2 1 1 1770 1809 1810 1771
1529 3 2 1 1 1771 1810 1811 1772
1530 3 2 1 1 1772 1811 1812 1773
1531 3 2 1 1 1773 1812 1813 1774
1532 3 2 1 1 1774 1813 1814 1775
1533 3 2 1 1 1775 1814 1815 1776
1534 3 2 1 1 1776 1815 1816 1777
1535 3 2 1 1 1777 1816 1817 1778
1536 3 2 1 1 1778 1817 1818 1779
1537 3 2 1 1 1779 1818 1819 1780
1538 3 2 1 1 1780 1819 1820 1781
1539 3 2 1 1 1781 1820 1821 1782
1540 3 2 1 1 1782 1821 1822 1783
1541 3 2 1 1 1783 1822 1823 1784
1542 3 2 1 1 1784 1823 1824 1785
1543 3 2 1 1 1785 1824 1825 1786
1544 3 2 1 1 1786 1825 1826 1787
1545 3 2 1 1 1787 1826 1827 1788
1546 3 2 1 1 1788 1827 1828 1789
1547 3 2 1 1 1789 1828 1829 1790
1548 3 2 1 1 1790 1829 1830 1791
1549 3 2 1 1 1791 1830 1831 1792
1550 3 2 1 1 1792 1831 1832 1793
1551 3 2 1 1 1793 1832 1833 1794
1552 3 2 1 1 1794 1833 1834 1795
1553 3 2 1 1 1795 1834 1835 1796
1554 3 2 1 1 1796 1835 1836 1797
1555 3 2 1 1 1797 1836 1837 1798
1556 3 2 1 1 1798 1837 1838 1799
1557 3 2 1 1 1799 1838 1839 1800
1558 3 2 1 1 1800 1839 1840 1801
1559 3 2 1 1 1801 1840 1841 1802
1560 3 2 1 1 1802 1841 87 88
1561 3 2 1 1 47 2 48 1803
1562 3 2 1 1 1803 48 49 1804
1563 3 2 1 1 1804 49 50 1805
1564 3 2 1 1 1805 50 51 1806
1565 3 2 1 1 1806 51 52 1807
1566 3 2 1 1 1807 52 53 1808
1567 3 2 1 1 1808 53 54 1809
1568 3 2 1 1 1809 54 55 1810
1569 3 2 1 1 1810 55 56 1811
1570 3 2 1 1 1811 56 57 1812
1571 3 2 1 1 1812 57 58 1813
1572 3 2 1 1 1813 58 59 1814
1573 3 2 1 1 1814 59 60 1815
1574 3 2 1 1 1815 60 61 1816
1575 3 2 1 1 1816 61 62 1817
1576 3 2 1 1 1817 62 63 1818
1577 3 2 1 1 1818 63 64 1819
1578 3 2 1 1 1819 64 65 1820
1579 3 2 1 1 1820 65 66 1821
1580 3 2 1 1 1821 66 67 1822
1581 3 2 1 1 1822 67 68 1823
1582 3 2 1 1 1823 68 69 1824
1583 3 2 1 1 1824 69 70 1825
1584 3 2 1 1 1825 70 71 1826
1585 3 2 1 1 1826 71 72 1827
1586 3 2 1 1 1827 72 73 1828
1587 3 2 1 1 1828 73 74 1829
1588 3 2 1 1 1829 74 75 1830
1589 3 2 1 1 1830 75 76 1831
1590 3 2 1 1 1831 76 77 1832
1591 3 2 1 1 1832 77 78 1833
1592 3 2 1 1 1833 78 79 1834
1593 3 2 1 1 1834 79 80 1835
1594 3 2 1 1 1835 80 81 1836
1595 3 2 1 1 1836 81 82 1837
1596 3 2 1 1 1837 82 83 1838
1597 3 2 1 1 1838 83 84 1839
1598 3 2 1 1 1839 84 85 1840
1599 3 2 1 1 1840 85 86 1841
1600 3 2 1 1 1841 86 3 87
1601 3 2 2 13 1 9 165 5
1602 3 2 2 13 9 10 166 165
1603 3 2 2 13 10 11 167 166
1604 3 2 2 13 11 12 168 167
1605 3 2 2 13 12 13 169 168
1606 3 2 2 13 13 14 170 169
1607 3 2 2 13 14 15 171 170
1608 3 2 2 13 15 16 172 171
1609 3 2 2 13 16 17 173 172
1610 3 2 2 13 17 18 174 173
1611 3 2 2 13 18 19 175 174
1612 3 2 2 13 19 20 176 175
1613 3 2 2 13 20 21 177 176
1614 3 2 2 13 21 22 178 177
1615 3 2 2 13 22 23 179 178
1616 3 2 2 13 23 24 180 179
1617 3 2 2 13 24 25 181 180
1618 3 2 2 13 25 26 182 181
1619 3 2 2 13 26 27 183 182
1620 3 2 2 13 27 28 184 183
1621 3 2 2 13 28 29 185 184
1622 3 2 2 13 29 30 186 185
1623 3 2 2 13 30 31 187 186
1624 3 2 2 13 31 32 188 187
1625 3 2 2 13 32 33 189 188
1626 3 2 2 13 33 34 190 189
1627 3 2 2 13 34 35 191 190
1628 3 2 2 13 35 36 192 191
1629 3 2 2 13 36 37 193 192
1630 3 2 2 13 37 38 194 193
1631 3 2 2 13 38 39 195 194
1632 3 2 2 13 39 40 196 195
1633 3 2 2 13 40 41 197 196
1634 3 2 2 13 41 42 198 197
1635 3 2 2 13 42 43 199 198
1636 3 2 2 13 43 44 200 199
1637 3 2 2 13 44 45 201 200
1638 3 2 2 13 45 46 202 201
1639 3 2 2 13 46 47 203 202
1640 3 2 2 13 47 2 6 203
1641 3 2 2 17 2 48 204 6
1642 3 2 2 17 48 49 205 204
1643 3 2 2 17 49 50 206 205
1644 3 2 2 17 50 51 207 206
1645 3 2 2 17 51 52 208 207
1646 3 2 2 17 52 53 209 208
1647 3 2 2 17 53 54 210 209
1648 3 2 2 17 54 55 211 210
1649 3 2 2 17 55 56 212 211
1650 3 2 2 17 56 57 213 212
1651 3 2 2 17 57 58 214 213
1652 3 2 2 17 58 59 215 214
1653 3 2 2 17 59 60 216 215
1654 3 2 2 17 60 61 217 216
1655 3 2 2 17 61 62 218 217
1656 3 2 2 17 62 63 219 218
1657 3 2 2 17 63 64 220 219
1658 3 2 2 17 64 65 221 220
1659 3 2 2 17 65 66 222 221
1660 3 2 2 17 66 67 223 222
1661 3 2 2 17 67 68 224 223
1662 3 2 2 17 68 69 225 224
1663 3 2 2 17 69 70 226 225
1664 3 2 2 17 70 71 227 226
1665 3 2 2 17 71 72 228 227
1666 3 2 2 17 72 73 229 228
1667 3 2 2 17 73 74 230 229
1668 3 2 2 17 74 75 231 230
1669 3 2 2 17 75 76 232 231
1670 3 2 2 17 76 77 233 232
1671 3 2 2 17 77 78 234 233
1672 3 2 2 17 78 79 235 234
1673 3 2 2 17 79 80 236 235
1674 3 2 2 17 80 81 237 236
1675 3 2 2 17 81 82 238 237
1676 3 2 2 17 82 83 239 238
1677 3 2 2 17 83 84 240 239
1678 3 2 2 17 84 85 241 240
1679 3 2 2 17 85 86 242 241
1680 3 2 2 17 86 3 7 242
1681 3 2 3 21 3 87 243 7
1682 3 2 3 21 87 88 244 243
1683 3 2 3 21 88 89 245 244
1684 3 2 3 21 89 90 246 245
1685 3 2 3 21 90 91 247 246
1686 3 2 3 21 91 92 248 247
1687 3 2 3 21 92 93 249 248
1688 3 2 3 21 93 94 250 249
1689 3 2 3 21 94 95 251 250
1690 3 2 3 21 95 96 252 251
1691 3 2 3 21 96 97 253 252
1692 3 2 3 21 97 98 254 253
1693 3 2 3 21 98 99 255 254
1694 3 2 3 21 99 100 256 255
1695 3 2 3 21 100 101 257 256
1696 3 2 3 21 101 102 258 257
1697 3 2 3 21 102 103 259 258
1698 3 2 3 21 103 104 260 259
1699 3 2 3 21 104 105 261 260
1700 3 2 3 21 105 106 262 261
1701 3 2 3 21 106 107 263 262
1702 3 2 3 21 107 108 264 263
1703 3 2 3 21 108 109 265 264
1704 3 2 3 21 109 110 266 265
1705 3 2 3 21 110 111 267 266
1706 3 2 3 21 111 112 268 267
1707 3 2 3 21 112 113 269 268
1708 3 2 3 21 113 114 270 269
1709 3 2 3 21 114 115 271 270
1710 3 2 3 21 115 116 272 271
1711 3 2 3 21 116 117 273 272
1712 3 2 3 21 117 118 274 273
1713 3 2 3 21 118 119 275 274
1714 3 2 3 21 119 120 276 275
1715 3 2 3 21 120 121 277 276
1716 3 2 3 21 121 122 278 277
1717 3 2 3 21 122 123 279 278
1718 3 2 3 21 123 124 280 279
1719 3 2 3 21 124 125 281 280
1720 3 2 3 21 125 4 8 281
1721 3 2 2 25 4 126 282 8
1722 3 2 2 25 126 127 283 282
1723 3 2 2 25 127 128 284 283
1724 3 2 2 25 128 129 285 284
1725 3 2 2 25 129 130 286 285
1726 3 2 2 25 130 131 287 286
1727 3 2 2 25 131 132 288 287
1728 3 2 2 25 132 133 289 288
1729 3 2 2 25 133 134 290 289
1730 3 2 2 25 134 135 291 290
1731 3 2 2 25 135 136 292 291
1732 3 2 2 25 136 137 293 292
1733 3 2 2 25 137 138 294 293
1734 3 2 2 25 138 139 295 294
1735 3 2 2 25 139 140 296 295
1736 3 2 2 25 140 141 297 296
1737 3 2 2 25 141 142 298 297
1738 3 2 2 25 142 143 299 298
1739 3 2 2 25 143 144 300 299
1740 3 2 2 25 144 145 301 300
1741 3 2 2 25 145 146 302 301
1742 3 2 2 25 146 147 303 302
1743 3 2 2 25 147 148 304 303
1744 3 2 2 25 148 149 305 304
1745 3 2 2 25 149 150 306 305
1746 3 2 2 25 150 151 307 306
1747 3 2 2 25 151 152 308 307
1748 3 2 2 25 152 153 309 308
1749 3 2 2 25 153 154 310 309
1750 3 2 2 25 154 155 311 310
1751 3 2 2 25 155 156 312 311
1752 3 2 2 25 156 157 313 312
1753 3 2 2 25 157 158 314 313
1754 3 2 2 25 158 159 315 314
1755 3 2 2 25 159 160 316 315
1756 3 2 2 25 160 161 317 316
1757 3 2 2 25 161 162 318 317
1758 3 2 2 25 162 163 319 318
1759 3 2 2 25 163 164 320 319
1760 3 2 2 25 164 1 5 320
1761 3 2 1 26 5 165 1842 320
1762 3 2 1 26 320 1842 1843 319
1763 3 2 1 26 319 1843 1844 318
1764 3 2 1 26 318 1844 1845 317
1765 3 2 1 26 317 1845 1846 316
1766 3 2 1 26 316 1846 1847 315
1767 3 2 1 26 315 1847 1848 314
1768 3 2 1 26 314 1848 1849 313
1769 3 2 1 26 313 1849 1850 312
1770 3 2 1 26 312 1850 1851 311
1771 3 2 1 26 311 1851 1852 310
1772 3 2 1 26 310 1852 1853 309
1773 3 2 1 26 309 1853 1854 308
1774 3 2 1 26 308 1854 1855 307
1775 3 2 1 26 307 1855 1856 306
1776 3 2 1 26 306 1856 1857 305
1777 3 2 1 26 305 1857 1858 304
1778 3 2 1 26 304 1858 1859 303
1779 3 2 1 26 303 1859 1860 302
1780 3 2 1 26 302 1860 1861 301
1781 3 2 1 26 301 1861 1862 300
1782 3 2 1 26 300 1862 1863 299
1783 3 2 1 26 299 1863 1864 298
1784 3 2 1 26 298 1864 1865 297
1785 3 2 1 26 297 1865 1866 296
1786 3 2 1 26 296 1866 1867 295
1787 3 2 1 26 295 1867 1868 294
1788 3 2 1 26 294 1868 1869 293
1789 3 2 1 26 293 1869 1870 292
1790 3 2 1 26 292 1870 1871 291
1791 3 2 1 26 291 1871 1872 290
1792 3 2 1 26 290 1872 1873 289
1793 3 2 1 26 289 1873 1874 288
1794 3 2 1 26 288 1874 1875 287
1795 3 2 1 26 287 1875 1876 286
1796 3 2 1 26 286 1876 1877 285
1797 3 2 1 26 285 1877 1878 284
1798 3 2 1 26 284 1878 1879 283
1799 3 2 1 26 283 1879 1880 282
1800 3 2 1 26 282 1880 281 8
1801 3 2 1 26 165 166 1881 1842
1802 3 2 1 26 1842 1881 1882 1843
1803 3 2 1 26 1843 1882 1883 1844
1804 3 2 1 26 1844 1883 1884 1845
1805 3 2 1 26 1845 1884 1885 1846
1806 3 2 1 26 1846 1885 1886 1847
1807 3 2 1 26 1847 1886 1887 1848
1808 3 2 1 26 1848 1887 1888 1849
1809 3 2 1 26 1849 1888 1889 1850
1810 3 2 1 26 1850 1889 1890 1851
1811 3 2 1 26 1851 1890 1891 1852
1812 3 2 1 26 1852 1891 1892 1853
1813 3 2 1 26 1853 1892 1893 1854
1814 3 2 1 26 1854 1893 1894 1855
1815 3 2 1 26 1855 1894 1895 1856
1816 3 2 1 26 1856 1895 1896 1857
1817 3 2 1 26 1857 1896 1897 1858
1818 3 2 1 26 1858 1897 1898 1859
1819 3 2 1 26 1859 1898 1899 1860
1820 3 2 1 26 1860 1899 1900 1861
1821 3 2 1 26 1861 1900 1901 1862
1822 3 2 1 26 1862 1901 1902 1863
1823 3 2 1 26 1863 1902 1903 1864
1824 3 2 1 26 1864 1903 1904 1865
1825 3 2 1 26 1865 1904 1905 1866
1826 3 2 1 26 1866 1905 1906 1867
1827 3 2 1 26 1867 1906 1907 1868
1828 3 2 1 26 1868 1907 1908 1869
1829 3 2 1 26 1869 1908 1909 1870
1830 3 2 1 26 1870 1909 1910 1871
1831 3 2 1 26 1871 1910 1911 1872
1832 3 2 1 26 1872 1911 1912 1873
1833 3 2 1 26 1873 1912 1913 1874
1834 3 2 1 26 1874 1913 1914 1875
1835 3 2 1 26 1875 1914 1915 1876
1836 3 2 1 26 1876 1915 1916 1877
1837 3 2 1 26 1877 1916 1917 1878
1838 3 2 1 26 1878 1917 1918 1879
1839 3 2 1 26 1879 1918 1919 1880
1840 3 2 1 26 1880 1919 280 281
1841 3 2 1 26 166 167 1920 1881
1842 3 2 1 26 1881 1920 1921 1882
1843 3 2 1 26 1882 1921 1922 1883
1844 3 2 1 26 1883 1922 1923 1884
1845 3 2 1 26 1884 1923 1924 1885
1846 3 2 1 26 1885 1924 1925 1886
1847 3 2 1 26 1886 1925 1926 1887
1848 3 2 1 26 1887 1926 1927 1888
1849 3 2 1 26 1888 1927 1928 1889
1850 3 2 1 26 1889 1928 1929 1890
1851 3 2 1 26 1890 1929 1930 1891
1852 3 2 1 26 1891 1930 1931 1892
1853 3 2 1 26 1892 1931 1932 1893
1854 3 2 1 26 1893 1932 1933 1894
1855 3 2 1 26 1894 1933 1934 1895
1856 3 2 1 26 1895 1934 1935 1896
1857 3 2 1 26 1896 1935 1936 1897
1858 3 2 1 26 1897 1936 1937 1898
1859 3 2 1 26 1898 1937 1938 1899
1860 3 2 1 26 1899 1938 1939 1900
1861 3 2 1 26 1900 1939 1940 1901
1862 3 2 1 26 1901 1940 1941 1902
1863 3 2 1 26 1902 1941 1942 1903
1864 3 2 1 26 1903 1942 1943 1904
1865 3 2 1 26 1904 1943 1944 1905
1866 3 2 1 26 1905 1944 1945 1906
1867 3 2 1 26 1906 1945 1946 1907
1868 3 2 1 26 1907 1946 1947 1908
1869 3 2 1 26 1908 1947 1948 1909
1870 3 2 1 26 1909 1948 1949 1910
1871 3 2 1 26 1910 1949 1950 1911
1872 3 2 1 26 1911 1950 1951 1912
1873 3 2 1 26 1912 1951 1952 1913
1874 3 2 1 26 1913 1952 1953 1914
1875 3 2 1 26 1914 1953 1954 1915
1876 3 2 1 26 1915 1954 1955 1916
1877 3 2 1 26 1916 1955 1956 1917
1878 3 2 1 26 1917 1956 1957 1918
1879 3 2 1 26 1918 1957 1958 1919
1880 3 2 1 26 1919 1958 279 280
1881 3 2 1 26 167 168 1959 1920
1882 3 2 1 26 1920 1959 1960 1921
1883 3 2 1 26 1921 1960 1961 1922
1884 3 2 1 26 1922 1961 1962 1923
1885 3 2 1 26 1923 1962 1963 1924
1886 3 2 1 26 1924 1963 1964 1925
1887 3 2 1 26 1925 1964 1965 1926
1888 3 2 1 26 1926 1965 1966 1927
1889 3 2 1 26 1927 1966 1967 1928
1890 3 2 1 26 1928 1967 1968 1929
1891 3 2 1 26 1929 1968 1969 1930
1892 3 2 1 26 1930 1969 1970 1931
1893 3 2 1 26 1931 1970 1971 1932
1894 3 2 1 26 1932 1971 1972 1933
1895 3 2 1 26 1933 1972 1973 1934
1896 3 2 1 26 1934 1973 1974 1935
1897 3 2 1 26 1935 1974 1975 1936
1898 3 2 1 26 1936 1975 1976 1937
1899 3 2 1 26 1937 1976 1977 1938
1900 3 2 1 26 1938 1977 1978 1939
1901 3 2 1 26 1939 1978 1979 1940
1902 3 2 1 26 1940 1979 1980 1941
1903 3 2 1 26 1941 1980 1981 1942
1904 3 2 1 26 1942 1981 1982 1943
1905 3 2 1 26 1943 1982 1983 1944
1906 3 2 1 26 1944 1983 1984 1945
1907 3 2 1 26 1945 1984 1985 1946
1908 3 2 1 26 1946 1985 1986 1947
1909 3 2 1 26 1947 1986 1987 1948
1910 3 2 1 26 1948 1987 1988 1949
1911 3 2 1 26 1949 1988 1989 1950
1912 3 2 1 26 1950 1989 1990 1951
1913 3 2 1 26 1951 1990 1991 1952
1914 3 2 1 26 1952 1991 1992 1953
1915 3 2 1 26 1953 1992 1993 1954
1916 3 2 1 26 1954 1993 1994 1955
1917 3 2 1 26 1955 1994 1995 1956
1918 3 2 1 26 1956 1995 1996 1957
1919 3 2 1 26 1957 1996 1997 1958
1920 3 2 1 26 1958 1997 278 279
1921 3 2 1 26 168 169 1998 1959
1922 3 2 1 26 1959 1998 1999 1960
1923 3 2 1 26 1960 1999 2000 1961
1924 3 2 1 26 1961 2000 2001 1962
1925 3 2 1 26 1962 2001 2002 1963
1926 3 2 1 26 1963 2002 2003 1964
1927 3 2 1 26 1964 2003 2004 1965
1928 3 2 1 26 1965 2004 2005 1966
1929 3 2 1 26 1966 2005 2006 1967
1930 3 2 1 26 1967 2006 2007 1968
1931 3 2 1 26 1968 2007 2008 1969
1932 3 2 1 26 1969 2008 2009 1970
1933 3 2 1 26 1970 2009 2010 1971
1934 3 2 1 26 1971 2010 2011 1972
1935 3 2 1 26 1972 2011 2012 1973
1936 3 2 1 26 1973 2012 2013 1974
1937 3 2 1 26 1974 2013 2014 1975
1938 3 2 1 26 1975 2014 2015 1976
1939 3 2 1 26 1976 2015 2016 1977
1940 3 2 1 26 1977 2016 2017 1978
1941 3 2 1 26 1978 2017 2018 1979
1942 3 2 1 26 1979 2018 2019 1980
1943 3 2 1 26 1980 2019 2020 1981
1944 3 2 1 26 1981 2020 2021 1982
1945 3 2 1 26 1982 2021 2022 1983
1946 3 2 1 26 1983 2022 2023 1984
1947 3 2 1 26 1984 2023 2024 1985
1948 3 2 1 26 1985 2024 2025 1986
1949 3 2 1 26 1986 2025 2026 1987
1950 3 2 1 26 1987 2026 2027 1988
1951 3 2 1 26 1988 2027 2028 1989
1952 3 2 1 26 1989 2028 2029 1990
1953 3 2 1 26 1990 2029 2030 1991
1954 3 2 1 26 1991 2030 2031 1992
1955 3 2 1 26 1992 2031 2032 1993
1956 3 2 1 26 1993 2032 2033 1994
1957 3 2 1 26 1994 2033 2034 1995
1958 3 2 1 26 1995 2034 2035 1996
1959 3 2 1 26 1996 2035 2036 1997
1960 3 2 1 26 1997 2036 277 278
1961 3 2 1 26 169 170 2037 1998
1962 3 2 1 26 1998 2037 2038 1999
1963 3 2 1 26 1999 2038 2039 2000
1964 3 2 1 26 2000 2039 2040 2001
1965 3 2 1 26 2001 2040 2041 2002
1966 3 2 1 26 2002 2041 2042 2003
1967 3 2 1 26 2003 2042 2043 2004
1968 3 2 1 26 2004 2043 2044 2005
1969 3 2 1 26 2005 2044 2045 2006
1970 3 2 1 26 2006 2045 2046 2007
1971 3 2 1 26 2007 2046 2047 2008
1972 3 2 1 26 2008 2047 2048 2009
1973 3 2 1 26 2009 2048 2049 2010
1974 3 2 1 26 2010 2049 2050 2011
1975 3 2 1 26 2011 2050 2051 2012
1976 3 2 1 26 2012 2051 2052 2013
1977 3 2 1 26 2013 2052 2053 2014
1978 3 2 1 26 2014 2053 2054 2015
1979 3 2 1 26 2015 2054 2055 2016
1980 3 2 1 26 2016 2055 2056 2017
1981 3 2 1 26 2017 2056 2057 2018
1982 3 2 1 26 2018 2057 2058 2019
1983 3 2 1 26 2019 2058 2059 2020
1984 3 2 1 26 2020 2059 2060 2021
1985 3 2 1 26 2021 2060 2061 2022
1986 3 2 1 26 2022 2061 2062 2023
1987 3 2 1 26 2023 2062 2063 2024
1988 3 2 1 26 2024 2063 2064 2025
1989 3 2 1 26 2025 2064 2065 2026
1990 3 2 1 26 2026 2065 2066 2027
1991 3 2 1 26 2027 2066 2067 2028
1992 3 2 1 26 2028 2067 2068 2029
1993 3 2 1 26 2029 2068 2069 2030
1994 3 2 1 26 2030 2069 2070 2031
1995 3 2 1 26 2031 2070 2071 2032
1996 3 2 1 26 2032 2071 2072 2033
1997 3 2 1 26 2033 2072 2073 2034
1998 3 2 1 26 2034 2073 2074 2035
1999 3 2 1 26 2035 2074 2075 2036
2000 3 2 1 26 2036 2075 276 277
2001 3 2 1 26 170 171 2076 2037
2002 3 2 1 26 2037 2076 2077 2038
2003 3 2 1 26 2038 2077 2078 2039
2004 3 2 1 26 2039 2078 2079 2040
2005 3 2 1 26 2040 2079 2080 2041
2006 3 2 1 26 2041 2080 2081 2042
2007 3 2 1 26 2042 2081 2082 2043
2008 3 2 1 26 2043 2082 2083 2044
2009 3 2 1 26 2044 2083 2084 2045
2010 3 2 1 26 2045 2084 2085 2046
2011 3 2 1 26 2046 2085 2086 2047
2012 3 2 1 26 2047 2086 2087 2048
2013 3 2 1 26 2048 2087 2088 2049
2014 3 2 1 26 2049 2088 2089 2050
2015 3 2 1 26 2050 2089 2090 2051
2016 3 2 1 26 2051 2090 2091 2052
2017 3 2 1 26 2052 2091 2092 2053
2018 3 2 1 26 2053 2092 2093 2054
2019 3 2 1 26 2054 2093 2094 2055
2020 3 2 1 26 2055 2094 2095 2056
2021 3 2 1 26 2056 2095 2096 2057
2022 3 2 1 26 2057 2096 2097 2058
2023 3 2 1 26 2058 2097 2098 2059
2024 3 2 1 26 2059 2098 2099 2060
2025 3 2 1 26 2060 2099 2100 2061
2026 3 2 1 26 2061 2100 2101 2062
2027 3 2 1 26 2062 2101 2102 2063
2028 3 2 1 26 2063 2102 2103 2064
2029 3 2 1 26 2064 2103 2104 2065
2030 3 2 1 26 2065 2104 2105 2066
2031 3 2 1 26 2066 2105 2106 2067
2032 3 2 1 26 2067 2106 2107 2068
2033 3 2 1 26 2068 2107 2108 2069
2034 3 2 1 26 2069 2108 2109 2070
2035 3 2 1 26 2070 2109 2110 2071
2036 3 2 1 26 2071 2110 2111 2072
2037 3 2 1 26 2072 2111 2112 2073
2038 3 2 1 26 2073 2112 2113 2074
2039 3 2 1 26 2074 2113 2114 2075
2040 3 2 1 26 2075 2114 275 276
2041 3 2 1 26 171 172 2115 2076
2042 3 2 1 26 2076 2115 2116 2077
2043 3 2 1 26 2077 2116 2117 2078
2044 3 2 1 26 2078 2117 2118 2079
2045 3 2 1 26 2079 2118 2119 2080
2046 3 2 1 26 2080 2119 2120 2081
2047 3 2 1 26 2081 2120 2121 2082
2048 3 2 1 26 2082 2121 2122 2083
2049 3 2 1 26 2083 2122 2123 2084
2050 3 2 1 26 2084 2123 2124 2085
2051 3 2 1 26 2085 2124 2125 2086
2052 3 2 1 26 2086 2125 2126 2087
2053 3 2 1 26 2087 2126 2127 2088
2054 3 2 1 26 2088 2127 2128 2089
2055 3 2 1 26 2089 2128 2129 2090
2056 3 2 1 26 2090 2129 2130 2091
2057 3 2 1 26 2091 2130 2131 2092
2058 3 2 1 26 2092 2131 2132 2093
2059 3 2 1 26 2093 2132 2133 2094
2060 3 2 1 26 2094 2133 2134 2095
2061 3 2 1 26 2095 2134 2135 2096
2062 3 2 1 26 2096 2135 2136 2097
2063 3 2 1 26 2097 2136 2137 2098
2064 3 2 1 26 2098 2137 2138 2099
2065 3 2 1 26 2099 2138 2139 2100
2066 3 2 1 26 2100 2139 2140 2101
2067 3 2 1 26 2101 2140 2141 2102
2068 3 2 1 26 2102 2141 2142 2103
2069 3 2 1 26 2103 2142 2143 2104
2070 3 2 1 26 2104 2143 2144 2105
2071 3 2 1 26 2105 2144 2145 2106
2072 3 2 1 26 2106 2145 2146 2107
2073 3 2 1 26 2107 2146 2147 2108
2074 3 2 1 26 2108 2147 2148 2109
2075 3 2 1 26 2109 2148 2149 2110
2076 3 2 1 26 2110 2149 2150 2111
2077 3 2 1 26 2111 2150 2151 2112
2078 3 2 1 26 2112 2151 2152 2113
2079 3 2 1 26 2113 2152 2153 2114
2080 3 2 1 26 2114 2153 274 275
2081 3 2 1 26 172 173 2154 2115
2082 3 2 1 26 2115 2154 2155 2116
2083 3 2 1 26 2116 2155 2156 2117
2084 3 2 1 26 2117 2156 2157 2118
2085 3 2 1 26 2118 2157 2158 2119
2086 3 2 1 26 2119 2158 2159 2120
2087 3 2 1 26 2120 2159 2160 2121
2088 3 2 1 26 2121 2160 2161 2122
2089 3 2 1 26 2122 2161 2162 2123
2090 3 2 1 26 2123 2162 2163 2124
2091 3 2 1 26 2124 2163 2164 2125
2092 3 2 1 26 2125 2164 2165 2126
2093 3 2 1 26 2126 2165 2166 2127
2094 3 2 1 26 2127 2166 2167 2128
2095 3 2 1 26 2128 2167 2168 2129
2096 3 2 1 26 2129 2168 2169 2130
2097 3 2 1 26 2130 2169 2170 2131
2098 3 2 1 26 2131 2170 2171 2132
2099 3 2 1 26 2132 2171 2172 2133
2100 3 2 1 26 2133 2172 2173 2134
2101 3 2 1 26 2134 2173 2174 2135
2102 3 2 1 26 2135 2174 2175 2136
2103 3 2 1 26 2136 2175 2176 2137
2104 3 2 1 26 2137 2176 2177 2138
2105 3 2 1 26 2138 2177 2178 2139
2106 3 2 1 26 2139 2178 2179 2140
2107 3 2 1 26 2140 2179 2180 2141
2108 3 2 1 26 2141 2180 2181 2142
2109 3 2 1 26 2142 2181 2182 2143
2110 3 2 1 26 2143 2182 2183 2144
2111 3 2 1 26 2144 2183 2184 2145
2112 3 2 1 26 2145 2184 2185 2146
2113 3 2 1 26 2146 2185 2186 2147
2114 3 2 1 26 2147 2186 2187 2148
2115 3 2 1 26 2148 2187 2188 2149
2116 3 2 1 26 2149 2188 2189 2150
2117 3 2 1 26 2150 2189 2190 2151
2118 3 2 1 26 2151 2190 2191 2152
2119 3 2 1 26 2152 2191 2192 2153
2120 3 2 1 26 2153 2192 273 274
2121 3 2 1 26 173 174 2193 2154
2122 3 2 1 26 2154 2193 2194 2155
2123 3 2 1 26 2155 2194 2195 2156
2124 3 2 1 26 2156 2195 2196 2157
2125 3 2 1 26 2157 2196 2197 2158
2126 3 2 1 26 2158 2197 2198 2159
2127 3 2 1 26 2159 2198 2199 2160
2128 3 2 1 26 2160 2199 2200 2161
2129 3 2 1 26 2161 2200 2201 2162
2130 3 2 1 26 2162 2201 2202 2163
2131 3 2 1 26 2163 2202 2203 2164
2132 3 2 1 26 2164 2203 2204 2165
2133 3 2 1 26 2165 2204 2205 2166
2134 3 2 1 26 2166 2205 2206 2167
2135 3 2 1 26 2167 2206 2207 2168
2136 3 2 1 26 2168 2207 2208 2169
2137 3 2 1 26 2169 2208 2209 2170
2138 3 2 1 26 2170 2209 2210 2171
2139 3 2 1 26 2171 2210 2211 2172
2140 3 2 1 26 2172 2211 2212 2173
2141 3 2 1 26 2173 2212 2213 2174
2142 3 2 1 26 2174 2213 2214 2175
2143 3 2 1 26 2175 2214 2215 2176
2144 3 2 1 26 2176 2215 2216 2177
2145 3 2 1 26 2177 2216 2217 2178
2146 3 2 1 26 2178 2217 2218 2179
2147 3 2 1 26 2179 2218 2219 2180
2148 3 2 1 26 2180 2219 2220 2181
2149 3 2 1 26 2181 2220 2221 2182
2150 3 2 1 26 2182 2221 2222 2183
2151 3 2 1 26 2183 2222 2223 2184
2152 3 2 1 26 2184 2223 2224 2185
2153 3 2 1 26 2185 2224 2225 2186
2154 3 2 1 26 2186 2225 2226 2187
2155 3 2 1 26 2187 2226 2227 2188
2156 3 2 1 26 2188 2227 2228 2189
2157 3 2 1 26 2189 2228 2229 2190
2158 3 2 1 26 2190 2229 2230 2191
2159 3 2 1 26 2191 2230 2231 2192
2160 3 2 1 26 2192 2231 272 273
2161 3 2 1 26 174 175 2232 2193
2162 3 2 1 26 2193 2232 2233 2194
2163 3 2 1 26 2194 2233 2234 2195
2164 3 2 1 26 2195 2234 2235 2196
2165 3 2 1 26 2196 2235 2236 2197
2166 3 2 1 26 2197 2236 2237 2198
2167 3 2 1 26 2198 2237 2238 2199
2168 3 2 1 26 2199 2238 2239 2200
2169 3 2 1 26 2200 2239 2240 2201
2170 3 2 1 26 2201 2240 2241 2202
2171 3 2 1 26 2202 2241 2242 2203
2172 3 2 1 26 2203 2242 2243 2204
2173 3 2 1 26 2204 2243 2244 2205
2174 3 2 1 26 2205 2244 2245 2206
2175 3 2 1 26 2206 2245 2246 2207
2176 3 2 1 26 2207 2246 2247 2208
2177 3 2 1 26 2208 2247 2248 2209
2178 3 2 1 26 2209 2248 2249 2210
2179 3 2 1 26 2210 2249 2250 2211
2180 3 2 1 26 2211 2250 2251 2212
2181 3 2 1 26 2212 2251 2252 2213
2182 3 2 1 26 2213 2252 2253 2214
2183 3 2 1 26 2214 2253 2254 2215
2184 3 2 1 26 2215 2254 2255 2216
2185 3 2 1 26 2216 2255 2256 2217
2186 3 2 1 26 2217 2256 2257 2218
2187 3 2 1 26 2218 2257 2258 2219
2188 3 2 1 26 2219 2258 2259 2220
2189 3 2 1 26 2220 2259 2260 2221
2190 3 2 1 26 2221 2260 2261 2222
2191 3 2 1 26 2222 2261 2262 2223
2192 3 2 1 26 2223 2262 2263 2224
2193 3 2 1 26 2224 2263 2264 2225
2194 3 2 1 26 2225 2264 2265 2226
2195 3 2 1 26 2226 2265 2266 2227
2196 3 2 1 26 2227 2266 2267 2228
2197 3 2 1 26 2228 2267 2268 2229
2198 3 2 1 26 2229 2268 2269 2230
2199 3 2 1 26 2230 2269 2270 2231
2200 3 2 1 26 2231 2270 271 272
2201 3 2 1 26 175 176 2271 2232
2202 3 2 1 26 2232 2271 2272 2233
2203 3 2 1 26 2233 2272 2273 2234
2204 3 2 1 26 2234 2273 2274 2235
2205 3 2 1 26 2235 2274 2275 2236
2206 3 2 1 26 2236 2275 2276 2237
2207 3 2 1 26 2237 2276 2277 2238
2208 3 2 1 26 2238 2277 2278 2239
2209 3 2 1 26 2239 2278 2279 2240
2210 3 2 1 26 2240 2279 2280 2241
2211 3 2 1 26 2241 2280 2281 2242
2212 3 2 1 26 2242 2281 2282 2243
2213 3 2 1 26 2243 2282 2283 2244
2214 3 2 1 26 2244 2283 2284 2245
2215 3 2 1 26 2245 2284 2285 2246
2216 3 2 1 26 2246 2285 2286 2247
2217 3 2 1 26 2247 2286 2287 2248
2218 3 2 1 26 2248 2287 2288 2249
2219 3 2 1 26 2249 2288 2289 2250
2220 3 2 1 26 2250 2289 2290 2251
2221 3 2 1 26 2251 2290 2291 2252
2222 3 2 1 26 2252 2291 2292 2253
2223 3 2 1 26 2253 2292 2293 2254
2224 3 2 1 26 2254 2293 2294 2255
2225 3 2 1 26 2255 2294 2295 2256
2226 3 2 1 26 2256 2295 2296 2257
2227 3 2 1 26 2257 2296 2297 2258
2228 3 2 1 26 2258 2297 2298 2259
2229 3 2 1 26 2259 2298 2299 2260
2230 3 2 1 26 2260 2299 2300 2261
2231 3 2 1 26 2261 2300 2301 2262
2232 3 2 1 26 2262 2301 2302 2263
2233 3 2 1 26 2263 2302 2303 2264
2234 3 2 1 26 2264 2303 2304 2265
2235 3 2 1 26 2265 2304 2305 2266
2236 3 2 1 26 2266 2305 2306 2267
2237 3 2 1 26 2267 2306 2307 2268
2238 3 2 1 26 2268 2307 2308 2269
2239 3 2 1 26 2269 2308 2309 2270
2240 3 2 1 26 2270 2309 270 271
2241 3 2 1 26 176 177 2310 2271
2242 3 2 1 26 2271 2310 2311 2272
2243 3 2 1 26 2272 2311 2312 2273
2244 3 2 1 26 2273 2312 2313 2274
2245 3 2 1 26 2274 2313 2314 2275
2246 3 2 1 26 2275 2314 2315 2276
2247 3 2 1 26 2276 2315 2316 2277
2248 3 2 1 26 2277 2316 2317 2278
2249 3 2 1 26 2278 2317 2318 2279
2250 3 2 1 26 2279 2318 2319 2280
2251 3 2 1 26 2280 2319 2320 2281
2252 3 2 1 26 2281 2320 2321 2282
2253 3 2 1 26 2282 2321 2322 2283
2254 3 2 1 26 2283 2322 2323 2284
2255 3 2 1 26 2284 2323 2324 2285
2256 3 2 1 26 2285 2324 2325 2286
2257 3 2 1 26 2286 2325 2326 2287
2258 3 2 1 26 2287 2326 2327 2288
2259 3 2 1 26 2288 2327 2328 2289
2260 3 2 1 26 2289 2328 2329 2290
2261 3 2 1 26 2290 2329 2330 2291
2262 3 2 1 26 2291 2330 2331 2292
2263 3 2 1 26 2292 2331 2332 2293
2264 3 2 1 26 2293 2332 2333 2294
2265 3 2 1 26 2294 2333 2334 2295
2266 3 2 1 26 2295 2334 2335 2296
2267 3 2 1 26 2296 2335 2336 2297
2268 3 2 1 26 2297 2336 2337 2298
2269 3 2 1 26 2298 2337 2338 2299
2270 3 2 1 26 2299 2338 2339 2300
2271 3 2 1 26 2300 2339 2340 2301
2272 3 2 1 26 2301 2340 2341 2302
2273 3 2 1 26 2302 2341 2342 2303
2274 3 2 1 26 2303 2342 2343 2304
2275 3 2 1 26 2304 2343 2344 2305
2276 3 2 1 26 2305 2344 2345 2306
2277 3 2 1 26 2306 2345 2346 2307
2278 3 2 1 26 2307 2346 2347 2308
2279 3 2 1 26 2308 2347 2348 2309
2280 3 2 1 26 2309 2348 269 270
2281 3 2 1 26 177 178 2349 2310
2282 3 2 1 26 2310 2349 2350 2311
2283 3 2 1 26 2311 2350 2351 2312
2284 3 2 1 26 2312 2351 2352 2313
2285 3 2 1 26 2313 2352 2353 2314
2286 3 2 1 26 2314 2353 2354 2315
2287 3 2 1 26 2315 2354 2355 2316
2288 3 2 1 26 2316 2355 2356 2317
2289 3 2 1 26 2317 2356 2357 2318
2290 3 2 1 26 2318 2357 2358 2319
2291 3 2 1 26 2319 2358 2359 2320
2292 3 2 1 26 2320 2359 2360 2321
2293 3 2 1 26 2321 2360 2361 2322
2294 3 2 1 26 2322 2361 2362 2323
2295 3 2 1 26 2323 2362 2363 2324
2296 3 2 1 26 2324 2363 2364 2325
2297 3 2 1 26 2325 2364 2365 2326
2298 3 2 1 26 2326 2365 2366 2327
2299 3 2 1 26 2327 2366 2367 2328
2300 3 2 1 26 2328 2367 2368 2329
2301 3 2 1 26 2329 2368 2369 2330
2302 3 2 1 26 2330 2369 2370 2331
2303 3 2 1 26 2331 2370 2371 2332
2304 3 2 1 26 2332 2371 2372 2333
2305 3 2 1 26 2333 2372 2373 2334
2306 3 2 1 26 2334 2373 2374 2335
2307 3 2 1 26 2335 2374 2375 2336
2308 3 2 1 26 2336 2375 2376 2337
2309 3 2 1 26 2337 2376 2377 2338
2310 3 2 1 26 2338 2377 2378 2339
2311 3 2 1 26 2339 2378 2379 2340
2312 3 2 1 26 2340 2379 2380 2341
2313 3 2 1 26 2341 2380 2381 2342
2314 3 2 1 26 2342 2381 2382 2343
2315 3 2 1 26 2343 2382 2383 2344
2316 3 2 1 26 2344 2383 2384 2345
2317 3 2 1 26 2345 2384 2385 2346
2318 3 2 1 26 2346 2385 2386 2347
2319 3 2 1 26 2347 2386 2387 2348
2320 3 2 1 26 2348 2387 268 269
2321 3 2 1 26 178 179 2388 2349
2322 3 2 1 26 2349 2388 2389 2350
2323 3 2 1 26 2350 2389 2390 2351
2324 3 2 1 26 2351 2390 2391 2352
2325 3 2 1 26 2352 2391 2392 2353
2326 3 2 1 26 2353 2392 2393 2354
2327 3 2 1 26 2354 2393 2394 2355
2328 3 2 1 26 2355 2394 2395 2356
2329 3 2 1 26 2356 2395 2396 2357
2330 3 2 1 26 2357 2396 2397 2358
2331 3 2 1 26 2358 2397 2398 2359
2332 3 2 1 26 2359 2398 2399 2360
2333 3 2 1 26 2360 2399 2400 2361
2334 3 2 1 26 2361 2400 2401 2362
2335 3 2 1 26 2362 2401 2402 2363
2336 3 2 1 26 2363 2402 2403 2364
2337 3 2 1 26 2364 2403 2404 2365
2338 3 2 1 26 2365 2404 2405 2366
2339 3 2 1 26 2366 2405 2406 2367
2340 3 2 1 26 2367 2406 2407 2368
2341 3 2 1 26 2368 2407 2408 2369
2342 3 2 1 26 2369 2408 2409 2370
2343 3 2 1 26 2370 2409 2410 2371
2344 3 2 1 26 2371 2410 2411 2372
2345 3 2 1 26 2372 2411 2412 2373
2346 3 2 1 26 2373 2412 2413 2374
2347 3 2 1 26 2374 2413 2414 2375
2348 3 2 1 26 2375 2414 2415 2376
2349 3 2 1 26 2376 2415 2416 2377
2350 3 2 1 26 2377 2416 2417 2378
2351 3 2 1 26 2378 2417 2418 2379
2352 3 2 1 26 2379 2418 2419 2380
2353 3 2 1 26 2380 2419 2420 2381
2354 3 2 1 26 2381 2420 2421 2382
2355 3 2 1 26 2382 2421 2422 2383
2356 3 2 1 26 2383 2422 2423 2384
2357 3 2 1 26 2384 2423 2424 2385
2358 3 2 1 26 2385 2424 2425 2386
2359 3 2 1 26 2386 2425 2426 2387
2360 3 2 1 26 2387 2426 267 268
2361 3 2 1 26 179 180 2427 2388
2362 3 2 1 26 2388 2427 2428 2389
2363 3 2 1 26 2389 2428 2429 2390
2364 3 2 1 26 2390 2429 2430 2391
2365 3 2 1 26 2391 2430 2431 2392
2366 3 2 1 26 2392 2431 2432 2393
2367 3 2 1 26 2393 2432 2433 2394
2368 3 2 1 26 2394 2433 2434 2395
2369 3 2 1 26 2395 2434 2435 2396
2370 3 2 1 26 2396 2435 2436 2397
2371 3 2 1 26 2397 2436 2437 2398
2372 3 2 1 26 2398 2437 2438 2399
2373 3 2 1 26 2399 2438 2439 2400
2374 3 2 1 26 2400 2439 2440 2401
2375 3 2 1 26 2401 2440 2441 2402
2376 3 2 1 26 2402 2441 2442 2403
2377 3 2 1 26 2403 2442 2443 2404
2378 3 2 1 26 2404 2443 2444 2405
2379 3 2 1 26 2405 2444 2445 2406
2380 3 2 1 26 2406 2445 2446 2407
2381 3 2 1 26 2407 2446 2447 2408
2382 3 2 1 26 2408 2447 2448 2409
2383 3 2 1 26 2409 2448 2449 2410
2384 3 2 1 26 2410 2449 2450 2411
2385 3 2 1 26 2411 2450 2451 2412
2386 3 2 1 26 2412 2451 2452 2413
2387 3 2 1 26 2413 2452 2453 2414
2388 3 2 1 26 2414 2453 2454 2415
2389 3 2 1 26 2415 2454 2455 2416
2390 3 2 1 26 2416 2455 2456 2417
2391 3 2 1 26 2417 2456 2457 2418
2392 3 2 1 26 2418 2457 2458 2419
2393 3 2 1 26 2419 2458 2459 2420
2394 3 2 1 26 2420 2459 2460 2421
2395 3 2 1 26 2421 2460 2461 2422
2396 3 2 1 26 2422 2461 2462 2423
2397 3 2 1 26 2423 2462 2463 2424
2398 3 2 1 26 2424 2463 2464 2425
2399 3 2 1 26 2425 2464 2465 2426
2400 3 2 1 26 2426 2465 266 267
2401 3 2 1 26 180 181 2466 2427
2402 3 2 1 26 2427 2466 2467 2428
2403 3 2 1 26 2428 2467 2468 2429
2404 3 2 1 26 2429 2468 2469 2430
2405 3 2 1 26 2430 2469 2470 2431
2406 3 2 1 26 2431 2470 2471 2432
2407 3 2 1 26 2432 2471 2472 2433
2408 3 2 1 26 2433 2472 2473 2434
2409 3 2 1 26 2434 2473 2474 2435
2410 3 2 1 26 2435 2474 2475 2436
2411 3 2 1 26 2436 2475 2476 2437
2412 3 2 1 26 2437 2476 2477 2438
2413 3 2 1 26 2438 2477 2478 2439
2414 3 2 1 26 2439 2478 2479 2440
2415 3 2 1 26 2440 2479 2480 2441
2416 3 2 1 26 2441 2480 2481 2442
2417 3 2 1 26 2442 2481 2482 2443
2418 3 2 1 26 2443 2482 2483 2444
2419 3 2 1 26 2444 2483 2484 2445
2420 3 2 1 26 2445 2484 2485 2446
2421 3 2 1 26 2446 2485 2486 2447
2422 3 2 1 26 2447 2486 2487 2448
2423 3 2 1 26 2448 2487 2488 2449
2424 3 2 1 26 2449 2488 2489 2450
2425 3 2 1 26 2450 2489 2490 2451
2426 3 2 1 26 2451 2490 2491 2452
2427 3 2 1 26 2452 2491 2492 2453
2428 3 2 1 26 2453 2492 2493 2454
2429 3 2 1 26 2454 2493 2494 2455
2430 3 2 1 26 2455 2494 2495 2456
2431 3 2 1 26 2456 2495 2496 2457
2432 3 2 1 26 2457 2496 2497 2458
2433 3 2 1 26 2458 2497 2498 2459
2434 3 2 1 26 2459 2498 2499 2460
2435 3 2 1 26 2460 2499 2500 2461
2436 3 2 1 26 2461 2500 2501 2462
2437 3 2 1 26 2462 2501 2502 2463
2438 3 2 1 26 2463 2502 2503 2464
2439 3 2 1 26 2464 2503 2504 2465
2440 3 2 1 26 2465 2504 265 266
2441 3 2 1 26 181 182 2505 2466
2442 3 2 1 26 2466 2505 2506 2467
2443 3 2 1 26 2467 2506 2507 2468
2444 3 2 1 26 2468 2507 2508 2469
2445 3 2 1 26 2469 2508 2509 2470
2446 3 2 1 26 2470 2509 2510 2471
2447 3 2 1 26 2471 2510 2511 2472
2448 3 2 1 26 2472 2511 2512 2473
2449 3 2 1 26 2473 2512 2513 2474
2450 3 2 1 26 2474 2513 2514 2475
2451 3 2 1 26 2475 2514 2515 2476
2452 3 2 1 26 2476 2515 2516 2477
2453 3 2 1 26 2477 2516 2517 2478
2454 3 2 1 26 2478 2517 2518 2479
2455 3 2 1 26 2479 2518 2519 2480
2456 3 2 1 26 2480 2519 2520 2481
2457 3 2 1 26 2481 2520 2521 2482
2458 3 2 1 26 2482 2521 2522 2483
2459 3 2 1 26 2483 2522 2523 2484
2460 3 2 1 26 2484 2523 2524 2485
2461 3 2 1 26 2485 2524 2525 2486
2462 3 2 1 26 2486 2525 2526 2487
2463 3 2 1 26 2487 2526 2527 2488
2464 3 2 1 26 2488 2527 2528 2489
2465 3 2 1 26 2489 2528 2529 2490
2466 3 2 1 26 2490 2529 2530 2491
2467 3 2 1 26 2491 2530 2531 2492
2468 3 2 1 26 2492 2531 2532 2493
2469 3 2 1 26 2493 2532 2533 2494
2470 3 2 1 26 2494 2533 2534 2495
2471 3 2 1 26 2495 2534 2535 2496
2472 3 2 1 26 2496 2535 2536 2497
2473 3 2 1 26 2497 2536 2537 2498
2474 3 2 1 26 2498 2537 2538 2499
2475 3 2 1 26 2499 2538 2539 2500
2476 3 2 1 26 2500 2539 2540 2501
2477 3 2 1 26 2501 2540 2541 2502
2478 3 2 1 26 2502 2541 2542 2503
2479 3 2 1 26 2503 2542 2543 2504
2480 3 2 1 26 2504 2543 264 265
2481 3 2 1 26 182 183 2544 2505
2482 3 2 1 26 2505 2544 2545 2506
2483 3 2 1 26 2506 2545 2546 2507
2484 3 2 1 26 2507 2546 2547 2508
2485 3 2 1 26 2508 2547 2548 2509
2486 3 2 1 26 2509 2548 2549 2510
2487 3 2 1 26 2510 2549 2550 2511
2488 3 2 1 26 2511 2550 2551 2512
2489 3 2 1 26 2512 2551 2552 2513
2490 3 2 1 26 2513 2552 2553 2514
2491 3 2 1 26 2514 2553 2554 2515
2492 3 2 1 26 2515 2554 2555 2516
2493 3 2 1 26 2516 2555 2556 2517
2494 3 2 1 26 2517 2556 2557 2518
2495 3 2 1 26 2518 2557 2558 2519
2496 3 2 1 26 2519 2558 2559 2520
2497 3 2 1 26 2520 2559 2560 2521
2498 3 2 1 26 2521 2560 2561 2522
2499 3 2 1 26 2522 2561 2562 2523
2500 3 2 1 26 2523 2562 2563 2524
2501 3 2 1 26 2524 2563 2564 2525
2502 3 2 1 26 2525 2564 2565 2526
2503 3 2 1 26 2526 2565 2566 2527
2504 3 2 1 26 2527 2566 2567 2528
2505 3 2 1 26 2528 2567 2568 2529
2506 3 2 1 26 2529 2568 2569 2530
2507 3 2 1 26 2530 2569 2570 2531
2508 3 2 1 26 2531 2570 2571 2532
2509 3 2 1 26 2532 2571 2572 2533
2510 3 2 1 26 2533 2572 2573 2534
2511 3 2 1 26 2534 2573 2574 2535
2512 3 2 1 26 2535 2574 2575 2536
2513 3 2 1 26 2536 2575 2576 2537
2514 3 2 1 26 2537 2576 2577 2538
2515 3 2 1 26 2538 2577 2578 2539
2516 3 2 1 26 2539 2578 2579 2540
2517 3 2 1 26 2540 2579 2580 2541
2518 3 2 1 26 2541 2580 2581 2542
2519 3 2 1 26 2542 2581 2582 2543
2520 3 2 1 26 2543 2582 263 264
2521 3 2 1 26 183 184 2583 2544
2522 3 2 1 26 2544 2583 2584 2545
2523 3 2 1 26 2545 2584 2585 2546
2524 3 2 1 26 2546 2585 2586 2547
2525 3 2 1 26 2547 2586 2587 2548
2526 3 2 1 26 2548 2587 2588 2549
2527 3 2 1 26 2549 2588 2589 2550
2528 3 2 1 26 2550 2589 2590 2551
2529 3 2 1 26 2551 2590 2591 2552
2530 3 2 1 26 2552 2591 2592 2553
2531 3 2 1 26 2553 2592 2593 2554
2532 3 2 1 26 2554 2593 2594 2555
2533 3 2 1 26 2555 2594 2595 2556
2534 3 2 1 26 2556 2595 2596 2557
2535 3 2 1 26 2557 2596 2597 2558
2536 3 2 1 26 2558 2597 2598 2559
2537 3 2 1 26 2559 2598 2599 2560
2538 3 2 1 26 2560 2599 2600 2561
2539 3 2 1 26 2561 2600 2601 2562
2540 3 2 1 26 2562 2601 2602 2563
2541 3 2 1 26 2563 2602 2603 2564
2542 3 2 1 26 2564 2603 2604 2565
2543 3 2 1 26 2565 2604 2605 2566
2544 3 2 1 26 2566 2605 2606 2567
2545 3 2 1 26 2567 2606 2607 2568
2546 3 2 1 26 2568 2607 2608 2569
2547 3 2 1 26 2569 2608 2609 2570
2548 3 2 1 26 2570 2609 2610 2571
2549 3 2 1 26 2571 2610 2611 2572
2550 3 2 1 26 2572 2611 2612 2573
2551 3 2 1 26 2573 2612 2613 2574
2552 3 2 1 26 2574 2613 2614 2575
2553 3 2 1 26 2575 2614 2615 2576
2554 3 2 1 26 2576 2615 2616 2577
2555 3 2 1 26 2577 2616 2617 2578
2556 3 2 1 26 2578 2617 2618 2579
2557 3 2 1 26 2579 2618 2619 2580
2558 3 2 1 26 2580 2619 2620 2581
2559 3 2 1 26 2581 2620 2621 2582
2560 3 2 1 26 2582 2621 262 263
2561 3 2 1 26 184 185 2622 2583
2562 3 2 1 26 2583 2622 2623 2584
2563 3 2 1 26 2584 2623 2624 2585
2564 3 2 1 26 2585 2624 2625 2586
2565 3 2 1 26 2586 2625 2626 2587
2566 3 2 1 26 2587 2626 2627 2588
2567 3 2 1 26 2588 2627 2628 2589
2568 3 2 1 26 2589 2628 2629 2590
2569 3 2 1 26 2590 2629 2630 2591
2570 3 2 1 26 2591 2630 2631 2592
2571 3 2 1 26 2592 2631 2632 2593
2572 3 2 1 26 2593 2632 2633 2594
2573 3 2 1 26 2594 2633 2634 2595
2574 3 2 1 26 2595 2634 2635 2596
2575 3 2 1 26 2596 2635 2636 2597
2576 3 2 1 26 2597 2636 2637 2598
2577 3 2 1 26 2598 2637 2638 2599
2578 3 2 1 26 2599 2638 2639 2600
2579 3 2 1 26 2600 2639 2640 2601
2580 3 2 1 26 2601 2640 2641 2602
2581 3 2 1 26 2602 2641 2642 2603
2582 3 2 1 26 2603 2642 2643 2604
2583 3 2 1 26 2604 2643 2644 2605
2584 3 2 1 26 2605 2644 2645 2606
2585 3 2 1 26 2606 2645 2646 2607
2586 3 2 1 26 2607 2646 2647 2608
2587 3 2 1 26 2608 2647 2648 2609
2588 3 2 1 26 2609 2648 2649 2610
2589 3 2 1 26 2610 2649 2650 2611
2590 3 2 1 26 2611 2650 2651 2612
2591 3 2 1 26 2612 2651 2652 2613
2592 3 2 1 26 2613 2652 2653 2614
2593 3 2 1 26 2614 2653 2654 2615
2594 3 2 1 26 2615 2654 2655 2616
2595 3 2 1 26 2616 2655 2656 2617
2596 3 2 1 26 2617 2656 2657 2618
2597 3 2 1 26 2618 2657 2658 2619
2598 3 2 1 26 2619 2658 2659 2620
2599 3 2 1 26 2620 2659 2660 2621
2600 3 2 1 26 2621 2660 261 262
2601 3 2 1 26 185 186 2661 2622
2602 3 2 1 26 2622 2661 2662 2623
2603 3 2 1 26 2623 2662 2663 2624
2604 3 2 1 26 2624 2663 2664 2625
2605 3 2 1 26 2625 2664 2665 2626
2606 3 2 1 26 2626 2665 2666 2627
2607 3 2 1 26 2627 2666 2667 2628
2608 3 2 1 26 2628 2667 2668 2629
2609 3 2 1 26 2629 2668 2669 2630
2610 3 2 1 26 2630 2669 2670 2631
2611 3 2 1 26 2631 2670 2671 2632
2612 3 2 1 26 2632 2671 2672 2633
2613 3 2 1 26 2633 2672 2673 2634
2614 3 2 1 26 2634 2673 2674 2635
2615 3 2 1 26 2635 2674 2675 2636
2616 3 2 1 26 2636 2675 2676 2637
2617 3 2 1 26 2637 2676 2677 2638
2618 3 2 1 26 2638 2677 2678 2639
2619 3 2 1 26 2639 2678 2679 2640
2620 3 2 1 26 2640 2679 2680 2641
2621 3 2 1 26 2641 2680 2681 2642
2622 3 2 1 26 2642 2681 2682 2643
2623 3 2 1 26 2643 2682 2683 2644
2624 3 2 1 26 2644 2683 2684 2645
2625 3 2 1 26 2645 2684 2685 2646
2626 3 2 1 26 2646 2685 2686 2647
2627 3 2 1 26 2647 2686 2687 2648
2628 3 2 1 26 2648 2687 2688 2649
2629 3 2 1 26 2649 2688 2689 2650
2630 3 2 1 26 2650 2689 2690 2651
2631 3 2 1 26 2651 2690 2691 2652
2632 3 2 1 26 2652 2691 2692 2653
2633 3 2 1 26 2653 2692 2693 2654
2634 3 2 1 26 2654 2693 2694 2655
2635 3 2 1 26 2655 2694 2695 2656
2636 3 2 1 26 2656 2695 2696 2657
2637 3 2 1 26 2657 2696 2697 2658
2638 3 2 1 26 2658 2697 2698 2659
2639 3 2 1 26 2659 2698 2699 2660
2640 3 2 1 26 2660 2699 260 261
2641 3 2 1 26 186 187 2700 2661
2642 3 2 1 26 2661 2700 2701 2662
2643 3 2 1 26 2662 2701 2702 2663
2644 3 2 1 26 2663 2702 2703 2664
2645 3 2 1 26 2664 2703 2704 2665
2646 3 2 1 26 2665 2704 2705 2666
2647 3 2 1 26 2666 2705 2706 2667
2648 3 2 1 26 2667 2706 2707 2668
2649 3 2 1 26 2668 2707 2708 2669
2650 3 2 1 26 2669 2708 2709 2670
2651 3 2 1 26 2670 2709 2710 2671
2652 3 2 1 26 2671 2710 2711 2672
2653 3 2 1 26 2672 2711 2712 2673
2654 3 2 1 26 2673 2712 2713 2674
2655 3 2 1 26 2674 2713 2714 2675
2656 3 2 1 26 2675 2714 2715 2676
2657 3 2 1 26 2676 2715 2716 2677
2658 3 2 1 26 2677 2716 2717 2678
2659 3 2 1 26 2678 2717 2718 2679
2660 3 2 1 26 2679 2718 2719 2680
2661 3 2 1 26 2680 2719 2720 2681
2662 3 2 1 26 2681 2720 2721 2682
2663 3 2 1 26 2682 2721 2722 2683
2664 3 2 1 26 2683 2722 2723 2684
2665 3 2 1 26 2684 2723 2724 2685
2666 3 2 1 26 2685 2724 2725 2686
2667 3 2 1 26 2686 2725 2726 2687
2668 3 2 1 26 2687 2726 2727 2688
2669 3 2 1 26 2688 2727 2728 2689
2670 3 2 1 26 2689 2728 2729 2690
2671 3 2 1 26 2690 2729 2730 2691
2672 3 2 1 26 2691 2730 2731 2692
2673 3 2 1 26 2692 2731 2732 2693
2674 3 2 1 26 2693 2732 2733 2694
2675 3 2 1 26 2694 2733 2734 2695
2676 3 2 1 26 2695 2734 2735 2696
2677 3 2 1 26 2696 2735 2736 2697
2678 3 2 1 26 2697 2736 2737 2698
2679 3 2 1 26 2698 2737 2738 2699
2680 3 2 1 26 2699 2738 259 260
2681 3 2 1 26 187 188 2739 2700
2682 3 2 1 26 2700 2739 2740 2701
2683 3 2 1 26 2701 2740 2741 2702
2684 3 2 1 26 2702 2741 2742 2703
2685 3 2 1 26 2703 2742 2743 2704
2686 3 2 1 26 2704 2743 2744 2705
2687 3 2 1 26 2705 2744 2745 2706
2688 3 2 1 26 2706 2745 2746 2707
2689 3 2 1 26 2707 2746 2747 2708
2690 3 2 1 26 2708 2747 2748 2709
2691 3 2 1 26 2709 2748 2749 2710
2692 3 2 1 26 2710 2749 2750 2711
2693 3 2 1 26 2711 2750 2751 2712
2694 3 2 1 26 2712 2751 2752 2713
2695 3 2 1 26 2713 2752 2753 2714
2696 3 2 1 26 2714 2753 2754 2715
2697 3 2 1 26 2715 2754 2755 2716
2698 3 2 1 26 2716 2755 2756 2717
2699 3 2 1 26 2717 2756 2757 2718
2700 3 2 1 26 2718 2757 2758 2719
2701 3 2 1 26 2719 2758 2759 2720
2702 3 2 1 26 2720 2759 2760 2721
2703 3 2 1 26 2721 2760 2761 2722
2704 3 2 1 26 2722 2761 2762 2723
2705 3 2 1 26 2723 2762 2763 2724
2706 3 2 1 26 2724 2763 2764 2725
2707 3 2 1 26 2725 2764 2765 2726
2708 3 2 1 26 2726 2765 2766 2727
2709 3 2 1 26 2727 2766 2767 2728
2710 3 2 1 26 2728 2767 2768 2729
2711 3 2 1 26 2729 2768 2769 2730
2712 3 2 1 26 2730 2769 2770 2731
2713 3 2 1 26 2731 2770 2771 2732
2714 3 2 1 26 2732 2771 2772 2733
2715 3 2 1 26 2733 2772 2773 2734
2716 3 2 1 26 2734 2773 2774 2735
2717 3 2 1 26 2735 2774 2775 2736
2718 3 2 1 26 2736 2775 2776 2737
2719 3 2 1 26 2737 2776 2777 2738
2720 3 2 1 26 2738 2777 258 259
2721 3 2 1 26 188 189 2778 2739
2722 3 2 1 26 2739 2778 2779 2740
2723 3 2 1 26 2740 2779 2780 2741
2724 3 2 1 26 2741 2780 2781 2742
2725 3 2 1 26 2742 2781 2782 2743
2726 3 2 1 26 2743 2782 2783 2744
2727 3 2 1 26 2744 2783 2784 2745
2728 3 2 1 26 2745 2784 2785 2746
2729 3 2 1 26 2746 2785 2786 2747
2730 3 2 1 26 2747 2786 2787 2748
2731 3 2 1 26 2748 2787 2788 2749
2732 3 2 1 26 2749 2788 2789 2750
2733 3 2 1 26 2750 2789 2790 2751
2734 3 2 1 26 2751 2790 2791 2752
2735 3 2 1 26 2752 2791 2792 2753
2736 3 2 1 26 2753 2792 2793 2754
2737 3 2 1 26 2754 2793 2794 2755
2738 3 2 1 26 2755 2794 2795 2756
2739 3 2 1 26 2756 2795 2796 2757
2740 3 2 1 26 2757 2796 2797 2758
2741 3 2 1 26 2758 2797 2798 2759
2742 3 2 1 26 2759 2798 2799 2760
2743 3 2 1 26 2760 2799 2800 2761
2744 3 2 1 26 2761 2800 2801 2762
2745 3 2 1 26 2762 2801 2802 2763
2746 3 2 1 26 2763 2802 2803 2764
2747 3 2 1 26 2764 2803 2804 2765
2748 3 2 1 26 2765 2804 2805 2766
2749 3 2 1 26 2766 2805 2806 2767
2750 3 2 1 26 2767 2806 2807 2768
2751 3 2 1 26 2768 2807 2808 2769
2752 3 2 1 26 2769 2808 2809 2770
2753 3 2 1 26 2770 2809 2810 2771
2754 3 2 1 26 2771 2810 2811 2772
2755 3 2 1 26 2772 2811 2812 2773
2756 3 2 1 26 2773 2812 2813 2774
2757 3 2 1 26 2774 2813 2814 2775
2758 3 2 1 26 2775 2814 2815 2776
2759 3 2 1 26 2776 2815 2816 2777
2760 3 2 1 26 2777 2816 257 258
2761 3 2 1 26 189 190 2817 2778
2762 3 2 1 26 2778 2817 2818 2779
2763 3 2 1 26 2779 2818 2819 2780
2764 3 2 1 26 2780 2819 2820 2781
2765 3 2 1 26 2781 2820 2821 2782
2766 3 2 1 26 2782 2821 2822 2783
2767 3 2 1 26 2783 2822 2823 2784
2768 3 2 1 26 2784 2823 2824 2785
2769 3 2 1 26 2785 2824 2825 2786
2770 3 2 1 26 2786 2825 2826 2787
2771 3 2 1 26 2787 2826 2827 2788
2772 3 2 1 26 2788 2827 2828 2789
2773 3 2 1 26 2789 2828 2829 2790
2774 3 2 1 26 2790 2829 2830 2791
2775 3 2 1 26 2791 2830 2831 2792
2776 3 2 1 26 2792 2831 2832 2793
2777 3 2 1 26 2793 2832 2833 2794
2778 3 2 1 26 2794 2833 2834 2795
2779 3 2 1 26 2795 2834 2835 2796
2780 3 2 1 26 2796 2835 2836 2797
2781 3 2 1 26 2797 2836 2837 2798
2782 3 2 1 26 2798 2837 2838 2799
2783 3 2 1 26 2799 2838 2839 2800
2784 3 2 1 26 2800 2839 2840 2801
2785 3 2 1 26 2801 2840 2841 2802
2786 3 2 1 26 2802 2841 2842 2803
2787 3 2 1 26 2803 2842 2843 2804
2788 3 2 1 26 2804 2843 2844 2805
2789 3 2 1 26 2805 2844 2845 2806
2790 3 2 1 26 2806 2845 2846 2807
2791 3 2 1 26 2807 2846 2847 2808
2792 3 2 1 26 2808 2847 2848 2809
2793 3 2 1 26 2809 2848 2849 2810
2794 3 2 1 26 2810 2849 2850 2811
2795 3 2 1 26 2811 2850 2851 2812
2796 3 2 1 26 2812 2851 2852 2813
2797 3 2 1 26 2813 2852 2853 2814
2798 3 2 1 26 2814 2853 2854 2815
2799 3 2 1 26 2815 2854 2855 2816
2800 3 2 1 26 2816 2855 256 257
2801 3 2 1 26 190 191 2856 2817
2802 3 2 1 26 2817 2856 2857 2818
2803 3 2 1 26 2818 2857 2858 2819
2804 3 2 1 26 2819 2858 2859 2820
2805 3 2 1 26 2820 2859 2860 2821
2806 3 2 1 26 2821 2860 2861 2822
2807 3 2 1 26 2822 2861 2862 2823
2808 3 2 1 26 2823 2862 2863 2824
2809 3 2 1 26 2824 2863 2864 2825
2810 3 2 1 26 2825 2864 2865 2826
2811 3 2 1 26 2826 2865 2866 2827
2812 3 2 1 26 2827 2866 2867 2828
2813 3 2 1 26 2828 2867 2868 2829
2814 3 2 1 26 2829 2868 2869 2830
2815 3 2 1 26 2830 2869 2870 2831
2816 3 2 1 26 2831 2870 2871 2832
2817 3 2 1 26 2832 2871 2872 2833
2818 3 2 1 26 2833 2872 2873 2834
2819 3 2 1 26 2834 2873 2874 2835
2820 3 2 1 26 2835 2874 2875 2836
2821 3 2 1 26 2836 2875 2876 2837
2822 3 2 1 26 2837 2876 2877 2838
2823 3 2 1 26 2838 2877 2878 2839
2824 3 2 1 26 2839 2878 2879 2840
2825 3 2 1 26 2840 2879 2880 2841
2826 3 2 1 26 2841 2880 2881 2842
2827 3 2 1 26 2842 2881 2882 2843
2828 3 2 1 26 2843 2882 2883 2844
2829 3 2 1 26 2844 2883 2884 2845
2830 3 2 1 26 2845 2884 2885 2846
2831 3 2 1 26 2846 2885 2886 2847
2832 3 2 1 26 2847 2886 2887 2848
2833 3 2 1 26 2848 2887 2888 2849
2834 3 2 1 26 2849 2888 2889 2850
2835 3 2 1 26 2850 2889 2890 2851
2836 3 2 1 26 2851 2890 2891 2852
2837 3 2 1 26 2852 2891 2892 2853
2838 3 2 1 26 2853 2892 2893 2854
2839 3 2 1 26 2854 2893 2894 2855
2840 3 2 1 26 2855 2894 255 256
2841 3 2 1 26 191 192 2895 2856
2842 3 2 1 26 2856 2895 2896 2857
2843 3 2 1 26 2857 2896 2897 2858
2844 3 2 1 26 2858 2897 2898 2859
2845 3 2 1 26 2859 2898 2899 2860
2846 3 2 1 26 2860 2899 2900 2861
2847 3 2 1 26 2861 2900 2901 2862
2848 3 2 1 26 2862 2901 2902 2863
2849 3 2 1 26 2863 2902 2903 2864
2850 3 2 1 26 2864 2903 2904 2865
2851 3 2 1 26 2865 2904 2905 2866
2852 3 2 1 26 2866 2905 2906 2867
2853 3 2 1 26 2867 2906 2907 2868
2854 3 2 1 26 2868 2907 2908 2869
2855 3 2 1 26 2869 2908 2909 2870
2856 3 2 1 26 2870 2909 2910 2871
2857 3 2 1 26 2871 2910 2911 2872
2858 3 2 1 26 2872 2911 2912 2873
2859 3 2 1 26 2873 2912 2913 2874
2860 3 2 1 26 2874 2913 2914 2875
2861 3 2 1 26 2875 2914 2915 2876
2862 3 2 1 26 2876 2915 2916 2877
2863 3 2 1 26 2877 2916 2917 2878
2864 3 2 1 26 2878 2917 2918 2879
2865 3 2 1 26 2879 2918 2919 2880
2866 3 2 1 26 2880 2919 2920 2881
2867 3 2 1 26 2881 2920 2921 2882
2868 3 2 1 26 2882 2921 2922 2883
2869 3 2 1 26 2883 2922 2923 2884
2870 3 2 1 26 2884 2923 2924 2885
2871 3 2 1 26 2885 2924 2925 2886
2872 3 2 1 26 2886 2925 2926 2887
2873 3 2 1 26 2887 2926 2927 2888
2874 3 2 1 26 2888 2927 2928 2889
2875 3 2 1 26 2889 2928 2929 2890
2876 3 2 1 26 2890 2929 2930 2891
2877 3 2 1 26 2891 2930 2931 2892
2878 3 2 1 26 2892 2931 2932 2893
2879 3 2 1 26 2893 2932 2933 2894
2880 3 2 1 26 2894 2933 254 255
2881 3 2 1 26 192 193 2934 2895
2882 3 2 1 26 2895 2934 2935 2896
2883 3 2 1 26 2896 2935 2936 2897
2884 3 2 1 26 2897 2936 2937 2898
2885 3 2 1 26 2898 2937 2938 2899
2886 3 2 1 26 2899 2938 2939 2900
2887 3 2 1 26 2900 2939 2940 2901
2888 3 2 1 26 2901 2940 2941 2902
2889 3 2 1 26 2902 2941 2942 2903
2890 3 2 1 26 2903 2942 2943 2904
2891 3 2 1 26 2904 2943 2944 2905
2892 3 2 1 26 2905 2944 2945 2906
2893 3 2 1 26 2906 2945 2946 2907
2894 3 2 1 26 2907 2946 2947 2908
2895 3 2 1 26 2908 2947 2948 2909
2896 3 2 1 26 2909 2948 2949 2910
2897 3 2 1 26 2910 2949 2950 2911
2898 3 2 1 26 2911 2950 2951 2912
2899 3 2 1 26 2912 2951 2952 2913
2900 3 2 1 26 2913 2952 2953 2914
2901 3 2 1 26 2914 2953 2954 2915
2902 3 2 1 26 2915 2954 2955 2916
2903 3 2 1 26 2916 2955 2956 2917
2904 3 2 1 26 2917 2956 2957 2918
2905 3 2 1 26 2918 2957 2958 2919
2906 3 2 1 26 2919 2958 2959 2920
2907 3 2 1 26 2920 2959 2960 2921
2908 3 2 1 26 2921 2960 2961 2922
2909 3 2 1 26 2922 2961 2962 2923
2910 3 2 1 26 2923 2962 2963 2924
2911 3 2 1 26 2924 2963 2964 2925
2912 3 2 1 26 2925 2964 2965 2926
2913 3 2 1 26 2926 2965 2966 2927
2914 3 2 1 26 2927 2966 2967 2928
2915 3 2 1 26 2928 2967 2968 2929
2916 3 2 1 26 2929 2968 2969 2930
2917 3 2 1 26 2930 2969 2970 2931
2918 3 2 1 26 2931 2970 2971 2932
2919 3 2 1 26 2932 2971 2972 2933
2920 3 2 1 26 2933 2972 253 254
2921 3 2 1 26 193 194 2973 2934
2922 3 2 1 26 2934 2973 2974 2935
2923 3 2 1 26 2935 2974 2975 2936
2924 3 2 1 26 2936 2975 2976 2937
2925 3 2 1 26 2937 2976 2977 2938
2926 3 2 1 26 2938 2977 2978 2939
2927 3 2 1 26 2939 2978 2979 2940
2928 3 2 1 26 2940 2979 2980 2941
2929 3 2 1 26 2941 2980 2981 2942
2930 3 2 1 26 2942 2981 2982 2943
2931 3 2 1 26 2943 2982 2983 2944
2932 3 2 1 26 2944 2983 2984 2945
2933 3 2 1 26 2945 2984 2985 2946
2934 3 2 1 26 2946 2985 2986 2947
2935 3 2 1 26 2947 2986 2987 2948
2936 3 2 1 26 2948 2987 2988 2949
2937 3 2 1 26 2949 2988 2989 2950
2938 3 2 1 26 2950 2989 2990 2951
2939 3 2 1 26 2951 2990 2991 2952
2940 3 2 1 26 2952 2991 2992 2953
2941 3 2 1 26 2953 2992 2993 2954
2942 3 2 1 26 2954 2993 2994 2955
2943 3 2 1 26 2955 2994 2995 2956
2944 3 2 1 26 2956 2995 2996 2957
2945 3 2 1 26 2957 2996 2997 2958
2946 3 2 1 26 2958 2997 2998 2959
2947 3 2 1 26 2959 2998 2999 2960
2948 3 2 1 26 2960 2999 3000 2961
2949 3 2 1 26 2961 3000 3001 2962
2950 3 2 1 26 2962 3001 3002 2963
2951 3 2 1 26 2963 3002 3003 2964
2952 3 2 1 26 2964 3003 3004 2965
2953 3 2 1 26 2965 3004 3005 2966
2954 3 2 1 26 2966 3005 3006 2967
2955 3 2 1 26 2967 3006 3007 2968
2956 3 2 1 26 2968 3007 3008 2969
2957 3 2 1 26 2969 3008 3009 2970
2958 3 2 1 26 2970 3009 3010 2971
2959 3 2 1 26 2971 3010 3011 2972
2960 3 2 1 26 2972 3011 252 253
2961 3 2 1 26 194 195 3012 2973
2962 3 2 1 26 2973 3012 3013 2974
2963 3 2 1 26 2974 3013 3014 2975
2964 3 2 1 26 2975 3014 3015 2976
2965 3 2 1 26 2976 3015 3016 2977
2966 3 2 1 26 2977 3016 3017 2978
2967 3 2 1 26 2978 3017 3018 2979
2968 3 2 1 26 2979 3018 3019 2980
2969 3 2 1 26 2980 3019 3020 2981
2970 3 2 1 26 2981 3020 3021 2982
2971 3 2 1 26 2982 3021 3022 2983
2972 3 2 1 26 2983 3022 3023 2984
2973 3 2 1 26 2984 3023 3024 2985
2974 3 2 1 26 2985 3024 3025 2986
2975 3 2 1 26 2986 3025 3026 2987
2976 3 2 1 26 2987 3026 3027 2988
2977 3 2 1 26 2988 3027 3028 2989
2978 3 2 1 26 2989 3028 3029 2990
2979 3 2 1 26 2990 3029 3030 2991
2980 3 2 1 26 2991 3030 3031 2992
2981 3 2 1 26 2992 3031 3032 2993
2982 3 2 1 26 2993 3032 3033 2994
2983 3 2 1 26 2994 3033 3034 2995
2984 3 2 1 26 2995 3034 3035 2996
2985 3 2 1 26 2996 3035 3036 2997
2986 3 2 1 26 2997 3036 3037 2998
2987 3 2 1 26 2998 3037 3038 2999
2988 3 2 1 26 2999 3038 3039 3000
2989 3 2 1 26 3000 3039 3040 3001
2990 3 2 1 26 3001 3040 3041 3002
2991 3 2 1 26 3002 3041 3042 3003
2992 3 2 1 26 3003 3042 3043 3004
2993 3 2 1 26 3004 3043 3044 3005
2994 3 2 1 26 3005 3044 3045 3006
2995 3 2 1 26 3006 3045 3046 3007
2996 3 2 1 26 3007 3046 3047 3008
2997 3 2 1 26 3008 3047 3048 3009
2998 3 2 1 26 3009 3048 3049 3010
2999 3 2 1 26 3010 3049 3050 3011
3000 3 2 1 26 3011 3050 251 252
3001 3 2 1 26 195 196 3051 3012
3002 3 2 1 26 3012 3051 3052 3013
3003 3 2 1 26 3013 3052 3053 3014
3004 3 2 1 26 3014 3053 3054 3015
3005 3 2 1 26 3015 3054 3055 3016
3006 3 2 1 26 3016 3055 3056 3017
3007 3 2 1 26 3017 3056 3057 3018
3008 3 2 1 26 3018 3057 3058 3019
3009 3 2 1 26 3019 3058 3059 3020
3010 3 2 1 26 3020 3059 3060 3021
3011 3 2 1 26 3021 3060 3061 3022
3012 3 2 1 26 3022 3061 3062 3023
3013 3 2 1 26 3023 3062 3063 3024
3014 3 2 1 26 3024 3063 3064 3025
3015 3 2 1 26 3025 3064 3065 3026
3016 3 2 1 26 3026 3065 3066 3027
3017 3 2 1 26 3027 3066 3067 3028
3018 3 2 1 26 3028 3067 3068 3029
3019 3 2 1 26 3029 3068 3069 3030
3020 3 2 1 26 3030 3069 3070 3031
3021 3 2 1 26 3031 3070 3071 3032
3022 3 2 1 26 3032 3071 3072 3033
3023 3 2 1 26 3033 3072 3073 3034
3024 3 2 1 26 3034 3073 3074 3035
3025 3 2 1 26 3035 3074 3075 3036
3026 3 2 1 26 3036 3075 3076 3037
3027 3 2 1 26 3037 3076 3077 3038
3028 3 2 1 26 3038 3077 3078 3039
3029 3 2 1 26 3039 3078 3079 3040
3030 3 2 1 26 3040 3079 3080 3041
3031 3 2 1 26 3041 3080 3081 3042
3032 3 2 1 26 3042 3081 3082 3043
3033 3 2 1 26 3043 3082 3083 3044
3034 3 2 1 26 3044 3083 3084 3045
3035 3 2 1 26 3045 3084 3085 3046
3036 3 2 1 26 3046 3085 3086 3047
3037 3 2 1 26 3047 3086 3087 3048
3038 3 2 1 26 3048 3087 3088 3049
3039 3 2 1 26 3049 3088 3089 3050
3040 3 2 1 26 3050 3089 250 251
3041 3 2 1 26 196 197 3090 3051
3042 3 2 1 26 3051 3090 3091 3052
3043 3 2 1 26 3052 3091 3092 3053
3044 3 2 1 26 3053 3092 3093 3054
3045 3 2 1 26 3054 3093 3094 3055
3046 3 2 1 26 3055 3094 3095 3056
3047 3 2 1 26 3056 3095 3096 3057
3048 3 2 1 26 3057 3096 3097 3058
3049 3 2 1 26 3058 3097 3098 3059
3050 3 2 1 26 3059 3098 3099 3060
3051 3 2 1 26 3060 3099 3100 3061
3052 3 2 1 26 3061 3100 3101 3062
3053 3 2 1 26 3062 3101 3102 3063
3054 3 2 1 26 3063 3102 3103 3064
3055 3 2 1 26 3064 3103 3104 3065
3056 3 2 1 26 3065 3104 3105 3066
3057 3 2 1 26 3066 3105 3106 3067
3058 3 2 1 26 3067 3106 3107 3068
3059 3 2 1 26 3068 3107 3108 3069
3060 3 2 1 26 3069 3108 3109 3070
3061 3 2 1 26 3070 3109 3110 3071
3062 3 2 1 26 3071 3110 3111 3072
3063 3 2 1 26 3072 3111 3112 3073
3064 3 2 1 26 3073 3112 3113 3074
3065 3 2 1 26 3074 3113 3114 3075
3066 3 2 1 26 3075 3114 3115 3076
3067 3 2 1 26 3076 3115 3116 3077
3068 3 2 1 26 3077 3116 3117 3078
3069 3 2 1 26 3078 3117 3118 3079
3070 3 2 1 26 3079 3118 3119 3080
3071 3 2 1 26 3080 3119 3120 3081
3072 3 2 1 26 3081 3120 3121 3082
3073 3 2 1 26 3082 3121 3122 3083
3074 3 2 1 26 3083 3122 3123 3084
3075 3 2 1 26 3084 3123 3124 3085
3076 3 2 1 26 3085 3124 3125 3086
3077 3 2 1 26 3086 3125 3126 3087
3078 3 2 1 26 3087 3126 3127 3088
3079 3 2 1 26 3088 3127 3128 3089
3080 3 2 1 26 3089 3128 249 250
3081 3 2 1 26 197 198 3129 3090
3082 3 2 1 26 3090 3129 3130 3091
3083 3 2 1 26 3091 3130 3131 3092
3084 3 2 1 26 3092 3131 3132 3093
3085 3 2 1 26 3093 3132 3133 3094
3086 3 2 1 26 3094 3133 3134 3095
3087 3 2 1 26 3095 3134 3135 3096
3088 3 2 1 26 3096 3135 3136 3097
3089 3 2 1 26 3097 3136 3137 3098
3090 3 2 1 26 3098 3137 3138 3099
3091 3 2 1 26 3099 3138 3139 3100
3092 3 2 1 26 3100 3139 3140 3101
3093 3 2 1 26 3101 3140 3141 3102
3094 3 2 1 26 3102 3141 3142 3103
3095 3 2 1 26 3103 3142 3143 3104
3096 3 2 1 26 3104 3143 3144 3105
3097 3 2 1 26 3105 3144 3145 3106
3098 3 2 1 26 3106 3145 3146 3107
3099 3 2 1 26 3107 3146 3147 3108
3100 3 2 1 26 3108 3147 3148 3109
3101 3 2 1 26 3109 3148 3149 3110
3102 3 2 1 26 3110 3149 3150 3111
3103 3 2 1 26 3111 3150 3151 3112
3104 3 2 1 26 3112 3151 3152 3113
3105 3 2 1 26 3113 3152 3153 3114
3106 3 2 1 26 3114 3153 3154 3115
3107 3 2 1 26 3115 3154 3155 3116
3108 3 2 1 26 3116 3155 3156 3117
3109 3 2 1 26 3117 3156 3157 3118
3110 3 2 1 26 3118 3157 3158 3119
3111 3 2 1 26 3119 3158 3159 3120
3112 3 2 1 26 3120 3159 3160 3121
3113 3 2 1 26 3121 3160 3161 3122
3114 3 2 1 26 3122 3161 3162 3123
3115 3 2 1 26 3123 3162 3163 3124
3116 3 2 1 26 3124 3163 3164 3125
3117 3 2 1 26 3125 3164 3165 3126
3118 3 2 1 26 3126 3165 3166 3127
3119 3 2 1 26 3127 3166 3167 3128
3120 3 2 1 26 3128 3167 248 249
3121 3 2 1 26 198 199 3168 3129
3122 3 2 1 26 3129 3168 3169 3130
3123 3 2 1 26 3130 3169 3170 3131
3124 3 2 1 26 3131 3170 3171 3132
3125 3 2 1 26 3132 3171 3172 3133
3126 3 2 1 26 3133 3172 3173 3134
3127 3 2 1 26 3134 3173 3174 3135
3128 3 2 1 26 3135 3174 3175 3136
3129 3 2 1 26 3136 3175 3176 3137
3130 3 2 1 26 3137 3176 3177 3138
3131 3 2 1 26 3138 3177 3178 3139
3132 3 2 1 26 3139 3178 3179 3140
3133 3 2 1 26 3140 3179 3180 3141
3134 3 2 1 26 3141 3180 3181 3142
3135 3 2 1 26 3142 3181 3182 3143
3136 3 2 1 26 3143 3182 3183 3144
3137 3 2 1 26 3144 3183 3184 3145
3138 3 2 1 26 3145 3184 3185 3146
3139 3 2 1 26 3146 3185 3186 3147
3140 3 2 1 26 3147 3186 3187 3148
3141 3 2 1 26 3148 3187 3188 3149
3142 3 2 1 26 3149 3188 3189 3150
3143 3 2 1 26 3150 3189 3190 3151
3144 3 2 1 26 3151 3190 3191 3152
3145 3 2 1 26 3152 3191 3192 3153
3146 3 2 1 26 3153 3192 3193 3154
3147 3 2 1 26 3154 3193 3194 3155
3148 3 2 1 26 3155 3194 3195 3156
3149 3 2 1 26 3156 3195 3196 3157
3150 3 2 1 26 3157 3196 3197 3158
3151 3 2 1 26 3158 3197 3198 3159
3152 3 2 1 26 3159 3198 3199 3160
3153 3 2 1 26 3160 3199 3200 3161
3154 3 2 1 26 3161 3200 3201 3162
3155 3 2 1 26 3162 3201 3202 3163
3156 3 2 1 26 3163 3202 3203 3164
3157 3 2 1 26 3164 3203 3204 3165
3158 3 2 1 26 3165 3204 3205 3166
3159 3 2 1 26 3166 3205 3206 3167
3160 3 2 1 26 3167 3206 247 248
3161 3 2 1 26 199 200 3207 3168
3162 3 2 1 26 3168 3207 3208 3169
3163 3 2 1 26 3169 3208 3209 3170
3164 3 2 1 26 3170 3209 3210 3171
3165 3 2 1 26 3171 3210 3211 3172
3166 3 2 1 26 3172 3211 3212 3173
3167 3 2 1 26 3173 3212 3213 3174
3168 3 2 1 26 3174 3213 3214 3175
3169 3 2 1 26 3175 3214 3215 3176
3170 3 2 1 26 3176 3215 3216 3177
3171 3 2 1 26 3177 3216 3217 3178
3172 3 2 1 26 3178 3217 3218 3179
3173 3 2 1 26 3179 3218 3219 3180
3174 3 2 1 26 3180 3219 3220 3181
3175 3 2 1 26 3181 3220 3221 3182
3176 3 2 1 26 3182 3221 3222 3183
3177 3 2 1 26 3183 3222 3223 3184
3178 3 2 1 26 3184 3223 3224 3185
3179 3 2 1 26 3185 3224 3225 3186
3180 3 2 1 26 3186 3225 3226 3187
3181 3 2 1 26 3187 3226 3227 3188
3182 3 2 1 26 3188 3227 3228 3189
3183 3 2 1 26 3189 3228 3229 3190
3184 3 2 1 26 3190 3229 3230 3191
3185 3 2 1 26 3191 3230 3231 3192
3186 3 2 1 26 3192 3231 3232 3193
3187 3 2 1 26 3193 3232 3233 3194
3188 3 2 1 26 3194 3233 3234 3195
3189 3 2 1 26 3195 3234 3235 3196
3190 3 2 1 26 3196 3235 3236 3197
3191 3 2 1 26 3197 3236 3237 3198
3192 3 2 1 26 3198 3237 3238 3199
3193 3 2 1 26 3199 3238 3239 3200
3194 3 2 1 26 3200 3239 3240 3201
3195 3 2 1 26 3201 3240 3241 3202
3196 3 2 1 26 3202 3241 3242 3203
3197 3 2 1 26 3203 3242 3243 3204
3198 3 2 1 26 3204 3243 3244 3205
3199 3 2 1 26 3205 3244 3245 3206
3200 3 2 1 26 3206 3245 246 247
3201 3 2 1 26 200 201 3246 3207
3202 3 2 1 26 3207 3246 3247 3208
3203 3 2 1 26 3208 3247 3248 3209
3204 3 2 1 26 3209 3248 3249 3210
3205 3 2 1 26 3210 3249 3250 3211
3206 3 2 1 26 3211 3250 3251 3212
3207 3 2 1 26 3212 3251 3252 3213
3208 3 2 1 26 3213 3252 3253 3214
3209 3 2 1 26 3214 3253 3254 3215
3210 3 2 1 26 3215 3254 3255 3216
3211 3 2 1 26 3216 3255 3256 3217
3212 3 2 1 26 3217 3256 3257 3218
3213 3 2 1 26 3218 3257 3258 3219
3214 3 2 1 26 3219 3258 3259 3220
3215 3 2 1 26 3220 3259 3260 3221
3216 3 2 1 26 3221 3260 3261 3222
3217 3 2 1 26 3222 3261 3262 3223
3218 3 2 1 26 3223 3262 3263 3224
3219 3 2 1 26 3224 3263 3264 3225
3220 3 2 1 26 3225 3264 3265 3226
3221 3 2 1 26 3226 3265 3266 3227
3222 3 2 1 26 3227 3266 3267 3228
3223 3 2 1 26 3228 3267 3268 3229
3224 3 2 1 26 3229 3268 3269 3230
3225 3 2 1 26 3230 3269 3270 3231
3226 3 2 1 26 3231 3270 3271 3232
3227 3 2 1 26 3232 3271 3272 3233
3228 3 2 1 26 3233 3272 3273 3234
3229 3 2 1 26 3234 3273 3274 3235
3230 3 2 1 26 3235 3274 3275 3236
3231 3 2 1 26 3236 3275 3276 3237
3232 3 2 1 26 3237 3276 3277 3238
3233 3 2 1 26 3238 3277 3278 3239
3234 3 2 1 26 3239 3278 3279 3240
3235 3 2 1 26 3240 3279 3280 3241
3236 3 2 1 26 3241 3280 3281 3242
3237 3 2 1 26 3242 3281 3282 3243
3238 3 2 1 26 3243 3282 3283 3244
3239 3 2 1 26 3244 3283 3284 3245
3240 3 2 1 26 3245 3284 245 246
3241 3 2 1 26 201 202 3285 3246
3242 3 2 1 26 3246 3285 3286 3247
3243 3 2 1 26 3247 3286 3287 3248
3244 3 2 1 26 3248 3287 3288 3249
3245 3 2 1 26 3249 3288 3289 3250
3246 3 2 1 26 3250 3289 3290 3251
3247 3 2 1 26 3251 3290 3291 3252
3248 3 2 1 26 3252 3291 3292 3253
3249 3 2 1 26 3253 3292 3293 3254
3250 3 2 1 26 3254 3293 3294 3255
3251 3 2 1 26 3255 3294 3295 3256
3252 3 2 1 26 3256 3295 3296 3257
3253 3 2 1 26 3257 3296 3297 3258
3254 3 2 1 26 3258 3297 3298 3259
3255 3 2 1 26 3259 3298 3299 3260
3256 3 2 1 26 3260 3299 3300 3261
3257 3 2 1 26 3261 3300 3301 3262
3258 3 2 1 26 3262 3301 3302 3263
3259 3 2 1 26 3263 3302 3303 3264
3260 3 2 1 26 3264 3303 3304 3265
3261 3 2 1 26 3265 3304 3305 3266
3262 3 2 1 26 3266 3305 3306 3267
3263 3 2 1 26 3267 3306 3307 3268
3264 3 2 1 26 3268 3307 3308 3269
3265 3 2 1 26 3269 3308 3309 3270
3266 3 2 1 26 3270 3309 3310 3271
3267 3 2 1 26 3271 3310 3311 3272
3268 3 2 1 26 3272 3311 3312 3273
3269 3 2 1 26 3273 3312 3313 3274
3270 3 2 1 26 3274 3313 3314 3275
3271 3 2 1 26 3275 3314 3315 3276
3272 3 2 1 26 3276 3315 3316 3277
3273 3 2 1 26 3277 3316 3317 3278
3274 3 2 1 26 3278 3317 3318 3279
3275 3 2 1 26 3279 3318 3319 3280
3276 3 2 1 26 3280 3319 3320 3281
3277 3 2 1 26 3281 3320 3321 3282
3278 3 2 1 26 3282 3321 3322 3283
3279 3 2 1 26 3283 3322 3323 3284
3280 3 2 1 26 3284 3323 244 245
3281 3 2 1 26 202 203 3324 3285
3282 3 2 1 26 3285 3324 3325 3286
3283 3 2 1 26 3286 3325 3326 3287
3284 3 2 1 26 3287 3326 3327 3288
3285 3 2 1 26 3288 3327 3328 3289
3286 3 2 1 26 3289 3328 3329 3290
3287 3 2 1 26 3290 3329 3330 3291
3288 3 2 1 26 3291 3330 3331 3292
3289 3 2 1 26 3292 3331 3332 3293
3290 3 2 1 26 3293 3332 3333 3294
3291 3 2 1 26 3294 3333 3334 3295
3292 3 2 1 26 3295 3334 3335 3296
3293 3 2 1 26 3296 3335 3336 3297
3294 3 2 1 26 3297 3336 3337 3298
3295 3 2 1 26 3298 3337 3338 3299
3296 3 2 1 26 3299 3338 3339 3300
3297 3 2 1 26 3300 3339 3340 3301
3298 3 2 1 26 3301 3340 3341 3302
3299 3 2 1 26 3302 3341 3342 3303
3300 3 2 1 26 3303 3342 3343 3304
3301 3 2 1 26 3304 3343 3344 3305
3302 3 2 1 26 3305 3344 3345 3306
3303 3 2 1 26 3306 3345 3346 3307
3304 3 2 1 26 3307 3346 3347 3308
3305 3 2 1 26 3308 3347 3348 3309
3306 3 2 1 26 3309 3348 3349 3310
3307 3 2 1 26 3310 3349 3350 3311
3308 3 2 1 26 3311 3350 3351 3312
3309 3 2 1 26 3312 3351 3352 3313
3310 3 2 1 26 3313 3352 3353 3314
3311 3 2 1 26 3314 3353 3354 3315
3312 3 2 1 26 3315 3354 3355 3316
3313 3 2 1 26 3316 3355 3356 3317
3314 3 2 1 26 3317 3356 3357 3318
3315 3 2 1 26 3318 3357 3358 3319
3316 3 2 1 26 3319 3358 3359 3320
3317 3 2 1 26 3320 3359 3360 3321
3318 3 2 1 26 3321 3360 3361 3322
3319 3 2 1 26 3322 3361 3362 3323
3320 3 2 1 26 3323 3362 243 244
3321 3 2 1 26 203 6 204 3324
3322 3 2 1 26 3324 204 205 3325
3323 3 2 1 26 3325 205 206 3326
3324 3 2 1 26 3326 206 207 3327
3325 3 2 1 26 3327 207 208 3328
3326 3 2 1 26 3328 208 209 3329
3327 3 2 1 26 3329 209 210 3330
3328 3 2 1 26 3330 210 211 3331
3329 3 2 1 26 3331 211 212 3332
3330 3 2 1 26 3332 212 213 3333
3331 3 2 1 26 3333 213 214 3334
3332 3 2 1 26 3334 214 215 3335
3333 3 2 1 26 3335 215 216 3336
3334 3 2 1 26 3336 216 217 3337
3335 3 2 1 26 3337 217 218 3338
3336 3 2 1 26 3338 218 219 3339
3337 3 2 1 26 3339 219 220 3340
3338 3 2 1 26 3340 220 221 3341
3339 3 2 1 26 3341 221 222 3342
3340 3 2 1 26 3342 222 223 3343
3341 3 2 1 26 3343 223 224 3344
3342 3 2 1 26 3344 224 225 3345
3343 3 2 1 26 3345 225 226 3346
3344 3 2 1 26 3346 226 227 3347
3345 3 2 1 26 3347 227 228 3348
3346 3 2 1 26 3348 228 229 3349
3347 3 2 1 26 3349 229 230 3350
3348 3 2 1 26 3350 230 231 3351
3349 3 2 1 26 3351 231 232 3352
3350 3 2 1 26 3352 232 233 3353
3351 3 2 1 26 3353 233 234 3354
3352 3 2 1 26 3354 234 235 3355
3353 3 2 1 26 3355 235 236 3356
3354 3 2 1 26 3356 236 237 3357
3355 3 2 1 26 3357 237 238 3358
3356 3 2 1 26 3358 238 239 3359
3357 3 2 1 26 3359 239 240 3360
3358 3 2 1 26 3360 240 241 3361
3359 3 2 1 26 3361 241 242 3362
3360 3 2 1 26 3362 242 7 243
3361 5 2 4 1 1 9 321 164 5 165 1842 320
3362 5 2 4 1 164 321 322 163 320 1842 1843 319
3363 5 2 4 1 163 322 323 162 319 1843 1844 318
3364 5 2 4 1 162 323 324 161 318 1844 1845 317
3365 5 2 4 1 161 324 325 160 317 1845 1846 316
3366 5 2 4 1 160 325 326 159 316 1846 1847 315
3367 5 2 4 1 159 326 327 158 315 1847 1848 314
3368 5 2 4 1 158 327 328 157 314 1848 1849 313
3369 5 2 4 1 157 328 329 156 313 1849 1850 312
3370 5 2 4 1 156 329 330 155 312 1850 1851 311
3371 5 2 4 1 155 330 331 154 311 1851 1852 310
3372 5 2 4 1 154 331 332 153 310 1852 1853 309
3373 5 2 4 1 153 332 333 152 309 1853 1854 308
3374 5 2 4 1 152 333 334 151 308 1854 1855 307
3375 5 2 4 1 151 334 335 150 307 1855 1856 306
3376 5 2 4 1 150 335 336 149 306 1856 1857 305
3377 5 2 4 1 149 336 337 148 305 1857 1858 304
3378 5 2 4 1 148 337 338 147 304 1858 1859 303
3379 5 2 4 1 147 338 339 146 303 1859 1860 302
3380 5 2 4 1 146 339 340 145 302 1860 1861 301
3381 5 2 4 1 145 340 341 144 301 1861 1862 300
3382 5 2 4 1 144 341 342 143 300 1862 1863 299
3383 5 2 4 1 143 342 343 142 299 1863 1864 298
3384 5 2 4 1 142 343 344 141 298 1864 1865 297
3385 5 2 4 1 141 344 345 140 297 1865 1866 296
3386 5 2 4 1 140 345 346 139 296 1866 1867 295
3387 5 2 4 1 139 346 347 138 295 1867 1868 294
3388 5 2 4 1 138 347 348 137 294 1868 1869 293
3389 5 2 4 1 137 348 349 136 293 1869 1870 292
3390 5 2 4 1 136 349 350 135 292 1870 1871 291
3391 5 2 4 1 135 350 351 134 291 1871 1872 290
3392 5 2 4 1 134 351 352 133 290 1872 1873 289
3393 5 2 4 1 133 352 353 132 289 1873 1874 288
3394 5 2 4 1 132 353 354 131 288 1874 1875 287
3395 5 2 4 1 131 354 355 130 287 1875 1876 286
3396 5 2 4 1 130 355 356 129 286 1876 1877 285
3397 5 2 4 1 129 356 357 128 285 1877 1878 284
3398 5 2 4 1 128 357 358 127 284 1878 1879 283
3399 5 2 4 1 127 358 359 126 283 1879 1880 282
3400 5 2 4 1 126 359 125 4 282 1880 281 8
3401 5 2 4 1 9 10 360 321 165 166 1881 1842
3402 5 2 4 1 321 360 361 322 1842 1881 1882 1843
3403 5 2 4 1 322 361 362 323 1843 1882 1883 1844
3404 5 2 4 1 323 362 363 324 1844 1883 1884 1845
3405 5 2 4 1 324 363 364 325 1845 1884 1885 1846
3406 5 2 4 1 325 364 365 326 1846 1885 1886 1847
3407 5 2 4 1 326 365 366 327 1847 1886 1887 1848
3408 5 2 4 1 327 366 367 328 1848 1887 1888 1849
3409 5 2 4 1 328 367 368 329 1849 1888 1889 1850
3410 5 2 4 1 329 368 369 330 1850 1889 1890 1851
3411 5 2 4 1 330 369 370 331 1851 1890 1891 1852
3412 5 2 4 1 331 370 371 332 1852 1891 1892 1853
3413 5 2 4 1 332 371 372 333 1853 1892 1893 1854
3414 5 2 4 1 333 372 373 334 1854 1893 1894 1855
3415 5 2 4 1 334 373 374 335 1855 1894 1895 1856
3416 5 2 4 1 335 374 375 336 1856 1895 1896 1857
3417 5 2 4 1 336 375 376 337 1857 1896 1897 1858
3418 5 2 4 1 337 376 377 338 1858 1897 1898 1859
3419 5 2 4 1 338 377 378 339 1859 1898 1899 1860
3420 5 2 4 1 339 378 379 340 1860 1899 1900 1861
3421 5 2 4 1 340 379 380 341 1861 1900 1901 1862
3422 5 2 4 1 341 380 381 342 1862 1901 1902 1863
3423 5 2 4 1 342 381 382 343 1863 1902 1903 1864
3424 5 2 4 1 343 382 383 344 1864 1903 1904 1865
3425 5 2 4 1 344 383 384 345 1865 1904 1905 1866
3426 5 2 4 1 345 384 385 346 1866 1905 1906 1867
3427 5 2 4 1 346 385 386 347 1867 1906 1907 1868
3428 5 2 4 1 347 386 387 348 1868 1907 1908 1869
3429 5 2 4 1 348 387 388 349 1869 1908 1909 1870
3430 5 2 4 1 349 388 389 350 1870 1909 1910 1871
3431 5 2 4 1 350 389 390 351 1871 1910 1911 1872
3432 5 2 4 1 351 390 391 352 1872 1911 1912 1873
3433 5 2 4 1 352 391 392 353 1873 1912 1913 1874
3434 5 2 4 1 353 392 393 354 1874 1913 1914 1875
3435 5 2 4 1 354 393 394 355 1875 1914 1915 1876
3436 5 2 4 1 355 394 395 356 1876 1915 1916 1877
3437 5 2 4 1 356 395 396 357 1877 1916 1917 1878
3438 5 2 4 1 357 396 397 358 1878 1917 1918 1879
3439 5 2 4 1 358 397 398 359 1879 1918 1919 1880
3440 5 2 4 1 359 398 124 125 1880 1919 280 281
3441 5 2 4 1 10 11 399 360 166 167 1920 1881
3442 5 2 4 1 360 399 400 361 1881 1920 1921 1882
3443 5 2 4 1 361 400 401 362 1882 1921 1922 1883
3444 5 2 4 1 362 401 402 363 1883 1922 1923 1884
3445 5 2 4 1 363 402 403 364 1884 1923 1924 1885
3446 5 2 4 1 364 403 404 365 1885 1924 1925 1886
3447 5 2 4 1 365 404 405 366 1886 1925 1926 1887
3448 5 2 4 1 366 405 406 367 1887 1926 1927 1888
3449 5 2 4 1 367 406 407 368 1888 1927 1928 1889
3450 5 2 4 1 368 407 408 369 1889 1928 1929 1890
3451 5 2 4 1 369 408 409 370 1890 1929 1930 1891
3452 5 2 4 1 370 409 410 371 1891 1930 1931 1892
3453 5 2 4 1 371 410 411 372 1892 1931 1932 1893
3454 5 2 4 1 372 411 412 373 1893 1932 1933 1894
3455 5 2 4 1 373 412 413 374 1894 1933 1934 1895
3456 5 2 4 1 374 413 414 375 1895 1934 1935 1896
3457 5 2 4 1 375 414 415 376 1896 1935 1936 1897
3458 5 2 4 1 376 415 416 377 1897 1936 1937 1898
3459 5 2 4 1 377 416 417 378 1898 1937 1938 1899
3460 5 2 4 1 378 417 418 379 1899 1938 1939 1900
3461 5 2 4 1 379 418 419 380 1900 1939 1940 1901
3462 5 2 4 1 380 419 420 381 1901 1940 1941 1902
3463 5 2 4 1 381 420 421 382 1902 1941 1942 1903
3464 5 2 4 1 382 421 422 383 1903 1942 1943 1904
3465 5 2 4 1 383 422 423 384 1904 1943 1944 1905
3466 5 2 4 1 384 423 424 385 1905 1944 1945 1906
3467 5 2 4 1 385 424 425 386 1906 1945 1946 1907
3468 5 2 4 1 386 425 426 387 1907 1946 1947 1908
3469 5 2 4 1 387 426 427 388 1908 1947 1948 1909
3470 5 2 4 1 388 427 428 389 1909 1948 1949 1910
3471 5 2 4 1 389 428 429 390 1910 1949 1950 1911
3472 5 2 4 1 390 429 430 391 1911 1950 1951 1912
3473 5 2 4 1 391 430 431 392 1912 1951 1952 1913
3474 5 2 4 1 392 431 432 393 1913 1952 1953 1914
3475 5 2 4 1 393 432 433 394 1914 1953 1954 1915
3476 5 2 4 1 394 433 434 395 1915 1954 1955 1916
3477 5 2 4 1 395 434 435 396 1916 1955 1956 1917
3478 5 2 4 1 396 435 436 397 1917 1956 1957 1918
3479 5 2 4 1 397 436 437 398 1918 1957 1958 1919
3480 5 2 4 1 398 437 123 124 1919 1958 279 280
3481 5 2 4 1 11 12 438 399 167 168 1959 1920
3482 5 2 4 1 399 438 439 400 1920 1959 1960 1921
3483 5 2 4 1 400 439 440 401 1921 1960 1961 1922
3484 5 2 4 1 401 440 441 402 1922 1961 1962 1923
3485 5 2 4 1 402 441 442 403 1923 1962 1963 1924
3486 5 2 4 1 403 442 443 404 1924 1963 1964 1925
3487 5 2 4 1 404 443 444 405 1925 1964 1965 1926
3488 5 2 4 1 405 444 445 406 1926 1965 1966 1927
3489 5 2 4 1 406 445 446 407 1927 1966 1967 1928
3490 5 2 4 1 407 446 447 408 1928 1967 1968 1929
3491 5 2 4 1 408 447 448 409 1929 1968 1969 1930
3492 5 2 4 1 409 448 449 410 1930 1969 1970 1931
3493 5 2 4 1 410 449 450 411 1931 1970 1971 1932
3494 5 2 4 1 411 450 451 412 1932 1971 1972 1933
3495 5 2 4 1 412 451 452 413 1933 1972 1973 1934
3496 5 2 4 1 413 452 453 414 1934 1973 1974 1935
3497 5 2 4 1 414 453 454 415 1935 1974 1975 1936
3498 5 2 4 1 415 454 455 416 1936 1975 1976 1937
3499 5 2 4 1 416 455 456 417 1937 1976 1977 1938
3500 5 2 4 1 417 456 457 418 1938 1977 1978 1939
3501 5 2 4 1 418 457 458 419 1939 1978 1979 1940
3502 5 2 4 1 419 458 459 420 1940 1979 1980 1941
3503 5 2 4 1 420 459 460 421 1941 1980 1981 1942
3504 5 2 4 1 421 460 461 422 1942 1981 1982 1943
3505 5 2 4 1 422 461 462 423 1943 1982 1983 1944
3506 5 2 4 1 423 462 463 424 1944 1983 1984 1945
3507 5 2 4 1 424 463 464 425 1945 1984 1985 1946
3508 5 2 4 1 425 464 465 426 1946 1985 1986 1947
3509 5 2 4 1 426 465 466 427 1947 1986 1987 1948
3510 5 2 4 1 427 466 467 428 1948 1987 1988 1949
3511 5 2 4 1 428 467 468 429 1949 1988 1989 1950
3512 5 2 4 1 429 468 469 430 1950 1989 1990 1951
3513 5 2 4 1 430 469 470 431 1951 1990 1991 1952
3514 5 2 4 1 431 470 471 432 1952 1991 1992 1953
3515 5 2 4 1 432 471 472 433 1953 1992 1993 1954
3516 5 2 4 1 433 472 473 434 1954 1993 1994 1955
3517 5 2 4 1 434 473 474 435 1955 1994 1995 1956
3518 5 2 4 1 435 474 475 436 1956 1995 1996 1957
3519 5 2 4 1 436 475 476 437 1957 1996 1997 1958
3520 5 2 4 1 437 476 122 123 1958 1997 278 279
3521 5 2 4 1 12 13 477 438 168 169 1998 1959
3522 5 2 4 1 438 477 478 439 1959 1998 1999 1960
3523 5 2 4 1 439 478 479 440 1960 1999 2000 1961
3524 5 2 4 1 440 479 480 441 1961 2000 2001 1962
3525 5 2 4 1 441 480 481 442 1962 2001 2002 1963
3526 5 2 4 1 442 481 482 443 1963 2002 2003 1964
3527 5 2 4 1 443 482 483 444 1964 2003 2004 1965
3528 5 2 4 1 444 483 484 445 1965 2004 2005 1966
3529 5 2 4 1 445 484 485 446 1966 2005 2006 1967
3530 5 2 4 1 446 485 486 447 1967 2006 2007 1968
3531 5 2 4 1 447 486 487 448 1968 2007 2008 1969
3532 5 2 4 1 448 487 488 449 1969 2008 2009 1970
3533 5 2 4 1 449 488 489 450 1970 2009 2010 1971
3534 5 2 4 1 450 489 490 451 1971 2010 2011 1972
3535 5 2 4 1 451 490 491 452 1972 2011 2012 1973
3536 5 2 4 1 452 491 492 453 1973 2012 2013 1974
3537 5 2 4 1 453 492 493 454 1974 2013 2014 1975
3538 5 2 4 1 454 493 494 455 1975 2014 2015 1976
3539 5 2 4 1 455 494 495 456 1976 2015 2016 1977
3540 5 2 4 1 456 495 496 457 1977 2016 2017 1978
3541 5 2 4 1 457 496 497 458 1978 2017 2018 1979
3542 5 2 4 1 458 497 498 459 1979 2018 2019 1980
3543 5 2 4 1 459 498 499 460 1980 2019 2020 1981
3544 5 2 4 1 460 499 500 461 1981 2020 2021 1982
3545 5 2 4 1 461 500 501 462 1982 2021 2022 1983
3546 5 2 4 1 462 501 502 463 1983 2022 2023 1984
3547 5 2 4 1 463 502 503 464 1984 2023 2024 1985
3548 5 2 4 1 464 503 504 465 1985 2024 2025 1986
3549 5 2 4 1 465 504 505 466 1986 2025 2026 1987
3550 5 2 4 1 466 505 506 467 1987 2026 2027 1988
3551 5 2 4 1 467 506 507 468 1988 2027 2028 1989
3552 5 2 4 1 468 507 508 469 1989 2028 2029 1990
3553 5 2 4 1 469 508 509 470 1990 2029 2030 1991
3554 5 2 4 1 470 509 510 471 1991 2030 2031 1992
3555 5 2 4 1 471 510 511 472 1992 2031 2032 1993
3556 5 2 4 1 472 511 512 473 1993 2032 2033 1994
3557 5 2 4 1 473 512 513 474 1994 2033 2034 1995
3558 5 2 4 1 474 513 514 475 1995 2034 2035 1996
3559 5 2 4 1 475 514 515 476 1996 2035 2036 1997
3560 5 2 4 1 476 515 121 122 1997 2036 277 278
3561 5 2 4 1 13 14 516 477 169 170 2037 1998
3562 5 2 4 1 477 516 517 478 1998 2037 2038 1999
3563 5 2 4 1 478 517 518 479 1999 2038 2039 2000
3564 5 2 4 1 479 518 519 480 2000 2039 2040 2001
3565 5 2 4 1 480 519 520 481 2001 2040 2041 2002
3566 5 2 4 1 481 520 521 482 2002 2041 2042 2003
3567 5 2 4 1 482 521 522 483 2003 2042 2043 2004
3568 5 2 4 1 483 522 523 484 2004 2043 2044 2005
3569 5 2 4 1 484 523 524 485 2005 2044 2045 2006
3570 5 2 4 1 485 524 525 486 2006 2045 2046 2007
3571 5 2 4 1 486 525 526 487 2007 2046 2047 2008
3572 5 2 4 1 487 526 527 488 2008 2047 2048 2009
3573 5 2 4 1 488 527 528 489 2009 2048 2049 2010
3574 5 2 4 1 489 528 529 490 2010 2049 2050 2011
3575 5 2 4 1 490 529 530 491 2011 2050 2051 2012
3576 5 2 4 1 491 530 531 492 2012 2051 2052 2013
3577 5 2 4 1 492 531 532 493 2013 2052 2053 2014
3578 5 2 4 1 493 532 533 494 2014 2053 2054 2015
3579 5 2 4 1 494 533 534 495 2015 2054 2055 2016
3580 5 2 4 1 495 534 535 496 2016 2055 2056 2017
3581 5 2 4 1 496 535 536 497 2017 2056 2057 2018
3582 5 2 4 1 497 536 537 498 2018 2057 2058 2019
3583 5 2 4 1 498 537 538 499 2019 2058 2059 2020
3584 5 2 4 1 499 538 539 500 2020 2059 2060 2021
3585 5 2 4 1 500 539 540 501 2021 2060 2061 2022
3586 5 2 4 1 501 540 541 502 2022 2061 2062 2023
3587 5 2 4 1 502 541 542 503 2023 2062 2063 2024
3588 5 2 4 1 503 542 543 504 2024 2063 2064 2025
3589 5 2 4 1 504 543 544 505 2025 2064 2065 2026
3590 5 2 4 1 505 544 545 506 2026 2065 2066 2027
3591 5 2 4 1 506 545 546 507 2027 2066 2067 2028
3592 5 2 4 1 507 546 547 508 2028 2067 2068 2029
3593 5 2 4 1 508 547 548 509 2029 2068 2069 2030
3594 5 2 4 1 509 548 549 510 2030 2069 2070 2031
3595 5 2 4 1 510 549 550 511 2031 2070 2071 2032
3596 5 2 4 1 511 550 551 512 2032 2071 2072 2033
3597 5 2 4 1 512 551 552 513 2033 2072 2073 2034
3598 5 2 4 1 513 552 553 514 2034 2073 2074 2035
3599 5 2 4 1 514 553 554 515 2035 2074 2075 2036
3600 5 2 4 1 515 554 120 121 2036 2075 276 277
3601 5 2 4 1 14 15 555 516 170 171 2076 2037
3602 5 2 4 1 516 555 556 517 2037 2076 2077 2038
3603 5 2 4 1 517 556 557 518 2038 2077 2078 2039
3604 5 2 4 1 518 557 558 519 2039 2078 2079 2040
3605 5 2 4 1 519 558 559 520 2040 2079 2080 2041
3606 5 2 4 1 520 559 560 521 2041 2080 2081 2042
3607 5 2 4 1 521 560 561 522 2042 2081 2082 2043
3608 5 2 4 1 522 561 562 523 2043 2082 2083 2044
3609 5 2 4 1 523 562 563 524 2044 2083 2084 2045
3610 5 2 4 1 524 563 564 525 2045 2084 2085 2046
3611 5 2 4 1 525 564 565 526 2046 2085 2086 2047
3612 5 2 4 1 526 565 566 527 2047 2086 2087 2048
3613 5 2 4 1 527 566 567 528 2048 2087 2088 2049
3614 5 2 4 1 528 567 568 529 2049 2088 2089 2050
3615 5 2 4 1 529 568 569 530 2050 2089 2090 2051
3616 5 2 4 1 530 569 570 531 2051 2090 2091 2052
3617 5 2 4 1 531 570 571 532 2052 2091 2092 2053
3618 5 2 4 1 532 571 572 533 2053 2092 2093 2054
3619 5 2 4 1 533 572 573 534 2054 2093 2094 2055
3620 5 2 4 1 534 573 574 535 2055 2094 2095 2056
3621 5 2 4 1 535 574 575 536 2056 2095 2096 2057
3622 5 2 4 1 536 575 576 537 2057 2096 2097 2058
3623 5 2 4 1 537 576 577 538 2058 2097 2098 2059
3624 5 2 4 1 538 577 578 539 2059 2098 2099 2060
3625 5 2 4 1 539 578 579 540 2060 2099 2100 2061
3626 5 2 4 1 540 579 580 541 2061 2100 2101 2062
3627 5 2 4 1 541 580 581 542 2062 2101 2102 2063
3628 5 2 4 1 542 581 582 543 2063 2102 2103 2064
3629 5 2 4 1 543 582 583 544 2064 2103 2104 2065
3630 5 2 4 1 544 583 584 545 2065 2104 2105 2066
3631 5 2 4 1 545 584 585 546 2066 2105 2106 2067
3632 5 2 4 1 546 585 586 547 2067 2106 2107 2068
3633 5 2 4 1 547 586 587 548 2068 2107 2108 2069
3634 5 2 4 1 548 587 588 549 2069 2108 2109 2070
3635 5 2 4 1 549 588 589 550 2070 2109 2110 2071
3636 5 2 4 1 550 589 590 551 2071 2110 2111 2072
3637 5 2 4 1 551 590 591 552 2072 2111 2112 2073
3638 5 2 4 1 552 591 592 553 2073 2112 2113 2074
3639 5 2 4 1 553 592 593 554 2074 2113 2114 2075
3640 5 2 4 1 554 593 119 120 2075 2114 275 276
3641 5 2 4 1 15 16 594 555 171 172 2115 2076
3642 5 2 4 1 555 594 595 556 2076 2115 2116 2077
3643 5 2 4 1 556 595 596 557 2077 2116 2117 2078
3644 5 2 4 1 557 596 597 558 2078 2117 2118 2079
3645 5 2 4 1 558 597 598 559 2079 2118 2119 2080
3646 5 2 4 1 559 598 599 560 2080 2119 2120 2081
3647 5 2 4 1 560 599 600 561 2081 2120 2121 2082
3648 5 2 4 1 561 600 601 562 2082 2121 2122 2083
3649 5 2 4 1 562 601 602 563 2083 2122 2123 2084
3650 5 2 4 1 563 602 603 564 2084 2123 2124 2085
3651 5 2 4 1 564 603 604 565 2085 2124 2125 2086
3652 5 2 4 1 565 604 605 566 2086 2125 2126 2087
3653 5 2 4 1 566 605 606 567 2087 2126 2127 2088
3654 5 2 4 1 567 606 607 568 2088 2127 2128 2089
3655 5 2 4 1 568 607 608 569 2089 2128 2129 2090
3656 5 2 4 1 569 608 609 570 2090 2129 2130 2091
3657 5 2 4 1 570 609 610 571 2091 2130 2131 2092
3658 5 2 4 1 571 610 611 572 2092 2131 2132 2093
3659 5 2 4 1 572 611 612 573 2093 2132 2133 2094
3660 5 2 4 1 573 612 613 574 2094 2133 2134 2095
3661 5 2 4 1 574 613 614 575 2095 2134 2135 2096
3662 5 2 4 1 575 614 615 576 2096 2135 2136 2097
3663 5 2 4 1 576 615 616 577 2097 2136 2137 2098
3664 5 2 4 1 577 616 617 578 2098 2137 2138 2099
3665 5 2 4 1 578 617 618 579 2099 2138 2139 2100
3666 5 2 4 1 579 618 619 580 2100 2139 2140 2101
3667 5 2 4 1 580 619 620 581 2101 2140 2141 2102
3668 5 2 4 1 581 620 621 582 2102 2141 2142 2103
3669 5 2 4 1 582 621 622 583 2103 2142 2143 2104
3670 5 2 4 1 583 622 623 584 2104 2143 2144 2105
3671 5 2 4 1 584 623 624 585 2105 2144 2145 2106
3672 5 2 4 1 585 624 625 586 2106 2145 2146 2107
3673 5 2 4 1 586 625 626 587 2107 2146 2147 2108
3674 5 2 4 1 587 626 627 588 2108 2147 2148 2109
3675 5 2 4 1 588 627 628 589 2109 2148 2149 2110
3676 5 2 4 1 589 628 629 590 2110 2149 2150 2111
3677 5 2 4 1 590 629 630 591 2111 2150 2151 2112
3678 5 2 4 1 591 630 631 592 2112 2151 2152 2113
3679 5 2 4 1 592 631 632 593 2113 2152 2153 2114
3680 5 2 4 1 593 632 118 119 2114 2153 274 275
3681 5 2 4 1 16 17 633 594 172 173 2154 2115
3682 5 2 4 1 594 633 634 595 2115 2154 2155 2116
3683 5 2 4 1 595 634 635 596 2116 2155 2156 2117
3684 5 2 4 1 596 635 636 597 2117 2156 2157 2118
3685 5 2 4 1 597 636 637 598 2118 2157 2158 2119
3686 5 2 4 1 598 637 638 599 2119 2158 2159 2120
3687 5 2 4 1 599 638 639 600 2120 2159 2160 2121
3688 5 2 4 1 600 639 640 601 2121 2160 2161 2122
3689 5 2 4 1 601 640 641 602 2122 2161 2162 2123
3690 5 2 4 1 602 641 642 603 2123 2162 2163 2124
3691 5 2 4 1 603 642 643 604 2124 2163 2164 2125
3692 5 2 4 1 604 643 644 605 2125 2164 2165 2126
3693 5 2 4 1 605 644 645 606 2126 2165 2166 2127
3694 5 2 4 1 606 645 646 607 2127 2166 2167 2128
3695 5 2 4 1 607 646 647 608 2128 2167 2168 2129
3696 5 2 4 1 608 647 648 609 2129 2168 2169 2130
3697 5 2 4 1 609 648 649 610 2130 2169 2170 2131
3698 5 2 4 1 610 649 650 611 2131 2170 2171 2132
3699 5 2 4 1 611 650 651 612 2132 2171 2172 2133
3700 5 2 4 1 612 651 652 613 2133 2172 2173 2134
3701 5 2 4 1 613 652 653 614 2134 2173 2174 2135
3702 5 2 4 1 614 653 654 615 2135 2174 2175 2136
3703 5 2 4 1 615 654 655 616 2136 2175 2176 2137
3704 5 2 4 1 616 655 656 617 2137 2176 2177 2138
3705 5 2 4 1 617 656 657 618 2138 2177 2178 2139
3706 5 2 4 1 618 657 658 619 2139 2178 2179 2140
3707 5 2 4 1 619 658 659 620 2140 2179 2180 2141
3708 5 2 4 1 620 659 660 621 2141 2180 2181 2142
3709 5 2 4 1 621 660 661 622 2142 2181 2182 2143
3710 5 2 4 1 622 661 662 623 2143 2182 2183 2144
3711 5 2 4 1 623 662 663 624 2144 2183 2184 2145
3712 5 2 4 1 624 663 664 625 2145 2184 2185 2146
3713 5 2 4 1 625 664 665 626 2146 2185 2186 2147
3714 5 2 4 1 626 665 666 627 2147 2186 2187 2148
3715 5 2 4 1 627 666 667 628 2148 2187 2188 2149
3716 5 2 4 1 628 667 668 629 2149 2188 2189 2150
3717 5 2 4 1 629 668 669 630 2150 2189 2190 2151
3718 5 2 4 1 630 669 670 631 2151 2190 2191 2152
3719 5 2 4 1 631 670 671 632 2152 2191 2192 2153
3720 5 2 4 1 632 671 117 118 2153 2192 273 274
3721 5 2 4 1 17 18 672 633 173 174 2193 2154
3722 5 2 4 1 633 672 673 634 2154 2193 2194 2155
3723 5 2 4 1 634 673 674 635 2155 2194 2195 2156
3724 5 2 4 1 635 674 675 636 2156 2195 2196 2157
3725 5 2 4 1 636 675 676 637 2157 2196 2197 2158
3726 5 2 4 1 637 676 677 638 2158 2197 2198 2159
3727 5 2 4 1 638 677 678 639 2159 2198 2199 2160
3728 5 2 4 1 639 678 679 640 2160 2199 2200 2161
3729 5 2 4 1 640 679 680 641 2161 2200 2201 2162
3730 5 2 4 1 641 680 681 642 2162 2201 2202 2163
3731 5 2 4 1 642 681 682 643 2163 2202 2203 2164
3732 5 2 4 1 643 682 683 644 2164 2203 2204 2165
3733 5 2 4 1 644 683 684 645 2165 2204 2205 2166
3734 5 2 4 1 645 684 685 646 2166 2205 2206 2167
3735 5 2 4 1 646 685 686 647 2167 2206 2207 2168
3736 5 2 4 1 647 686 687 648 2168 2207 2208 2169
3737 5 2 4 1 648 687 688 649 2169 2208 2209 2170
3738 5 2 4 1 649 688 689 650 2170 2209 2210 2171
3739 5 2 4 1 650 689 690 651 2171 2210 2211 2172
3740 5 2 4 1 651 690 691 652 2172 2211 2212 2173
3741 5 2 4 1 652 691 692 653 2173 2212 2213 2174
3742 5 2 4 1 653 692 693 654 2174 2213 2214 2175
3743 5 2 4 1 654 693 694 655 2175 2214 2215 2176
3744 5 2 4 1 655 694 695 656 2176 2215 2216 2177
3745 5 2 4 1 656 695 696 657 2177 2216 2217 2178
3746 5 2 4 1 657 696 697 658 2178 2217 2218 2179
3747 5 2 4 1 658 697 698 659 2179 2218 2219 2180
3748 5 2 4 1 659 698 699 660 2180 2219 2220 2181
3749 5 2 4 1 660 699 700 661 2181 2220 2221 2182
3750 5 2 4 1 661 700 701 662 2182 2221 2222 2183
3751 5 2 4 1 662 701 702 663 2183 2222 2223 2184
3752 5 2 4 1 663 702 703 664 2184 2223 2224 2185
3753 5 2 4 1 664 703 704 665 2185 2224 2225 2186
3754 5 2 4 1 665 704 705 666 2186 2225 2226 2187
3755 5 2 4 1 666 705 706 667 2187 2226 2227 2188
3756 5 2 4 1 667 706 707 668 2188 2227 2228 2189
3757 5 2 4 1 668 707 708 669 2189 2228 2229 2190
3758 5 2 4 1 669 708 709 670 2190 2229 2230 2191
3759 5 2 4 1 670 709 710 671 2191 2230 2231 2192
3760 5 2 4 1 671 710 116 117 2192 2231 272 273
3761 5 2 4 1 18 19 711 672 174 175 2232 2193
3762 5 2 4 1 672 711 712 673 2193 2232 2233 2194
3763 5 2 4 1 673 712 713 674 2194 2233 2234 2195
3764 5 2 4 1 674 713 714 675 2195 2234 2235 2196
3765 5 2 4 1 675 714 715 676 2196 2235 2236 2197
3766 5 2 4 1 676 715 716 677 2197 2236 2237 2198
3767 5 2 4 1 677 716 717 678 2198 2237 2238 2199
3768 5 2 4 1 678 717 718 679 2199 2238 2239 2200
3769 5 2 4 1 679 718 719 680 2200 2239 2240 2201
3770 5 2 4 1 680 719 720 681 2201 2240 2241 2202
3771 5 2 4 1 681 720 721 682 2202 2241 2242 2203
3772 5 2 4 1 682 721 722 683 2203 2242 2243 2204
3773 5 2 4 1 683 722 723 684 2204 2243 2244 2205
3774 5 2 4 1 684 723 724 685 2205 2244 2245 2206
3775 5 2 4 1 685 724 725 686 2206 2245 2246 2207
3776 5 2 4 1 686 725 726 687 2207 2246 2247 2208
3777 5 2 4 1 687 726 727 688 2208 2247 2248 2209
3778 5 2 4 1 688 727 728 689 2209 2248 2249 2210
3779 5 2 4 1 689 728 729 690 2210 2249 2250 2211
3780 5 2 4 1 690 729 730 691 2211 2250 2251 2212
3781 5 2 4 1 691 730 731 692 2212 2251 2252 2213
3782 5 2 4 1 692 731 732 693 2213 2252 2253 2214
3783 5 2 4 1 693 732 733 694 2214 2253 2254 2215
3784 5 2 4 1 694 733 734 695 2215 2254 2255 2216
3785 5 2 4 1 695 734 735 696 2216 2255 2256 2217
3786 5 2 4 1 696 735 736 697 2217 2256 2257 2218
3787 5 2 4 1 697 736 737 698 2218 2257 2258 2219
3788 5 2 4 1 698 737 738 699 2219 2258 2259 2220
3789 5 2 4 1 699 738 739 700 2220 2259 2260 2221
3790 5 2 4 1 700 739 740 701 2221 2260 2261 2222
3791 5 2 4 1 701 740 741 702 2222 2261 2262 2223
3792 5 2 4 1 702 741 742 703 2223 2262 2263 2224
3793 5 2 4 1 703 742 743 704 2224 2263 2264 2225
3794 5 2 4 1 704 743 744 705 2225 2264 2265 2226
3795 5 2 4 1 705 744 745 706 2226 2265 2266 2227
3796 5 2 4 1 706 745 746 707 2227 2266 2267 2228
3797 5 2 4 1 707 746 747 708 2228 2267 2268 2229
3798 5 2 4 1 708 747 748 709 2229 2268 2269 2230
3799 5 2 4 1 709 748 749 710 2230 2269 2270 2231
3800 5 2 4 1 710 749 115 116 2231 2270 271 272
3801 5 2 4 1 19 20 750 711 175 176 2271 2232
3802 5 2 4 1 711 750 751 712 2232 2271 2272 2233
3803 5 2 4 1 712 751 752 713 2233 2272 2273 2234
3804 5 2 4 1 713 752 753 714 2234 2273 2274 2235
3805 5 2 4 1 714 753 754 715 2235 2274 2275 2236
3806 5 2 4 1 715 754 755 716 2236 2275 2276 2237
3807 5 2 4 1 716 755 756 717 2237 2276 2277 2238
3808 5 2 4 1 717 756 757 718 2238 2277 2278 2239
3809 5 2 4 1 718 757 758 719 2239 2278 2279 2240
3810 5 2 4 1 719 758 759 720 2240 2279 2280 2241
3811 5 2 4 1 720 759 760 721 2241 2280 2281 2242
3812 5 2 4 1 721 760 761 722 2242 2281 2282 2243
3813 5 2 4 1 722 761 762 723 2243 2282 2283 2244
3814 5 2 4 1 723 762 763 724 2244 2283 2284 2245
3815 5 2 4 1 724 763 764 725 2245 2284 2285 2246
3816 5 2 4 1 725 764 765 726 2246 2285 2286 2247
3817 5 2 4 1 726 765 766 727 2247 2286 2287 2248
3818 5 2 4 1 727 766 767 728 2248 2287 2288 2249
3819 5 2 4 1 728 767 768 729 2249 2288 2289 2250
3820 5 2 4 1 729 768 769 730 2250 2289 2290 2251
3821 5 2 4 1 730 769 770 731 2251 2290 2291 2252
3822 5 2 4 1 731 770 771 732 2252 2291 2292 2253
3823 5 2 4 1 732 771 772 733 2253 2292 2293 2254
3824 5 2 4 1 733 772 773 734 2254 2293 2294 2255
3825 5 2 4 1 734 773 774 735 2255 2294 2295 2256
3826 5 2 4 1 735 774 775 736 2256 2295 2296 2257
3827 5 2 4 1 736 775 776 737 2257 2296 2297 2258
3828 5 2 4 1 737 776 777 738 2258 2297 2298 2259
3829 5 2 4 1 738 777 778 739 2259 2298 2299 2260
3830 5 2 4 1 739 778 779 740 2260 2299 2300 2261
3831 5 2 4 1 740 779 780 741 2261 2300 2301 2262
3832 5 2 4 1 741 780 781 742 2262 2301 2302 2263
3833 5 2 4 1 742 781 782 743 2263 2302 2303 2264
3834 5 2 4 1 743 782 783 744 2264 2303 2304 2265
3835 5 2 4 1 744 783 784 745 2265 2304 2305 2266
3836 5 2 4 1 745 784 785 746 2266 2305 2306 2267
3837 5 2 4 1 746 785 786 747 2267 2306 2307 2268
3838 5 2 4 1 747 786 787 748 2268 2307 2308 2269
3839 5 2 4 1 748 787 788 749 2269 2308 2309 2270
3840 5 2 4 1 749 788 114 115 2270 2309 270 271
3841 5 2 4 1 20 21 789 750 176 177 2310 2271
3842 5 2 4 1 750 789 790 751 2271 2310 2311 2272
3843 5 2 4 1 751 790 791 752 2272 2311 2312 2273
3844 5 2 4 1 752 791 792 753 2273 2312 2313 2274
3845 5 2 4 1 753 792 793 754 2274 2313 2314 2275
3846 5 2 4 1 754 793 794 755 2275 2314 2315 2276
3847 5 2 4 1 755 794 795 756 2276 2315 2316 2277
3848 5 2 4 1 756 795 796 757 2277 2316 2317 2278
3849 5 2 4 1 757 796 797 758 2278 2317 2318 2279
3850 5 2 4 1 758 797 798 759 2279 2318 2319 2280
3851 5 2 4 1 759 798 799 760 2280 2319 2320 2281
3852 5 2 4 1 760 799 800 761 2281 2320 2321 2282
3853 5 2 4 1 761 800 801 762 2282 2321 2322 2283
3854 5 2 4 1 762 801 802 763 2283 2322 2323 2284
3855 5 2 4 1 763 802 803 764 2284 2323 2324 2285
3856 5 2 4 1 764 803 804 765 2285 2324 2325 2286
3857 5 2 4 1 765 804 805 766 2286 2325 2326 2287
3858 5 2 4 1 766 805 806 767 2287 2326 2327 2288
3859 5 2 4 1 767 806 807 768 2288 2327 2328 2289
3860 5 2 4 1 768 807 808 769 2289 2328 2329 2290
3861 5 2 4 1 769 808 809 770 2290 2329 2330 2291
3862 5 2 4 1 770 809 810 771 2291 2330 2331 2292
3863 5 2 4 1 771 810 811 772 2292 2331 2332 2293
3864 5 2 4 1 772 811 812 773 2293 2332 2333 2294
3865 5 2 4 1 773 812 813 774 2294 2333 2334 2295
3866 5 2 4 1 774 813 814 775 2295 2334 2335 2296
3867 5 2 4 1 775 814 815 776 2296 2335 2336 2297
3868 5 2 4 1 776 815 816 777 2297 2336 2337 2298
3869 5 2 4 1 777 816 817 778 2298 2337 2338 2299
3870 5 2 4 1 778 817 818 779 2299 2338 2339 2300
3871 5 2 4 1 779 818 819 780 2300 2339 2340 2301
3872 5 2 4 1 780 819 820 781 2301 2340 2341 2302
3873 5 2 4 1 781 820 821 782 2302 2341 2342 2303
3874 5 2 4 1 782 821 822 783 2303 2342 2343 2304
3875 5 2 4 1 783 822 823 784 2304 2343 2344 2305
3876 5 2 4 1 784 823 824 785 2305 2344 2345 2306
3877 5 2 4 1 785 824 825 786 2306 2345 2346 2307
3878 5 2 4 1 786 825 826 787 2307 2346 2347 2308
3879 5 2 4 1 787 826 827 788 2308 2347 2348 2309
3880 5 2 4 1 788 827 113 114 2309 2348 269 270
3881 5 2 4 1 21 22 828 789 177 178 2349 2310
3882 5 2 4 1 789 828 829 790 2310 2349 2350 2311
3883 5 2 4 1 790 829 830 791 2311 2350 2351 2312
3884 5 2 4 1 791 830 831 792 2312 2351 2352 2313
3885 5 2 4 1 792 831 832 793 2313 2352 2353 2314
3886 5 2 4 1 793 832 833 794 2314 2353 2354 2315
3887 5 2 4 1 794 833 834 795 2315 2354 2355 2316
3888 5 2 4 1 795 834 835 796 2316 2355 2356 2317
3889 5 2 4 1 796 835 836 797 2317 2356 2357 2318
3890 5 2 4 1 797 836 837 798 2318 2357 2358 2319
3891 5 2 4 1 798 837 838 799 2319 2358 2359 2320
3892 5 2 4 1 799 838 839 800 2320 2359 2360 2321
3893 5 2 4 1 800 839 840 801 2321 2360 2361 2322
3894 5 2 4 1 801 840 841 802 2322 2361 2362 2323
3895 5 2 4 1 802 841 842 803 2323 2362 2363 2324
3896 5 2 4 1 803 842 843 804 2324 2363 2364 2325
3897 5 2 4 1 804 843 844 805 2325 2364 2365 2326
3898 5 2 4 1 805 844 845 806 2326 2365 2366 2327
3899 5 2 4 1 806 845 846 807 2327 2366 2367 2328
3900 5 2 4 1 807 846 847 808 2328 2367 2368 2329
3901 5 2 4 1 808 847 848 809 2329 2368 2369 2330
3902 5 2 4 1 809 848 849 810 2330 2369 2370 2331
3903 5 2 4 1 810 849 850 811 2331 2370 2371 2332
3904 5 2 4 1 811 850 851 812 2332 2371 2372 2333
3905 5 2 4 1 812 851 852 813 2333 2372 2373 2334
3906 5 2 4 1 813 852 853 814 2334 2373 2374 2335
3907 5 2 4 1 814 853 854 815 2335 2374 2375 2336
3908 5 2 4 1 815 854 855 816 2336 2375 2376 2337
3909 5 2 4 1 816 855 856 817 2337 2376 2377 2338
3910 5 2 4 1 817 856 857 818 2338 2377 2378 2339
3911 5 2 4 1 818 857 858 819 2339 2378 2379 2340
3912 5 2 4 1 819 858 859 820 2340 2379 2380 2341
3913 5 2 4 1 820 859 860 821 2341 2380 2381 2342
3914 5 2 4 1 821 860 861 822 2342 2381 2382 2343
3915 5 2 4 1 822 861 862 823 2343 2382 2383 2344
3916 5 2 4 1 823 862 863 824 2344 2383 2384 2345
3917 5 2 4 1 824 863 864 825 2345 2384 2385 2346
3918 5 2 4 1 825 864 865 826 2346 2385 2386 2347
3919 5 2 4 1 826 865 866 827 2347 2386 2387 2348
3920 5 2 4 1 827 866 112 113 2348 2387 268 269
3921 5 2 4 1 22 23 867 828 178 179 2388 2349
3922 5 2 4 1 828 867 868 829 2349 2388 2389 2350
3923 5 2 4 1 829 868 869 830 2350 2389 2390 2351
3924 5 2 4 1 830 869 870 831 2351 2390 2391 2352
3925 5 2 4 1 831 870 871 832 2352 2391 2392 2353
3926 5 2 4 1 832 871 872 833 2353 2392 2393 2354
3927 5 2 4 1 833 872 873 834 2354 2393 2394 2355
3928 5 2 4 1 834 873 874 835 2355 2394 2395 2356
3929 5 2 4 1 835 874 875 836 2356 2395 2396 2357
3930 5 2 4 1 836 875 876 837 2357 2396 2397 2358
3931 5 2 4 1 837 876 877 838 2358 2397 2398 2359
3932 5 2 4 1 838 877 878 839 2359 2398 2399 2360
3933 5 2 4 1 839 878 879 840 2360 2399 2400 2361
3934 5 2 4 1 840 879 880 841 2361 2400 2401 2362
3935 5 2 4 1 841 880 881 842 2362 2401 2402 2363
3936 5 2 4 1 842 881 882 843 2363 2402 2403 2364
3937 5 2 4 1 843 882 883 844 2364 2403 2404 2365
3938 5 2 4 1 844 883 884 845 2365 2404 2405 2366
3939 5 2 4 1 845 884 885 846 2366 2405 2406 2367
3940 5 2 4 1 846 885 886 847 2367 2406 2407 2368
3941 5 2 4 1 847 886 887 848 2368 2407 2408 2369
3942 5 2 4 1 848 887 888 849 2369 2408 2409 2370
3943 5 2 4 1 849 888 889 850 2370 2409 2410 2371
3944 5 2 4 1 850 889 890 851 2371 2410 2411 2372
3945 5 2 4 1 851 890 891 852 2372 2411 2412 2373
3946 5 2 4 1 852 891 892 853 2373 2412 2413 2374
3947 5 2 4 1 853 892 893 854 2374 2413 2414 2375
3948 5 2 4 1 854 893 894 855 2375 2414 2415 2376
3949 5 2 4 1 855 894 895 856 2376 2415 2416 2377
3950 5 2 4 1 856 895 896 857 2377 2416 2417 2378
3951 5 2 4 1 857 896 897 858 2378 2417 2418 2379
3952 5 2 4 1 858 897 898 859 2379 2418 2419 2380
3953 5 2 4 1 859 898 899 860 2380 2419 2420 2381
3954 5 2 4 1 860 899 900 861 2381 2420 2421 2382
3955 5 2 4 1 861 900 901 862 2382 2421 2422 2383
3956 5 2 4 1 862 901 902 863 2383 2422 2423 2384
3957 5 2 4 1 863 902 903 864 2384 2423 2424 2385
3958 5 2 4 1 864 903 904 865 2385 2424 2425 2386
3959 5 2 4 1 865 904 905 866 2386 2425 2426 2387
3960 5 2 4 1 866 905 111 112 2387 2426 267 268
3961 5 2 4 1 23 24 906 867 179 180 2427 2388
3962 5 2 4 1 867 906 907 868 2388 2427 2428 2389
3963 5 2 4 1 868 907 908 869 2389 2428 2429 2390
3964 5 2 4 1 869 908 909 870 2390 2429 2430 2391
3965 5 2 4 1 870 909 910 871 2391 2430 2431 2392
3966 5 2 4 1 871 910 911 872 2392 2431 2432 2393
3967 5 2 4 1 872 911 912 873 2393 2432 2433 2394
3968 5 2 4 1 873 912 913 874 2394 2433 2434 2395
3969 5 2 4 1 874 913 914 875 2395 2434 2435 2396
3970 5 2 4 1 875 914 915 876 2396 2435 2436 2397
3971 5 2 4 1 876 915 916 877 2397 2436 2437 2398
3972 5 2 4 1 877 916 917 878 2398 2437 2438 2399
3973 5 2 4 1 878 917 918 879 2399 2438 2439 2400
3974 5 2 4 1 879 918 919 880 2400 2439 2440 2401
3975 5 2 4 1 880 919 920 881 2401 2440 2441 2402
3976 5 2 4 1 881 920 921 882 2402 2441 2442 2403
3977 5 2 4 1 882 921 922 883 2403 2442 2443 2404
3978 5 2 4 1 883 922 923 884 2404 2443 2444 2405
3979 5 2 4 1 884 923 924 885 2405 2444 2445 2406
3980 5 2 4 1 885 924 925 886 2406 2445 2446 2407
3981 5 2 4 1 886 925 926 887 2407 2446 2447 2408
3982 5 2 4 1 887 926 927 888 2408 2447 2448 2409
3983 5 2 4 1 888 927 928 889 2409 2448 2449 2410
3984 5 2 4 1 889 928 929 890 2410 2449 2450 2411
3985 5 2 4 1 890 929 930 891 2411 2450 2451 2412
3986 5 2 4 1 891 930 931 892 2412 2451 2452 2413
3987 5 2 4 1 892 931 932 893 2413 2452 2453 2414
3988 5 2 4 1 893 932 933 894 2414 2453 2454 2415
3989 5 2 4 1 894 933 934 895 2415 2454 2455 2416
3990 5 2 4 1 895 934 935 896 2416 2455 2456 2417
3991 5 2 4 1 896 935 936 897 2417 2456 2457 2418
3992 5 2 4 1 897 936 937 898 2418 2457 2458 2419
3993 5 2 4 1 898 937 938 899 2419 2458 2459 2420
3994 5 2 4 1 899 938 939 900 2420 2459 2460 2421
3995 5 2 4 1 900 939 940 901 2421 2460 2461 2422
3996 5 2 4 1 901 940 941 902 2422 2461 2462 2423
3997 5 2 4 1 902 941 942 903 2423 2462 2463 2424
3998 5 2 4 1 903 942 943 904 2424 2463 2464 2425
3999 5 2 4 1 904 943 944 905 2425 2464 2465 2426
4000 5 2 4 1 905 944 110 111 2426 2465 266 267
4001 5 2 4 1 24 25 945 906 180 181 2466 2427
4002 5 2 4 1 906 945 946 907 2427 2466 2467 2428
4003 5 2 4 1 907 946 947 908 2428 2467 2468 2429
4004 5 2 4 1 908 947 948 909 2429 2468 2469 2430
4005 5 2 4 1 909 948 949 910 2430 2469 2470 2431
4006 5 2 4 1 910 949 950 911 2431 2470 2471 2432
4007 5 2 4 1 911 950 951 912 2432 2471 2472 2433
4008 5 2 4 1 912 951 952 913 2433 2472 2473 2434
4009 5 2 4 1 913 952 953 914 2434 2473 2474 2435
4010 5 2 4 1 914 953 954 915 2435 2474 2475 2436
4011 5 2 4 1 915 954 955 916 2436 2475 2476 2437
4012 5 2 4 1 916 955 956 917 2437 2476 2477 2438
4013 5 2 4 1 917 956 957 918 2438 2477 2478 2439
4014 5 2 4 1 918 957 958 919 2439 2478 2479 2440
4015 5 2 4 1 919 958 959 920 2440 2479 2480 2441
4016 5 2 4 1 920 959 960 921 2441 2480 2481 2442
4017 5 2 4 1 921 960 961 922 2442 2481 2482 2443
4018 5 2 4 1 922 961 962 923 2443 2482 2483 2444
4019 5 2 4 1 923 962 963 924 2444 2483 2484 2445
4020 5 2 4 1 924 963 964 925 2445 2484 2485 2446
4021 5 2 4 1 925 964 965 926 2446 2485 2486 2447
4022 5 2 4 1 926 965 966 927 2447 2486 2487 2448
4023 5 2 4 1 927 966 967 928 2448 2487 2488 2449
4024 5 2 4 1 928 967 968 929 2449 2488 2489 2450
4025 5 2 4 1 929 968 969 930 2450 2489 2490 2451
4026 5 2 4 1 930 969 970 931 2451 2490 2491 2452
4027 5 2 4 1 931 970 971 932 2452 2491 2492 2453
4028 5 2 4 1 932 971 972 933 2453 2492 2493 2454
4029 5 2 4 1 933 972 973 934 2454 2493 2494 2455
4030 5 2 4 1 934 973 974 935 2455 2494 2495 2456
4031 5 2 4 1 935 974 975 936 2456 2495 2496 2457
4032 5 2 4 1 936 975 976 937 2457 2496 2497 2458
4033 5 2 4 1 937 976 977 938 2458 2497 2498 2459
4034 5 2 4 1 938 977 978 939 2459 2498 2499 2460
4035 5 2 4 1 939 978 979 940 2460 2499 2500 2461
4036 5 2 4 1 940 979 980 941 2461 2500 2501 2462
4037 5 2 4 1 941 980 981 942 2462 2501 2502 2463
4038 5 2 4 1 942 981 982 943 2463 2502 2503 2464
4039 5 2 4 1 943 982 983 944 2464 2503 2504 2465
4040 5 2 4 1 944 983 109 110 2465 2504 265 266
4041 5 2 4 1 25 26 984 945 181 182 2505 2466
4042 5 2 4 1 945 984 985 946 2466 2505 2506 2467
4043 5 2 4 1 946 985 986 947 2467 2506 2507 2468
4044 5 2 4 1 947 986 987 948 2468 2507 2508 2469
4045 5 2 4 1 948 987 988 949 2469 2508 2509 2470
4046 5 2 4 1 949 988 989 950 2470 2509 2510 2471
4047 5 2 4 1 950 989 990 951 2471 2510 2511 2472
4048 5 2 4 1 951 990 991 952 2472 2511 2512 2473
4049 5 2 4 1 952 991 992 953 2473 2512 2513 2474
4050 5 2 4 1 953 992 993 954 2474 2513 2514 2475
4051 5 2 4 1 954 993 994 955 2475 2514 2515 2476
4052 5 2 4 1 955 994 995 956 2476 2515 2516 2477
4053 5 2 4 1 956 995 996 957 2477 2516 2517 2478
4054 5 2 4 1 957 996 997 958 2478 2517 2518 2479
4055 5 2 4 1 958 997 998 959 2479 2518 2519 2480
4056 5 2 4 1 959 998 999 960 2480 2519 2520 2481
4057 5 2 4 1 960 999 1000 961 2481 2520 2521 2482
4058 5 2 4 1 961 1000 1001 962 2482 2521 2522 2483
4059 5 2 4 1 962 1001 1002 963 2483 2522 2523 2484
4060 5 2 4 1 963 1002 1003 964 2484 2523 2524 2485
4061 5 2 4 1 964 1003 1004 965 2485 2524 2525 2486
4062 5 2 4 1 965 1004 1005 966 2486 2525 2526 2487
4063 5 2 4 1 966 1005 1006 967 2487 2526 2527 2488
4064 5 2 4 1 967 1006 1007 968 2488 2527 2528 2489
4065 5 2 4 1 968 1007 1008 969 2489 2528 2529 2490
4066 5 2 4 1 969 1008 1009 970 2490 2529 2530 2491
4067 5 2 4 1 970 1009 1010 971 2491 2530 2531 2492
4068 5 2 4 1 971 1010 1011 972 2492 2531 2532 2493
4069 5 2 4 1 972 1011 1012 973 2493 2532 2533 2494
4070 5 2 4 1 973 1012 1013 974 2494 2533 2534 2495
4071 5 2 4 1 974 1013 1014 975 2495 2534 2535 2496
4072 5 2 4 1 975 1014 1015 976 2496 2535 2536 2497
4073 5 2 4 1 976 1015 1016 977 2497 2536 2537 2498
4074 5 2 4 1 977 1016 1017 978 2498 2537 2538 2499
4075 5 2 4 1 978 1017 1018 979 2499 2538 2539 2500
4076 5 2 4 1 979 1018 1019 980 2500 2539 2540 2501
4077 5 2 4 1 980 1019 1020 981 2501 2540 2541 2502
4078 5 2 4 1 981 1020 1021 982 2502 2541 2542 2503
4079 5 2 4 1 982 1021 1022 983 2503 2542 2543 2504
4080 5 2 4 1 983 1022 108 109 2504 2543 264 265
4081 5 2 4 1 26 27 1023 984 182 183 2544 2505
4082 5 2 4 1 984 1023 1024 985 2505 2544 2545 2506
4083 5 2 4 1 985 1024 1025 986 2506 2545 2546 2507
4084 5 2 4 1 986 1025 1026 987 2507 2546 2547 2508
4085 5 2 4 1 987 1026 1027 988 2508 2547 2548 2509
4086 5 2 4 1 988 1027 1028 989 2509 2548 2549 2510
4087 5 2 4 1 989 1028 1029 990 2510 2549 2550 2511
4088 5 2 4 1 990 1029 1030 991 2511 2550 2551 2512
4089 5 2 4 1 991 1030 1031 992 2512 2551 2552 2513
4090 5 2 4 1 992 1031 1032 993 2513 2552 2553 2514
4091 5 2 4 1 993 1032 1033 994 2514 2553 2554 2515
4092 5 2 4 1 994 1033 1034 995 2515 2554 2555 2516
4093 5 2 4 1 995 1034 1035 996 2516 2555 2556 2517
4094 5 2 4 1 996 1035 1036 997 2517 2556 2557 2518
4095 5 2 4 1 997 1036 1037 998 2518 2557 2558 2519
4096 5 2 4 1 998 1037 1038 999 2519 2558 2559 2520
4097 5 2 4 1 999 1038 1039 1000 2520 2559 2560 2521
4098 5 2 4 1 1000 1039 1040 1001 2521 2560 2561 2522
4099 5 2 4 1 1001 1040 1041 1002 2522 2561 2562 2523
4100 5 2 4 1 1002 1041 1042 1003 2523 2562 2563 2524
4101 5 2 4 1 1003 1042 1043 1004 2524 2563 2564 2525
4102 5 2 4 1 1004 1043 1044 1005 2525 2564 2565 2526
4103 5 2 4 1 1005 1044 1045 1006 2526 2565 2566 2527
4104 5 2 4 1 1006 1045 1046 1007 2527 2566 2567 2528
4105 5 2 4 1 1007 1046 1047 1008 2528 2567 2568 2529
4106 5 2 4 1 1008 1047 1048 1009 2529 2568 2569 2530
4107 5 2 4 1 1009 1048 1049 1010 2530 2569 2570 2531
4108 5 2 4 1 1010 1049 1050 1011 2531 2570 2571 2532
4109 5 2 4 1 1011 1050 1051 1012 2532 2571 2572 2533
4110 5 2 4 1 1012 1051 1052 1013 2533 2572 2573 2534
4111 5 2 4 1 1013 1052 1053 1014 2534 2573 2574 2535
4112 5 2 4 1 1014 1053 1054 1015 2535 2574 2575 2536
4113 5 2 4 1 1015 1054 1055 1016 2536 2575 2576 2537
4114 5 2 4 1 1016 1055 1056 1017 2537 2576 2577 2538
4115 5 2 4 1 1017 1056 1057 1018 2538 2577 2578 2539
4116 5 2 4 1 1018 1057 1058 1019 2539 2578 2579 2540
4117 5 2 4 1 1019 1058 1059 1020 2540 2579 2580 2541
4118 5 2 4 1 1020 1059 1060 1021 2541 2580 2581 2542
4119 5 2 4 1 1021 1060 1061 1022 2542 2581 2582 2543
4120 5 2 4 1 1022 1061 107 108 2543 2582 263 264
4121 5 2 4 1 27 28 1062 1023 183 184 2583 2544
4122 5 2 4 1 1023 1062 1063 1024 2544 2583 2584 2545
4123 5 2 4 1 1024 1063 1064 1025 2545 2584 2585 2546
4124 5 2 4 1 1025 1064 1065 1026 2546 2585 2586 2547
4125 5 2 4 1 1026 1065 1066 1027 2547 2586 2587 2548
4126 5 2 4 1 1027 1066 1067 1028 2548 2587 2588 2549
4127 5 2 4 1 1028 1067 1068 1029 2549 2588 2589 2550
4128 5 2 4 1 1029 1068 1069 1030 2550 2589 2590 2551
4129 5 2 4 1 1030 1069 1070 1031 2551 2590 2591 2552
4130 5 2 4 1 1031 1070 1071 1032 2552 2591 2592 2553
4131 5 2 4 1 1032 1071 1072 1033 2553 2592 2593 2554
4132 5 2 4 1 1033 1072 1073 1034 2554 2593 2594 2555
4133 5 2 4 1 1034 1073 1074 1035 2555 2594 2595 2556
4134 5 2 4 1 1035 1074 1075 1036 2556 2595 2596 2557
4135 5 2 4 1 1036 1075 1076 1037 2557 2596 2597 2558
4136 5 2 4 1 1037 1076 1077 1038 2558 2597 2598 2559
4137 5 2 4 1 1038 1077 1078 1039 2559 2598 2599 2560
4138 5 2 4 1 1039 1078 1079 1040 2560 2599 2600 2561
4139 5 2 4 1 1040 1079 1080 1041 2561 2600 2601 2562
4140 5 2 4 1 1041 1080 1081 1042 2562 2601 2602 2563
4141 5 2 4 1 1042 1081 1082 1043 2563 2602 2603 2564
4142 5 2 4 1 1043 1082 1083 1044 2564 2603 2604 2565
4143 5 2 4 1 1044 1083 1084 1045 2565 2604 2605 2566
4144 5 2 4 1 1045 1084 1085 1046 2566 2605 2606 2567
4145 5 2 4 1 1046 1085 1086 1047 2567 2606 2607 2568
4146 5 2 4 1 1047 1086 1087 1048 2568 2607 2608 2569
4147 5 2 4 1 1048 1087 1088 1049 2569 2608 2609 2570
4148 5 2 4 1 1049 1088 1089 1050 2570 2609 2610 2571
4149 5 2 4 1 1050 1089 1090 1051 2571 2610 2611 2572
4150 5 2 4 1 1051 1090 1091 1052 2572 2611 2612 2573
4151 5 2 4 1 1052 1091 1092 1053 2573 2612 2613 2574
4152 5 2 4 1 1053 1092 1093 1054 2574 2613 2614 2575
4153 5 2 4 1 1054 1093 1094 1055 2575 2614 2615 2576
4154 5 2 4 1 1055 1094 1095 1056 2576 2615 2616 2577
4155 5 2 4 1 1056 1095 1096 1057 2577 2616 2617 2578
4156 5 2 4 1 1057 1096 1097 1058 2578 2617 2618 2579
4157 5 2 4 1 1058 1097 1098 1059 2579 2618 2619 2580
4158 5 2 4 1 1059 1098 1099 1060 2580 2619 2620 2581
4159 5 2 4 1 1060 1099 1100 1061 2581 2620 2621 2582
4160 5 2 4 1 1061 1100 106 107 2582 2621 262 263
4161 5 2 4 1 28 29 1101 1062 184 185 2622 2583
4162 5 2 4 1 1062 1101 1102 1063 2583 2622 2623 2584
4163 5 2 4 1 1063 1102 1103 1064 2584 2623 2624 2585
4164 5 2 4 1 1064 1103 1104 1065 2585 2624 2625 2586
4165 5 2 4 1 1065 1104 1105 1066 2586 2625 2626 2587
4166 5 2 4 1 1066 1105 1106 1067 2587 2626 2627 2588
4167 5 2 4 1 1067 1106 1107 1068 2588 2627 2628 2589
4168 5 2 4 1 1068 1107 1108 1069 2589 2628 2629 2590
4169 5 2 4 1 1069 1108 1109 1070 2590 2629 2630 2591
4170 5 2 4 1 1070 1109 1110 1071 2591 2630 2631 2592
4171 5 2 4 1 1071 1110 1111 1072 2592 2631 2632 2593
4172 5 2 4 1 1072 1111 1112 1073 2593 2632 2633 2594
4173 5 2 4 1 1073 1112 1113 1074 2594 2633 2634 2595
4174 5 2 4 1 1074 1113 1114 1075 2595 2634 2635 2596
4175 5 2 4 1 1075 1114 1115 1076 2596 2635 2636 2597
4176 5 2 4 1 1076 1115 1116 1077 2597 2636 2637 2598
4177 5 2 4 1 1077 1116 1117 1078 2598 2637 2638 2599
4178 5 2 4 1 1078 1117 1118 1079 2599 2638 2639 2600
4179 5 2 4 1 1079 1118 1119 1080 2600 2639 2640 2601
4180 5 2 4 1 1080 1119 1120 1081 2601 2640 2641 2602
4181 5 2 4 1 1081 1120 1121 1082 2602 2641 2642 2603
4182 5 2 4 1 1082 1121 1122 1083 2603 2642 2643 2604
4183 5 2 4 1 1083 1122 1123 1084 2604 2643 2644 2605
4184 5 2 4 1 1084 1123 1124 1085 2605 2644 2645 2606
4185 5 2 4 1 1085 1124 1125 1086 2606 2645 2646 2607
4186 5 2 4 1 1086 1125 1126 1087 2607 2646 2647 2608
4187 5 2 4 1 1087 1126 1127 1088 2608 2647 2648 2609
4188 5 2 4 1 1088 1127 1128 1089 2609 2648 2649 2610
4189 5 2 4 1 1089 1128 1129 1090 2610 2649 2650 2611
4190 5 2 4 1 1090 1129 1130 1091 2611 2650 2651 2612
4191 5 2 4 1 1091 1130 1131 1092 2612 2651 2652 2613
4192 5 2 4 1 1092 1131 1132 1093 2613 2652 2653 2614
4193 5 2 4 1 1093 1132 1133 1094 2614 2653 2654 2615
4194 5 2 4 1 1094 1133 1134 1095 2615 2654 2655 2616
4195 5 2 4 1 1095 1134 1135 1096 2616 2655 2656 2617
4196 5 2 4 1 1096 1135 1136 1097 2617 2656 2657 2618
4197 5 2 4 1 1097 1136 1137 1098 2618 2657 2658 2619
4198 5 2 4 1 1098 1137 1138 1099 2619 2658 2659 2620
4199 5 2 4 1 1099 1138 1139 1100 2620 2659 2660 2621
4200 5 2 4 1 1100 1139 105 106 2621 2660 261 262
4201 5 2 4 1 29 30 1140 1101 185 186 2661 2622
4202 5 2 4 1 1101 1140 1141 1102 2622 2661 2662 2623
4203 5 2 4 1 1102 1141 1142 1103 2623 2662 2663 2624
4204 5 2 4 1 1103 1142 1143 1104 2624 2663 2664 2625
4205 5 2 4 1 1104 1143 1144 1105 2625 2664 2665 2626
4206 5 2 4 1 1105 1144 1145 1106 2626 2665 2666 2627
4207 5 2 4 1 1106 1145 1146 1107 2627 2666 2667 2628
4208 5 2 4 1 1107 1146 1147 1108 2628 2667 2668 2629
4209 5 2 4 1 1108 1147 1148 1109 2629 2668 2669 2630
4210 5 2 4 1 1109 1148 1149 1110 2630 2669 2670 2631
4211 5 2 4 1 1110 1149 1150 1111 2631 2670 2671 2632
4212 5 2 4 1 1111 1150 1151 1112 2632 2671 2672 2633
4213 5 2 4 1 1112 1151 1152 1113 2633 2672 2673 2634
4214 5 2 4 1 1113 1152 1153 1114 2634 2673 2674 2635
4215 5 2 4 1 1114 1153 1154 1115 2635 2674 2675 2636
4216 5 2 4 1 1115 1154 1155 1116 2636 2675 2676 2637
4217 5 2 4 1 1116 1155 1156 1117 2637 2676 2677 2638
4218 5 2 4 1 1117 1156 1157 1118 2638 2677 2678 2639
4219 5 2 4 1 1118 1157 1158 1119 2639 2678 2679 2640
4220 5 2 4 1 1119 1158 1159 1120 2640 2679 2680 2641
4221 5 2 4 1 1120 1159 1160 1121 2641 2680 2681 2642
4222 5 2 4 1 1121 1160 1161 1122 2642 2681 2682 2643
4223 5 2 4 1 1122 1161 1162 1123 2643 2682 2683 2644
4224 5 2 4 1 1123 1162 1163 1124 2644 2683 2684 2645
4225 5 2 4 1 1124 1163 1164 1125 2645 2684 2685 2646
4226 5 2 4 1 1125 1164 1165 1126 2646 2685 2686 2647
4227 5 2 4 1 1126 1165 1166 1127 2647 2686 2687 2648
4228 5 2 4 1 1127 1166 1167 1128 2648 2687 2688 2649
4229 5 2 4 1 1128 1167 1168 1129 2649 2688 2689 2650
4230 5 2 4 1 1129 1168 1169 1130 2650 2689 2690 2651
4231 5 2 4 1 1130 1169 1170 1131 2651 2690 2691 2652
4232 5 2 4 1 1131 1170 1171 1132 2652 2691 2692 2653
4233 5 2 4 1 1132 1171 1172 1133 2653 2692 2693 2654
4234 5 2 4 1 1133 1172 1173 1134 2654 2693 2694 2655
4235 5 2 4 1 1134 1173 1174 1135 2655 2694 2695 2656
4236 5 2 4 1 1135 1174 1175 1136 2656 2695 2696 2657
4237 5 2 4 1 1136 1175 1176 1137 2657 2696 2697 2658
4238 5 2 4 1 1137 1176 1177 1138 2658 2697 2698 2659
4239 5 2 4 1 1138 1177 1178 1139 2659 2698 2699 2660
4240 5 2 4 1 1139 1178 104 105 2660 2699 260 261
4241 5 2 4 1 30 31 1179 1140 186 187 2700 2661
4242 5 2 4 1 1140 1179 1180 1141 2661 2700 2701 2662
4243 5 2 4 1 1141 1180 1181 1142 2662 2701 2702 2663
4244 5 2 4 1 1142 1181 1182 1143 2663 2702 2703 2664
4245 5 2 4 1 1143 1182 1183 1144 2664 2703 2704 2665
4246 5 2 4 1 1144 1183 1184 1145 2665 2704 2705 2666
4247 5 2 4 1 1145 1184 1185 1146 2666 2705 2706 2667
4248 5 2 4 1 1146 1185 1186 1147 2667 2706 2707 2668
4249 5 2 4 1 1147 1186 1187 1148 2668 2707 2708 2669
4250 5 2 4 1 1148 1187 1188 1149 2669 2708 2709 2670
4251 5 2 4 1 1149 1188 1189 1150 2670 2709 2710 2671
4252 5 2 4 1 1150 1189 1190 1151 2671 2710 2711 2672
4253 5 2 4 1 1151 1190 1191 1152 2672 2711 2712 2673
4254 5 2 4 1 1152 1191 1192 1153 2673 2712 2713 2674
4255 5 2 4 1 1153 1192 1193 1154 2674 2713 2714 2675
4256 5 2 4 1 1154 1193 1194 1155 2675 2714 2715 2676
4257 5 2 4 1 1155 1194 1195 1156 2676 2715 2716 2677
4258 5 2 4 1 1156 1195 1196 1157 2677 2716 2717 2678
4259 5 2 4 1 1157 1196 1197 1158 2678 2717 2718 2679
4260 5 2 4 1 1158 1197 1198 1159 2679 2718 2719 2680
4261 5 2 4 1 1159 1198 1199 1160 2680 2719 2720 2681
4262 5 2 4 1 1160 1199 1200 1161 2681 2720 2721 2682
4263 5 2 4 1 1161 1200 1201 1162 2682 2721 2722 2683
4264 5 2 4 1 1162 1201 1202 1163 2683 2722 2723 2684
4265 5 2 4 1 1163 1202 1203 1164 2684 2723 2724 2685
4266 5 2 4 1 1164 1203 1204 1165 2685 2724 2725 2686
4267 5 2 4 1 1165 1204 1205 1166 2686 2725 2726 2687
4268 5 2 4 1 1166 1205 1206 1167 2687 2726 2727 2688
4269 5 2 4 1 1167 1206 1207 1168 2688 2727 2728 2689
4270 5 2 4 1 1168 1207 1208 1169 2689 2728 2729 2690
4271 5 2 4 1 1169 1208 1209 1170 2690 2729 2730 2691
4272 5 2 4 1 1170 1209 1210 1171 2691 2730 2731 2692
4273 5 2 4 1 1171 1210 1211 1172 2692 2731 2732 2693
4274 5 2 4 1 1172 1211 1212 1173 2693 2732 2733 2694
4275 5 2 4 1 1173 1212 1213 1174 2694 2733 2734 2695
4276 5 2 4 1 1174 1213 1214 1175 2695 2734 2735 2696
4277 5 2 4 1 1175 1214 1215 1176 2696 2735 2736 2697
4278 5 2 4 1 1176 1215 1216 1177 2697 2736 2737 2698
4279 5 2 4 1 1177 1216 1217 1178 2698 2737 2738 2699
4280 5 2 4 1 1178 1217 103 104 2699 2738 259 260
4281 5 2 4 1 31 32 1218 1179 187 188 2739 2700
4282 5 2 4 1 1179 1218 1219 1180 2700 2739 2740 2701
4283 5 2 4 1 1180 1219 1220 1181 2701 2740 2741 2702
4284 5 2 4 1 1181 1220 1221 1182 2702 2741 2742 2703
4285 5 2 4 1 1182 1221 1222 1183 2703 2742 2743 2704
4286 5 2 4 1 1183 1222 1223 1184 2704 2743 2744 2705
4287 5 2 4 1 1184 1223 1224 1185 2705 2744 2745 2706
4288 5 2 4 1 1185 1224 1225 1186 2706 2745 2746 2707
4289 5 2 4 1 1186 1225 1226 1187 2707 2746 2747 2708
4290 5 2 4 1 1187 1226 1227 1188 2708 2747 2748 2709
4291 5 2 4 1 1188 1227 1228 1189 2709 2748 2749 2710
4292 5 2 4 1 1189 1228 1229 1190 2710 2749 2750 2711
4293 5 2 4 1 1190 1229 1230 1191 2711 2750 2751 2712
4294 5 2 4 1 1191 1230 1231 1192 2712 2751 2752 2713
4295 5 2 4 1 1192 1231 1232 1193 2713 2752 2753 2714
4296 5 2 4 1 1193 1232 1233 1194 2714 2753 2754 2715
4297 5 2 4 1 1194 1233 1234 1195 2715 2754 2755 2716
4298 5 2 4 1 1195 1234 1235 1196 2716 2755 2756 2717
4299 5 2 4 1 1196 1235 1236 1197 2717 2756 2757 2718
4300 5 2 4 1 1197 1236 1237 1198 2718 2757 2758 2719
4301 5 2 4 1 1198 1237 1238 1199 2719 2758 2759 2720
4302 5 2 4 1 1199 1238 1239 1200 2720 2759 2760 2721
4303 5 2 4 1 1200 1239 1240 1201 2721 2760 2761 2722
4304 5 2 4 1 1201 1240 1241 1202 2722 2761 2762 2723
4305 5 2 4 1 1202 1241 1242 1203 2723 2762 2763 2724
4306 5 2 4 1 1203 1242 1243 1204 2724 2763 2764 2725
4307 5 2 4 1 1204 1243 1244 1205 2725 2764 2765 2726
4308 5 2 4 1 1205 1244 1245 1206 2726 2765 2766 2727
4309 5 2 4 1 1206 1245 1246 1207 2727 2766 2767 2728
4310 5 2 4 1 1207 1246 1247 1208 2728 2767 2768 2729
4311 5 2 4 1 1208 1247 1248 1209 2729 2768 2769 2730
4312 5 2 4 1 1209 1248 1249 1210 2730 2769 2770 2731
4313 5 2 4 1 1210 1249 1250 1211 2731 2770 2771 2732
4314 5 2 4 1 1211 1250 1251 1212 2732 2771 2772 2733
4315 5 2 4 1 1212 1251 1252 1213 2733 2772 2773 2734
4316 5 2 4 1 1213 1252 1253 1214 2734 2773 2774 2735
4317 5 2 4 1 1214 1253 1254 1215 2735 2774 2775 2736
4318 5 2 4 1 1215 1254 1255 1216 2736 2775 2776 2737
4319 5 2 4 1 1216 1255 1256 1217 2737 2776 2777 2738
4320 5 2 4 1 1217 1256 102 103 2738 2777 258 259
4321 5 2 4 1 32 33 1257 1218 188 189 2778 2739
4322 5 2 4 1 1218 1257 1258 1219 2739 2778 2779 2740
4323 5 2 4 1 1219 1258 1259 1220 2740 2779 2780 2741
4324 5 2 4 1 1220 1259 1260 1221 2741 2780 2781 2742
4325 5 2 4 1 1221 1260 1261 1222 2742 2781 2782 2743
4326 5 2 4 1 1222 1261 1262 1223 2743 2782 2783 2744
4327 5 2 4 1 1223 1262 1263 1224 2744 2783 2784 2745
4328 5 2 4 1 1224 1263 1264 1225 2745 2784 2785 2746
4329 5 2 4 1 1225 1264 1265 1226 2746 2785 2786 2747
4330 5 2 4 1 1226 1265 1266 1227 2747 2786 2787 2748
4331 5 2 4 1 1227 1266 1267 1228 2748 2787 2788 2749
4332 5 2 4 1 1228 1267 1268 1229 2749 2788 2789 2750
4333 5 2 4 1 1229 1268 1269 1230 2750 2789 2790 2751
4334 5 2 4 1 1230 1269 1270 1231 2751 2790 2791 2752
4335 5 2 4 1 1231 1270 1271 1232 2752 2791 2792 2753
4336 5 2 4 1 1232 1271 1272 1233 2753 2792 2793 2754
4337 5 2 4 1 1233 1272 1273 1234 2754 2793 2794 2755
4338 5 2 4 1 1234 1273 1274 1235 2755 2794 2795 2756
4339 5 2 4 1 1235 1274 1275 1236 2756 2795 2796 2757
4340 5 2 4 1 1236 1275 1276 1237 2757 2796 2797 2758
4341 5 2 4 1 1237 1276 1277 1238 2758 2797 2798 2759
4342 5 2 4 1 1238 1277 1278 1239 2759 2798 2799 2760
4343 5 2 4 1 1239 1278 1279 1240 2760 2799 2800 2761
4344 5 2 4 1 1240 1279 1280 1241 2761 2800 2801 2762
4345 5 2 4 1 1241 1280 1281 1242 2762 2801 2802 2763
4346 5 2 4 1 1242 1281 1282 1243 2763 2802 2803 2764
4347 5 2 4 1 1243 1282 1283 1244 2764 2803 2804 2765
4348 5 2 4 1 1244 1283 1284 1245 2765 2804 2805 2766
4349 5 2 4 1 1245 1284 1285 1246 2766 2805 2806 2767
4350 5 2 4 1 1246 1285 1286 1247 2767 2806 2807 2768
4351 5 2 4 1 1247 1286 1287 1248 2768 2807 2808 2769
4352 5 2 4 1 1248 1287 1288 1249 2769 2808 2809 2770
4353 5 2 4 1 1249 1288 1289 1250 2770 2809 2810 2771
4354 5 2 4 1 1250 1289 1290 1251 2771 2810 2811 2772
4355 5 2 4 1 1251 1290 1291 1252 2772 2811 2812 2773
4356 5 2 4 1 1252 1291 1292 1253 2773 2812 2813 2774
4357 5 2 4 1 1253 1292 1293 1254 2774 2813 2814 2775
4358 5 2 4 1 1254 1293 1294 1255 2775 2814 2815 2776
4359 5 2 4 1 1255 1294 1295 1256 2776 2815 2816 2777
4360 5 2 4 1 1256 1295 101 102 2777 2816 257 258
4361 5 2 4 1 33 34 1296 1257 189 190 2817 2778
4362 5 2 4 1 1257 1296 1297 1258 2778 2817 2818 2779
4363 5 2 4 1 1258 1297 1298 1259 2779 2818 2819 2780
4364 5 2 4 1 1259 1298 1299 1260 2780 2819 2820 2781
4365 5 2 4 1 1260 1299 1300 1261 2781 2820 2821 2782
4366 5 2 4 1 1261 1300 1301 1262 2782 2821 2822 2783
4367 5 2 4 1 1262 1301 1302 1263 2783 2822 2823 2784
4368 5 2 4 1 1263 1302 1303 1264 2784 2823 2824 2785
4369 5 2 4 1 1264 1303 1304 1265 2785 2824 2825 2786
4370 5 2 4 1 1265 1304 1305 1266 2786 2825 2826 2787
4371 5 2 4 1 1266 1305 1306 1267 2787 2826 2827 2788
4372 5 2 4 1 1267 1306 1307 1268 2788 2827 2828 2789
4373 5 2 4 1 1268 1307 1308 1269 2789 2828 2829 2790
4374 5 2 4 1 1269 1308 1309 1270 2790 2829 2830 2791
4375 5 2 4 1 1270 1309 1310 1271 2791 2830 2831 2792
4376 5 2 4 1 1271 1310 1311 1272 2792 2831 2832 2793
4377 5 2 4 1 1272 1311 1312 1273 2793 2832 2833 2794
4378 5 2 4 1 1273 1312 1313 1274 2794 2833 2834 2795
4379 5 2 4 1 1274 1313 1314 1275 2795 2834 2835 2796
4380 5 2 4 1 1275 1314 1315 1276 2796 2835 2836 2797
4381 5 2 4 1 1276 1315 1316 1277 2797 2836 2837 2798
4382 5 2 4 1 1277 1316 1317 1278 2798 2837 2838 2799
4383 5 2 4 1 1278 1317 1318 1279 2799 2838 2839 2800
4384 5 2 4 1 1279 1318 1319 1280 2800 2839 2840 2801
4385 5 2 4 1 1280 1319 1320 1281 2801 2840 2841 2802
4386 5 2 4 1 1281 1320 1321 1282 2802 2841 2842 2803
4387 5 2 4 1 1282 1321 1322 1283 2803 2842 2843 2804
4388 5 2 4 1 1283 1322 1323 1284 2804 2843 2844 2805
4389 5 2 4 1 1284 1323 1324 1285 2805 2844 2845 2806
4390 5 2 4 1 1285 1324 1325 1286 2806 2845 2846 2807
4391 5 2 4 1 1286 1325 1326 1287 2807 2846 2847 2808
4392 5 2 4 1 1287 1326 1327 1288 2808 2847 2848 2809
4393 5 2 4 1 1288 1327 1328 1289 2809 2848 2849 2810
4394 5 2 4 1 1289 1328 1329 1290 2810 2849 2850 2811
4395 5 2 4 1 1290 1329 1330 1291 2811 2850 2851 2812
4396 5 2 4 1 1291 1330 1331 1292 2812 2851 2852 2813
4397 5 2 4 1 1292 1331 1332 1293 2813 2852 2853 2814
4398 5 2 4 1 1293 1332 1333 1294 2814 2853 2854 2815
4399 5 2 4 1 1294 1333 1334 1295 2815 2854 2855 2816
4400 5 2 4 1 1295 1334 100 101 2816 2855 256 257
4401 5 2 4 1 34 35 1335 1296 190 191 2856 2817
4402 5 2 4 1 1296 1335 1336 1297 2817 2856 2857 2818
4403 5 2 4 1 1297 1336 1337 1298 2818 2857 2858 2819
4404 5 2 4 1 1298 1337 1338 1299 2819 2858 2859 2820
4405 5 2 4 1 1299 1338 1339 1300 2820 2859 2860 2821
4406 5 2 4 1 1300 1339 1340 1301 2821 2860 2861 2822
4407 5 2 4 1 1301 1340 1341 1302 2822 2861 2862 2823
4408 5 2 4 1 1302 1341 1342 1303 2823 2862 2863 2824
4409 5 2 4 1 1303 1342 1343 1304 2824 2863 2864 2825
4410 5 2 4 1 1304 1343 1344 1305 2825 2864 2865 2826
4411 5 2 4 1 1305 1344 1345 1306 2826 2865 2866 2827
4412 5 2 4 1 1306 1345 1346 1307 2827 2866 2867 2828
4413 5 2 4 1 1307 1346 1347 1308 2828 2867 2868 2829
4414 5 2 4 1 1308 1347 1348 1309 2829 2868 2869 2830
4415 5 2 4 1 1309 1348 1349 1310 2830 2869 2870 2831
4416 5 2 4 1 1310 1349 1350 1311 2831 2870 2871 2832
4417 5 2 4 1 1311 1350 1351 1312 2832 2871 2872 2833
4418 5 2 4 1 1312 1351 1352 1313 2833 2872 2873 2834
4419 5 2 4 1 1313 1352 1353 1314 2834 2873 2874 2835
4420 5 2 4 1 1314 1353 1354 1315 2835 2874 2875 2836
4421 5 2 4 1 1315 1354 1355 1316 2836 2875 2876 2837
4422 5 2 4 1 1316 1355 1356 1317 2837 2876 2877 2838
4423 5 2 4 1 1317 1356 1357 1318 2838 2877 2878 2839
4424 5 2 4 1 1318 1357 1358 1319 2839 2878 2879 2840
4425 5 2 4 1 1319 1358 1359 1320 2840 2879 2880 2841
4426 5 2 4 1 1320 1359 1360 1321 2841 2880 2881 2842
4427 5 2 4 1 1321 1360 1361 1322 2842 2881 2882 2843
4428 5 2 4 1 1322 1361 1362 1323 2843 2882 2883 2844
4429 5 2 4 1 1323 1362 1363 1324 2844 2883 2884 2845
4430 5 2 4 1 1324 1363 1364 1325 2845 2884 2885 2846
4431 5 2 4 1 1325 1364 1365 1326 2846 2885 2886 2847
4432 5 2 4 1 1326 1365 1366 1327 2847 2886 2887 2848
4433 5 2 4 1 1327 1366 1367 1328 2848 2887 2888 2849
4434 5 2 4 1 1328 1367 1368 1329 2849 2888 2889 2850
4435 5 2 4 1 1329 1368 1369 1330 2850 2889 2890 2851
4436 5 2 4 1 1330 1369 1370 1331 2851 2890 2891 2852
4437 5 2 4 1 1331 1370 1371 1332 2852 2891 2892 2853
4438 5 2 4 1 1332 1371 1372 1333 2853 2892 2893 2854
4439 5 2 4 1 1333 1372 1373 1334 2854 2893 2894 2855
4440 5 2 4 1 1334 1373 99 100 2855 2894 255 256
4441 5 2 4 1 35 36 1374 1335 191 192 2895 2856
4442 5 2 4 1 1335 1374 1375 1336 2856 2895 2896 2857
4443 5 2 4 1 1336 1375 1376 1337 2857 2896 2897 2858
4444 5 2 4 1 1337 1376 1377 1338 2858 2897 2898 2859
4445 5 2 4 1 1338 1377 1378 1339 2859 2898 2899 2860
4446 5 2 4 1 1339 1378 1379 1340 2860 2899 2900 2861
4447 5 2 4 1 1340 1379 1380 1341 2861 2900 2901 2862
4448 5 2 4 1 1341 1380 1381 1342 2862 2901 2902 2863
4449 5 2 4 1 1342 1381 1382 1343 2863 2902 2903 2864
4450 5 2 4 1 1343 1382 1383 1344 2864 2903 2904 2865
4451 5 2 4 1 1344 1383 1384 1345 2865 2904 2905 2866
4452 5 2 4 1 1345 1384 1385 1346 2866 2905 2906 2867
4453 5 2 4 1 1346 1385 1386 1347 2867 2906 2907 2868
4454 5 2 4 1 1347 1386 1387 1348 2868 2907 2908 2869
4455 5 2 4 1 1348 1387 1388 1349 2869 2908 2909 2870
4456 5 2 4 1 1349 1388 1389 1350 2870 2909 2910 2871
4457 5 2 4 1 1350 1389 1390 1351 2871 2910 2911 2872
4458 5 2 4 1 1351 1390 1391 1352 2872 2911 2912 2873
4459 5 2 4 1 1352 1391 1392 1353 2873 2912 2913 2874
4460 5 2 4 1 1353 1392 1393 1354 2874 2913 2914 2875
4461 5 2 4 1 1354 1393 1394 1355 2875 2914 2915 2876
4462 5 2 4 1 1355 1394 1395 1356 2876 2915 2916 2877
4463 5 2 4 1 1356 1395 1396 1357 2877 2916 2917 2878
4464 5 2 4 1 1357 1396 1397 1358 2878 2917 2918 2879
4465 5 2 4 1 1358 1397 1398 1359 2879 2918 2919 2880
4466 5 2 4 1 1359 1398 1399 1360 2880 2919 2920 2881
4467 5 2 4 1 1360 1399 1400 1361 2881 2920 2921 2882
4468 5 2 4 1 1361 1400 1401 1362 2882 2921 2922 2883
4469 5 2 4 1 1362 1401 1402 1363 2883 2922 2923 2884
4470 5 2 4 1 1363 1402 1403 1364 2884 2923 2924 2885
4471 5 2 4 1 1364 1403 1404 1365 2885 2924 2925 2886
4472 5 2 4 1 1365 1404 1405 1366 2886 2925 2926 2887
4473 5 2 4 1 1366 1405 1406 1367 2887 2926 2927 2888
4474 5 2 4 1 1367 1406 1407 1368 2888 2927 2928 2889
4475 5 2 4 1 1368 1407 1408 1369 2889 2928 2929 2890
4476 5 2 4 1 1369 1408 1409 1370 2890 2929 2930 2891
4477 5 2 4 1 1370 1409 1410 1371 2891 2930 2931 2892
4478 5 2 4 1 1371 1410 1411 1372 2892 2931 2932 2893
4479 5 2 4 1 1372 1411 1412 1373 2893 2932 2933 2894
4480 5 2 4 1 1373 1412 98 99 2894 2933 254 255
4481 5 2 4 1 36 37 1413 1374 192 193 2934 2895
4482 5 2 4 1 1374 1413 1414 1375 2895 2934 2935 2896
4483 5 2 4 1 1375 1414 1415 1376 2896 2935 2936 2897
4484 5 2 4 1 1376 1415 1416 1377 2897 2936 2937 2898
4485 5 2 4 1 1377 1416 1417 1378 2898 2937 2938 2899
4486 5 2 4 1 1378 1417 1418 1379 2899 2938 2939 2900
4487 5 2 4 1 1379 1418 1419 1380 2900 2939 2940 2901
4488 5 2 4 1 1380 1419 1420 1381 2901 2940 2941 2902
4489 5 2 4 1 1381 1420 1421 1382 2902 2941 2942 2903
4490 5 2 4 1 1382 1421 1422 1383 2903 2942 2943 2904
4491 5 2 4 1 1383 1422 1423 1384 2904 2943 2944 2905
4492 5 2 4 1 1384 1423 1424 1385 2905 2944 2945 2906
4493 5 2 4 1 1385 1424 1425 1386 2906 2945 2946 2907
4494 5 2 4 1 1386 1425 1426 1387 2907 2946 2947 2908
4495 5 2 4 1 1387 1426 1427 1388 2908 2947 2948 2909
4496 5 2 4 1 1388 1427 1428 1389 2909 2948 2949 2910
4497 5 2 4 1 1389 1428 1429 1390 2910 2949 2950 2911
4498 5 2 4 1 1390 1429 1430 1391 2911 2950 2951 2912
4499 5 2 4 1 1391 1430 1431 1392 2912 2951 2952 2913
4500 5 2 4 1 1392 1431 1432 1393 2913 2952 2953 2914
4501 5 2 4 1 1393 1432 1433 1394 2914 2953 2954 2915
4502 5 2 4 1 1394 1433 1434 1395 2915 2954 2955 2916
4503 5 2 4 1 1395 1434 1435 1396 2916 2955 2956 2917
4504 5 2 4 1 1396 1435 1436 1397 2917 2956 2957 2918
4505 5 2 4 1 1397 1436 1437 1398 2918 2957 2958 2919
4506 5 2 4 1 1398 1437 1438 1399 2919 2958 2959 2920
4507 5 2 4 1 1399 1438 1439 1400 2920 2959 2960 2921
4508 5 2 4 1 1400 1439 1440 1401 2921 2960 2961 2922
4509 5 2 4 1 1401 1440 1441 1402 2922 2961 2962 2923
4510 5 2 4 1 1402 1441 1442 1403 2923 2962 2963 2924
4511 5 2 4 1 1403 1442 1443 1404 2924 2963 2964 2925
4512 5 2 4 1 1404 1443 1444 1405 2925 2964 2965 2926
4513 5 2 4 1 1405 1444 1445 1406 2926 2965 2966 2927
4514 5 2 4 1 1406 1445 1446 1407 2927 2966 2967 2928
4515 5 2 4 1 1407 1446 1447 1408 2928 2967 2968 2929
4516 5 2 4 1 1408 1447 1448 1409 2929 2968 2969 2930
4517 5 2 4 1 1409 1448 1449 1410 2930 2969 2970 2931
4518 5 2 4 1 1410 1449 1450 1411 2931 2970 2971 2932
4519 5 2 4 1 1411 1450 1451 1412 2932 2971 2972 2933
4520 5 2 4 1 1412 1451 97 98 2933 2972 253 254
4521 5 2 4 1 37 38 1452 1413 193 194 2973 2934
4522 5 2 4 1 1413 1452 1453 1414 2934 2973 2974 2935
4523 5 2 4 1 1414 1453 1454 1415 2935 2974 2975 2936
4524 5 2 4 1 1415 1454 1455 1416 2936 2975 2976 2937
4525 5 2 4 1 1416 1455 1456 1417 2937 2976 2977 2938
4526 5 2 4 1 1417 1456 1457 1418 2938 2977 2978 2939
4527 5 2 4 1 1418 1457 1458 1419 2939 2978 2979 2940
4528 5 2 4 1 1419 1458 1459 1420 2940 2979 2980 2941
4529 5 2 4 1 1420 1459 1460 1421 2941 2980 2981 2942
4530 5 2 4 1 1421 1460 1461 1422 2942 2981 2982 2943
4531 5 2 4 1 1422 1461 1462 1423 2943 2982 2983 2944
4532 5 2 4 1 1423 1462 1463 1424 2944 2983 2984 2945
4533 5 2 4 1 1424 1463 1464 1425 2945 2984 2985 2946
4534 5 2 4 1 1425 1464 1465 1426 2946 2985 2986 2947
4535 5 2 4 1 1426 1465 1466 1427 2947 2986 2987 2948
4536 5 2 4 1 1427 1466 1467 1428 2948 2987 2988 2949
4537 5 2 4 1 1428 1467 1468 1429 2949 2988 2989 2950
4538 5 2 4 1 1429 1468 1469 1430 2950 2989 2990 2951
4539 5 2 4 1 1430 1469 1470 1431 2951 2990 2991 2952
4540 5 2 4 1 1431 1470 1471 1432 2952 2991 2992 2953
4541 5 2 4 1 1432 1471 1472 1433 2953 2992 2993 2954
4542 5 2 4 1 1433 1472 1473 1434 2954 2993 2994 2955
4543 5 2 4 1 1434 1473 1474 1435 2955 2994 2995 2956
4544 5 2 4 1 1435 1474 1475 1436 2956 2995 2996 2957
4545 5 2 4 1 1436 1475 1476 1437 2957 2996 2997 2958
4546 5 2 4 1 1437 1476 1477 1438 2958 2997 2998 2959
4547 5 2 4 1 1438 1477 1478 1439 2959 2998 2999 2960
4548 5 2 4 1 1439 1478 1479 1440 2960 2999 3000 2961
4549 5 2 4 1 1440 1479 1480 1441 2961 3000 3001 2962
4550 5 2 4 1 1441 1480 1481 1442 2962 3001 3002 2963
4551 5 2 4 1 1442 1481 1482 1443 2963 3002 3003 2964
4552 5 2 4 1 1443 1482 1483 1444 2964 3003 3004 2965
4553 5 2 4 1 1444 1483 1484 1445 2965 3004 3005 2966
4554 5 2 4 1 1445 1484 1485 1446 2966 3005 3006 2967
4555 5 2 4 1 1446 1485 1486 1447 2967 3006 3007 2968
4556 5 2 4 1 1447 1486 1487 1448 2968 3007 3008 2969
4557 5 2 4 1 1448 1487 1488 1449 2969 3008 3009 2970
4558 5 2 4 1 1449 1488 1489 1450 2970 3009 3010 2971
4559 5 2 4 1 1450 1489 1490 1451 2971 3010 3011 2972
4560 5 2 4 1 1451 1490 96 97 2972 3011 252 253
4561 5 2 4 1 38 39 1491 1452 194 195 3012 2973
4562 5 2 4 1 1452 1491 1492 1453 2973 3012 3013 2974
4563 5 2 4 1 1453 1492 1493 1454 2974 3013 3014 2975
4564 5 2 4 1 1454 1493 1494 1455 2975 3014 3015 2976
4565 5 2 4 1 1455 1494 1495 1456 2976 3015 3016 2977
4566 5 2 4 1 1456 1495 1496 1457 2977 3016 3017 2978
4567 5 2 4 1 1457 1496 1497 1458 2978 3017 3018 2979
4568 5 2 4 1 1458 1497 1498 1459 2979 3018 3019 2980
4569 5 2 4 1 1459 1498 1499 1460 2980 3019 3020 2981
4570 5 2 4 1 1460 1499 1500 1461 2981 3020 3021 2982
4571 5 2 4 1 1461 1500 1501 1462 2982 3021 3022 2983
4572 5 2 4 1 1462 1501 1502 1463 2983 3022 3023 2984
4573 5 2 4 1 1463 1502 1503 1464 2984 3023 3024 2985
4574 5 2 4 1 1464 1503 1504 1465 2985 3024 3025 2986
4575 5 2 4 1 1465 1504 1505 1466 2986 3025 3026 2987
4576 5 2 4 1 1466 1505 1506 1467 2987 3026 3027 2988
4577 5 2 4 1 1467 1506 1507 1468 2988 3027 3028 2989
4578 5 2 4 1 1468 1507 1508 1469 2989 3028 3029 2990
4579 5 2 4 1 1469 1508 1509 1470 2990 3029 3030 2991
4580 5 2 4 1 1470 1509 1510 1471 2991 3030 3031 2992
4581 5 2 4 1 1471 1510 1511 1472 2992 3031 3032 2993
4582 5 2 4 1 1472 1511 1512 1473 2993 3032 3033 2994
4583 5 2 4 1 1473 1512 1513 1474 2994 3033 3034 2995
4584 5 2 4 1 1474 1513 1514 1475 2995 3034 3035 2996
4585 5 2 4 1 1475 1514 1515 1476 2996 3035 3036 2997
4586 5 2 4 1 1476 1515 1516 1477 2997 3036 3037 2998
4587 5 2 4 1 1477 1516 1517 1478 2998 3037 3038 2999
4588 5 2 4 1 1478 1517 1518 1479 2999 3038 3039 3000
4589 5 2 4 1 1479 1518 1519 1480 3000 3039 3040 3001
4590 5 2 4 1 1480 1519 1520 1481 3001 3040 3041 3002
4591 5 2 4 1 1481 1520 1521 1482 3002 3041 3042 3003
4592 5 2 4 1 1482 1521 1522 1483 3003 3042 3043 3004
4593 5 2 4 1 1483 1522 1523 1484 3004 3043 3044 3005
4594 5 2 4 1 1484 1523 1524 1485 3005 3044 3045 3006
4595 5 2 4 1 1485 1524 1525 1486 3006 3045 3046 3007
4596 5 2 4 1 1486 1525 1526 1487 3007 3046 3047 3008
4597 5 2 4 1 1487 1526 1527 1488 3008 3047 3048 3009
4598 5 2 4 1 1488 1527 1528 1489 3009 3048 3049 3010
4599 5 2 4 1 1489 1528 1529 1490 3010 3049 3050 3011
4600 5 2 4 1 1490 1529 95 96 3011 3050 251 252
4601 5 2 4 1 39 40 1530 1491 195 196 3051 3012
4602 5 2 4 1 1491 1530 1531 1492 3012 3051 3052 3013
4603 5 2 4 1 1492 1531 1532 1493 3013 3052 3053 3014
4604 5 2 4 1 1493 1532 1533 1494 3014 3053 3054 3015
4605 5 2 4 1 1494 1533 1534 1495 3015 3054 3055 3016
4606 5 2 4 1 1495 1534 1535 1496 3016 3055 3056 3017
4607 5 2 4 1 1496 1535 1536 1497 3017 3056 3057 3018
4608 5 2 4 1 1497 1536 1537 1498 3018 3057 3058 3019
4609 5 2 4 1 1498 1537 1538 1499 3019 3058 3059 3020
4610 5 2 4 1 1499 1538 1539 1500 3020 3059 3060 3021
4611 5 2 4 1 1500 1539 1540 1501 3021 3060 3061 3022
4612 5 2 4 1 1501 1540 1541 1502 3022 3061 3062 3023
4613 5 2 4 1 1502 1541 1542 1503 3023 3062 3063 3024
4614 5 2 4 1 1503 1542 1543 1504 3024 3063 3064 3025
4615 5 2 4 1 1504 1543 1544 1505 3025 3064 3065 3026
4616 5 2 4 1 1505 1544 1545 1506 3026 3065 3066 3027
4617 5 2 4 1 1506 1545 1546 1507 3027 3066 3067 3028
4618 5 2 4 1 1507 1546 1547 1508 3028 3067 3068 3029
4619 5 2 4 1 1508 1547 1548 1509 3029 3068 3069 3030
4620 5 2 4 1 1509 1548 1549 1510 3030 3069 3070 3031
4621 5 2 4 1 1510 1549 1550 1511 3031 3070 3071 3032
4622 5 2 4 1 1511 1550 1551 1512 3032 3071 3072 3033
4623 5 2 4 1 1512 1551 1552 1513 3033 3072 3073 3034
4624 5 2 4 1 1513 1552 1553 1514 3034 3073 3074 3035
4625 5 2 4 1 1514 1553 1554 1515 3035 3074 3075 3036
4626 5 2 4 1 1515 1554 1555 1516 3036 3075 3076 3037
4627 5 2 4 1 1516 1555 1556 1517 3037 3076 3077 3038
4628 5 2 4 1 1517 1556 1557 1518 3038 3077 3078 3039
4629 5 2 4 1 1518 1557 1558 1519 3039 3078 3079 3040
4630 5 2 4 1 1519 1558 1559 1520 3040 3079 3080 3041
4631 5 2 4 1 1520 1559 1560 1521 3041 3080 3081 3042
4632 5 2 4 1 1521 1560 1561 1522 3042 3081 3082 3043
4633 5 2 4 1 1522 1561 1562 1523 3043 3082 3083 3044
4634 5 2 4 1 1523 1562 1563 1524 3044 3083 3084 3045
4635 5 2 4 1 1524 1563 1564 1525 3045 3084 3085 3046
4636 5 2 4 1 1525 1564 1565 1526 3046 3085 3086 3047
4637 5 2 4 1 1526 1565 1566 1527 3047 3086 3087 3048
4638 5 2 4 1 1527 1566 1567 1528 3048 3087 3088 3049
4639 5 2 4 1 1528 1567 1568 1529 3049 3088 3089 3050
4640 5 2 4 1 1529 1568 94 95 3050 3089 250 251
4641 5 2 4 1 40 41 1569 1530 196 197 3090 3051
4642 5 2 4 1 1530 1569 1570 1531 3051 3090 3091 3052
4643 5 2 4 1 1531 1570 1571 1532 3052 3091 3092 3053
4644 5 2 4 1 1532 1571 1572 1533 3053 3092 3093 3054
4645 5 2 4 1 1533 1572 1573 1534 3054 3093 3094 3055
4646 5 2 4 1 1534 1573 1574 1535 3055 3094 3095 3056
4647 5 2 4 1 1535 1574 1575 1536 3056 3095 3096 3057
4648 5 2 4 1 1536 1575 1576 1537 3057 3096 3097 3058
4649 5 2 4 1 1537 1576 1577 1538 3058 3097 3098 3059
4650 5 2 4 1 1538 1577 1578 1539 3059 3098 3099 3060
4651 5 2 4 1 1539 1578 1579 1540 3060 3099 3100 3061
4652 5 2 4 1 1540 1579 1580 1541 3061 3100 3101 3062
4653 5 2 4 1 1541 1580 1581 1542 3062 3101 3102 3063
4654 5 2 4 1 1542 1581 1582 1543 3063 3102 3103 3064
4655 5 2 4 1 1543 1582 1583 1544 3064 3103 3104 3065
4656 5 2 4 1 1544 1583 1584 1545 3065 3104 3105 3066
4657 5 2 4 1 1545 1584 1585 1546 3066 3105 3106 3067
4658 5 2 4 1 1546 1585 1586 1547 3067 3106 3107 3068
4659 5 2 4 1 1547 1586 1587 1548 3068 3107 3108 3069
4660 5 2 4 1 1548 1587 1588 1549 3069 3108 3109 3070
4661 5 2 4 1 1549 1588 1589 1550 3070 3109 3110 3071
4662 5 2 4 1 1550 1589 1590 1551 3071 3110 3111 3072
4663 5 2 4 1 1551 1590 1591 1552 3072 3111 3112 3073
4664 5 2 4 1 1552 1591 1592 1553 3073 3112 3113 3074
4665 5 2 4 1 1553 1592 1593 1554 3074 3113 3114 3075
4666 5 2 4 1 1554 1593 1594 1555 3075 3114 3115 3076
4667 5 2 4 1 1555 1594 1595 1556 3076 3115 3116 3077
4668 5 2 4 1 1556 1595 1596 1557 3077 3116 3117 3078
4669 5 2 4 1 1557 1596 1597 1558 3078 3117 3118 3079
4670 5 2 4 1 1558 1597 1598 1559 3079 3118 3119 3080
4671 5 2 4 1 1559 1598 1599 1560 3080 3119 3120 3081
4672 5 2 4 1 1560 1599 1600 1561 3081 3120 3121 3082
4673 5 2 4 1 1561 1600 1601 1562 3082 3121 3122 3083
4674 5 2 4 1 1562 1601 1602 1563 3083 3122 3123 3084
4675 5 2 4 1 1563 1602 1603 1564 3084 3123 3124 3085
4676 5 2 4 1 1564 1603 1604 1565 3085 3124 3125 3086
4677 5 2 4 1 1565 1604 1605 1566 3086 3125 3126 3087
4678 5 2 4 1 1566 1605 1606 1567 3087 3126 3127 3088
4679 5 2 4 1 1567 1606 1607 1568 3088 3127 3128 3089
4680 5 2 4 1 1568 1607 93 94 3089 3128 249 250
4681 5 2 4 1 41 42 1608 1569 197 198 3129 3090
4682 5 2 4 1 1569 1608 1609 1570 3090 3129 3130 3091
4683 5 2 4 1 1570 1609 1610 1571 3091 3130 3131 3092
4684 5 2 4 1 1571 1610 1611 1572 3092 3131 3132 3093
4685 5 2 4 1 1572 1611 1612 1573 3093 3132 3133 3094
4686 5 2 4 1 1573 1612 1613 1574 3094 3133 3134 3095
4687 5 2 4 1 1574 1613 1614 1575 3095 3134 3135 3096
4688 5 2 4 1 1575 1614 1615 1576 3096 3135 3136 3097
4689 5 2 4 1 1576 1615 1616 1577 3097 3136 3137 3098
4690 5 2 4 1 1577 1616 1617 1578 3098 3137 3138 3099
4691 5 2 4 1 1578 1617 1618 1579 3099 3138 3139 3100
4692 5 2 4 1 1579 1618 1619 1580 3100 3139 3140 3101
4693 5 2 4 1 1580 1619 1620 1581 3101 3140 3141 3102
4694 5 2 4 1 1581 1620 1621 1582 3102 3141 3142 3103
4695 5 2 4 1 1582 1621 1622 1583 3103 3142 3143 3104
4696 5 2 4 1 1583 1622 1623 1584 3104 3143 3144 3105
4697 5 2 4 1 1584 1623 1624 1585 3105 3144 3145 3106
4698 5 2 4 1 1585 1624 1625 1586 3106 3145 3146 3107
4699 5 2 4 1 1586 1625 1626 1587 3107 3146 3147 3108
4700 5 2 4 1 1587 1626 1627 1588 3108 3147 3148 3109
4701 5 2 4 1 1588 1627 1628 1589 3109 3148 3149 3110
4702 5 2 4 1 1589 1628 1629 1590 3110 3149 3150 3111
4703 5 2 4 1 1590 1629 1630 1591 3111 3150 3151 3112
4704 5 2 4 1 1591 1630 1631 1592 3112 3151 3152 3113
4705 5 2 4 1 1592 1631 1632 1593 3113 3152 3153 3114
4706 5 2 4 1 1593 1632 1633 1594 3114 3153 3154 3115
4707 5 2 4 1 1594 1633 1634 1595 3115 3154 3155 3116
4708 5 2 4 1 1595 1634 1635 1596 3116 3155 3156 3117
4709 5 2 4 1 1596 1635 1636 1597 3117 3156 3157 3118
4710 5 2 4 1 1597 1636 1637 1598 3118 3157 3158 3119
4711 5 2 4 1 1598 1637 1638 1599 3119 3158 3159 3120
4712 5 2 4 1 1599 1638 1639 1600 3120 3159 3160 3121
4713 5 2 4 1 1600 1639 1640 1601 3121 3160 3161 3122
4714 5 2 4 1 1601 1640 1641 1602 3122 3161 3162 3123
4715 5 2 4 1 1602 1641 1642 1603 3123 3162 3163 3124
4716 5 2 4 1 1603 1642 1643 1604 3124 3163 3164 3125
4717 5 2 4 1 1604 1643 1644 1605 3125 3164 3165 3126
4718 5 2 4 1 1605 1644 1645 1606 3126 3165 3166 3127
4719 5 2 4 1 1606 1645 1646 1607 3127 3166 3167 3128
4720 5 2 4 1 1607 1646 92 93 3128 3167 248 249
4721 5 2 4 1 42 43 1647 1608 198 199 3168 3129
4722 5 2 4 1 1608 1647 1648 1609 3129 3168 3169 3130
4723 5 2 4 1 1609 1648 1649 1610 3130 3169 3170 3131
4724 5 2 4 1 1610 1649 1650 1611 3131 3170 3171 3132
4725 5 2 4 1 1611 1650 1651 1612 3132 3171 3172 3133
4726 5 2 4 1 1612 1651 1652 1613 3133 3172 3173 3134
4727 5 2 4 1 1613 1652 1653 1614 3134 3173 3174 3135
4728 5 2 4 1 1614 1653 1654 1615 3135 3174 3175 3136
4729 5 2 4 1 1615 1654 1655 1616 3136 3175 3176 3137
4730 5 2 4 1 1616 1655 1656 1617 3137 3176 3177 3138
4731 5 2 4 1 1617 1656 1657 1618 3138 3177 3178 3139
4732 5 2 4 1 1618 1657 1658 1619 3139 3178 3179 3140
4733 5 2 4 1 1619 1658 1659 1620 3140 3179 3180 3141
4734 5 2 4 1 1620 1659 1660 1621 3141 3180 3181 3142
4735 5 2 4 1 1621 1660 1661 1622 3142 3181 3182 3143
4736 5 2 4 1 1622 1661 1662 1623 3143 3182 3183 3144
4737 5 2 4 1 1623 1662 1663 1624 3144 3183 3184 3145
4738 5 2 4 1 1624 1663 1664 1625 3145 3184 3185 3146
4739 5 2 4 1 1625 1664 1665 1626 3146 3185 3186 3147
4740 5 2 4 1 1626 1665 1666 1627 3147 3186 3187 3148
4741 5 2 4 1 1627 1666 1667 1628 3148 3187 3188 3149
4742 5 2 4 1 1628 1667 1668 1629 3149 3188 3189 3150
4743 5 2 4 1 1629 1668 1669 1630 3150 3189 3190 3151
4744 5 2 4 1 1630 1669 1670 1631 3151 3190 3191 3152
4745 5 2 4 1 1631 1670 1671 1632 3152 3191 3192 3153
4746 5 2 4 1 1632 1671 1672 1633 3153 3192 3193 3154
4747 5 2 4 1 1633 1672 1673 1634 3154 3193 3194 3155
4748 5 2 4 1 1634 1673 1674 1635 3155 3194 3195 3156
4749 5 2 4 1 1635 1674 1675 1636 3156 3195 3196 3157
4750 5 2 4 1 1636 1675 1676 1637 3157 3196 3197 3158
4751 5 2 4 1 1637 1676 1677 1638 3158 3197 3198 3159
4752 5 2 4 1 1638 1677 1678 1639 3159 3198 3199 3160
4753 5 2 4 1 1639 1678 1679 1640 3160 3199 3200 3161
4754 5 2 4 1 1640 1679 1680 1641 3161 3200 3201 3162
4755 5 2 4 1 1641 1680 1681 1642 3162 3201 3202 3163
4756 5 2 4 1 1642 1681 1682 1643 3163 3202 3203 3164
4757 5 2 4 1 1643 1682 1683 1644 3164 3203 3204 3165
4758 5 2 4 1 1644 1683 1684 1645 3165 3204 3205 3166
4759 5 2 4 1 1645 1684 1685 1646 3166 3205 3206 3167
4760 5 2 4 1 1646 1685 91 92 3167 3206 247 248
4761 5 2 4 1 43 44 1686 1647 199 200 3207 3168
4762 5 2 4 1 1647 1686 1687 1648 3168 3207 3208 3169
4763 5 2 4 1 1648 1687 1688 1649 3169 3208 3209 3170
4764 5 2 4 1 1649 1688 1689 1650 3170 3209 3210 3171
4765 5 2 4 1 1650 1689 1690 1651 3171 3210 3211 3172
4766 5 2 4 1 1651 1690 1691 1652 3172 3211 3212 3173
4767 5 2 4 1 1652 1691 1692 1653 3173 3212 3213 3174
4768 5 2 4 1 1653 1692 1693 1654 3174 3213 3214 3175
4769 5 2 4 1 1654 1693 1694 1655 3175 3214 3215 3176
4770 5 2 4 1 1655 1694 1695 1656 3176 3215 3216 3177
4771 5 2 4 1 1656 1695 1696 1657 3177 3216 3217 3178
4772 5 2 4 1 1657 1696 1697 1658 3178 3217 3218 3179
4773 5 2 4 1 1658 1697 1698 1659 3179 3218 3219 3180
4774 5 2 4 1 1659 1698 1699 1660 3180 3219 3220 3181
4775 5 2 4 1 1660 1699 1700 1661 3181 3220 3221 3182
4776 5 2 4 1 1661 1700 1701 1662 3182 3221 3222 3183
4777 5 2 4 1 1662 1701 1702 1663 3183 3222 3223 3184
4778 5 2 4 1 1663 1702 1703 1664 3184 3223 3224 3185
4779 5 2 4 1 1664 1703 1704 1665 3185 3224 3225 3186
4780 5 2 4 1 1665 1704 1705 1666 3186 3225 3226 3187
4781 5 2 4 1 1666 1705 1706 1667 3187 3226 3227 3188
4782 5 2 4 1 1667 1706 1707 1668 3188 3227 3228 3189
4783 5 2 4 1 1668 1707 1708 1669 3189 3228 3229 3190
4784 5 2 4 1 1669 1708 1709 1670 3190 3229 3230 3191
4785 5 2 4 1 1670 1709 1710 1671 3191 3230 3231 3192
4786 5 2 4 1 1671 1710 1711 1672 3192 3231 3232 3193
4787 5 2 4 1 1672 1711 1712 1673 3193 3232 3233 3194
4788 5 2 4 1 1673 1712 1713 1674 3194 3233 3234 3195
4789 5 2 4 1 1674 1713 1714 1675 3195 3234 3235 3196
4790 5 2 4 1 1675 1714 1715 1676 3196 3235 3236 3197
4791 5 2 4 1 1676 1715 1716 1677 3197 3236 3237 3198
4792 5 2 4 1 1677 1716 1717 1678 3198 3237 3238 3199
4793 5 2 4 1 1678 1717 1718 1679 3199 3238 3239 3200
4794 5 2 4 1 1679 1718 1719 1680 3200 3239 3240 3201
4795 5 2 4 1 1680 1719 1720 1681 3201 3240 3241 3202
4796 5 2 4 1 1681 1720 1721 1682 3202 3241 3242 3203
4797 5 2 4 1 1682 1721 1722 1683 3203 3242 3243 3204
4798 5 2 4 1 1683 1722 1723 1684 3204 3243 3244 3205
4799 5 2 4 1 1684 1723 1724 1685 3205 3244 3245 3206
4800 5 2 4 1 1685 1724 90 91 3206 3245 246 247
4801 5 2 4 1 44 45 1725 1686 200 201 3246 3207
4802 5 2 4 1 1686 1725 1726 1687 3207 3246 3247 3208
4803 5 2 4 1 1687 1726 1727 1688 3208 3247 3248 3209
4804 5 2 4 1 1688 1727 1728 1689 3209 3248 3249 3210
4805 5 2 4 1 1689 1728 1729 1690 3210 3249 3250 3211
4806 5 2 4 1 1690 1729 1730 1691 3211 3250 3251 3212
4807 5 2 4 1 1691 1730 1731 1692 3212 3251 3252 3213
4808 5 2 4 1 1692 1731 1732 1693 3213 3252 3253 3214
4809 5 2 4 1 1693 1732 1733 1694 3214 3253 3254 3215
4810 5 2 4 1 1694 1733 1734 1695 3215 3254 3255 3216
4811 5 2 4 1 1695 1734 1735 1696 3216 3255 3256 3217
4812 5 2 4 1 1696 1735 1736 1697 3217 3256 3257 3218
4813 5 2 4 1 1697 1736 1737 1698 3218 3257 3258 3219
4814 5 2 4 1 1698 1737 1738 1699 3219 3258 3259 3220
4815 5 2 4 1 1699 1738 1739 1700 3220 3259 3260 3221
4816 5 2 4 1 1700 1739 1740 1701 3221 3260 3261 3222
4817 5 2 4 1 1701 1740 1741 1702 3222 3261 3262 3223
4818 5 2 4 1 1702 1741 1742 1703 3223 3262 3263 3224
4819 5 2 4 1 1703 1742 1743 1704 3224 3263 3264 3225
4820 5 2 4 1 1704 1743 1744 1705 3225 3264 3265 3226
4821 5 2 4 1 1705 1744 1745 1706 3226 3265 3266 3227
4822 5 2 4 1 1706 1745 1746 1707 3227 3266 3267 3228
4823 5 2 4 1 1707 1746 1747 1708 3228 3267 3268 3229
4824 5 2 4 1 1708 1747 1748 1709 3229 3268 3269 3230
4825 5 2 4 1 1709 1748 1749 1710 3230 3269 3270 3231
4826 5 2 4 1 1710 1749 1750 1711 3231 3270 3271 3232
4827 5 2 4 1 1711 1750 1751 1712 3232 3271 3272 3233
4828 5 2 4 1 1712 1751 1752 1713 3233 3272 3273 3234
4829 5 2 4 1 1713 1752 1753 1714 3234 3273 3274 3235
4830 5 2 4 1 1714 1753 1754 1715 3235 3274 3275 3236
4831 5 2 4 1 1715 1754 1755 1716 3236 3275 3276 3237
4832 5 2 4 1 1716 1755 1756 1717 3237 3276 3277 3238
4833 5 2 4 1 1717 1756 1757 1718 3238 3277 3278 3239
4834 5 2 4 1 1718 1757 1758 1719 3239 3278 3279 3240
4835 5 2 4 1 1719 1758 1759 1720 3240 3279 3280 3241
4836 5 2 4 1 1720 1759 1760 1721 3241 3280 3281 3242
4837 5 2 4 1 1721 1760 1761 1722 3242 3281 3282 3243
4838 5 2 4 1 1722 1761 1762 1723 3243 3282 3283 3244
4839 5 2 4 1 1723 1762 1763 1724 3244 3283 3284 3245
4840 5 2 4 1 1724 1763 89 90 3245 3284 245 246
4841 5 2 4 1 45 46 1764 1725 201 202 3285 3246
4842 5 2 4 1 1725 1764 1765 1726 3246 3285 3286 3247
4843 5 2 4 1 1726 1765 1766 1727 3247 3286 3287 3248
4844 5 2 4 1 1727 1766 1767 1728 3248 3287 3288 3249
4845 5 2 4 1 1728 1767 1768 1729 3249 3288 3289 3250
4846 5 2 4 1 1729 1768 1769 1730 3250 3289 3290 3251
4847 5 2 4 1 1730 1769 1770 1731 3251 3290 3291 3252
4848 5 2 4 1 1731 1770 1771 1732 3252 3291 3292 3253
4849 5 2 4 1 1732 1771 1772 1733 3253 3292 3293 3254
4850 5 2 4 1 1733 1772 1773 1734 3254 3293 3294 3255
4851 5 2 4 1 1734 1773 1774 1735 3255 3294 3295 3256
4852 5 2 4 1 1735 1774 1775 1736 3256 3295 3296 3257
4853 5 2 4 1 1736 1775 1776 1737 3257 3296 3297 3258
4854 5 2 4 1 1737 1776 1777 1738 3258 3297 3298 3259
4855 5 2 4 1 1738 1777 1778 1739 3259 3298 3299 3260
4856 5 2 4 1 1739 1778 1779 1740 3260 3299 3300 3261
4857 5 2 4 1 1740 1779 1780 1741 3261 3300 3301 3262
4858 5 2 4 1 1741 1780 1781 1742 3262 3301 3302 3263
4859 5 2 4 1 1742 1781 1782 1743 3263 3302 3303 3264
4860 5 2 4 1 1743 1782 1783 1744 3264 3303 3304 3265
4861 5 2 4 1 1744 1783 1784 1745 3265 3304 3305 3266
4862 5 2 4 1 1745 1784 1785 1746 3266 3305 3306 3267
4863 5 2 4 1 1746 1785 1786 1747 3267 3306 3307 3268
4864 5 2 4 1 1747 1786 1787 1748 3268 3307 3308 3269
4865 5 2 4 1 1748 1787 1788 1749 3269 3308 3309 3270
4866 5 2 4 1 1749 1788 1789 1750 3270 3309 3310 3271
4867 5 2 4 1 1750 1789 1790 1751 3271 3310 3311 3272
4868 5 2 4 1 1751 1790 1791 1752 3272 3311 3312 3273
4869 5 2 4 1 1752 1791 1792 1753 3273 3312 3313 3274
4870 5 2 4 1 1753 1792 1793 1754 3274 3313 3314 3275
4871 5 2 4 1 1754 1793 1794 1755 3275 3314 3315 3276
4872 5 2 4 1 1755 1794 1795 1756 3276 3315 3316 3277
4873 5 2 4 1 1756 1795 1796 1757 3277 3316 3317 3278
4874 5 2 4 1 1757 1796 1797 1758 3278 3317 3318 3279
4875 5 2 4 1 1758 1797 1798 1759 3279 3318 3319 3280
4876 5 2 4 1 1759 1798 1799 1760 3280 3319 3320 3281
4877 5 2 4 1 1760 1799 1800 1761 3281 3320 3321 3282
4878 5 2 4 1 1761 1800 1801 1762 3282 3321 3322 3283
4879 5 2 4 1 1762 1801 1802 1763 3283 3322 3323 3284
4880 5 2 4 1 1763 1802 88 89 3284 3323 244 245
4881 5 2 4 1 46 47 1803 1764 202 203 3324 3285
4882 5 2 4 1 1764 1803 1804 1765 3285 3324 3325 3286
4883 5 2 4 1 1765 1804 1805 1766 3286 3325 3326 3287
4884 5 2 4 1 1766 1805 1806 1767 3287 3326 3327 3288
4885 5 2 4 1 1767 1806 1807 1768 3288 3327 3328 3289
4886 5 2 4 1 1768 1807 1808 1769 3289 3328 3329 3290
4887 5 2 4 1 1769 1808 1809 1770 3290 3329 3330 3291
4888 5 2 4 1 1770 1809 1810 1771 3291 3330 3331 3292
4889 5 2 4 1 1771 1810 1811 1772 3292 3331 3332 3293
4890 5 2 4 1 1772 1811 1812 1773 3293 3332 3333 3294
4891 5 2 4 1 1773 1812 1813 1774 3294 3333 3334 3295
4892 5 2 4 1 1774 1813 1814 1775 3295 3334 3335 3296
4893 5 2 4 1 1775 1814 1815 1776 3296 3335 3336 3297
4894 5 2 4 1 1776 1815 1816 1777 3297 3336 3337 3298
4895 5 2 4 1 1777 1816 1817 1778 3298 3337 3338 3299
4896 5 2 4 1 1778 1817 1818 1779 3299 3338 3339 3300
4897 5 2 4 1 1779 1818 1819 1780 3300 3339 3340 3301
4898 5 2 4 1 1780 1819 1820 1781 3301 3340 3341 3302
4899 5 2 4 1 1781 1820 1821 1782 3302 3341 3342 3303
4900 5 2 4 1 1782 1821 1822 1783 3303 3342 3343 3304
4901 5 2 4 1 1783 1822 1823 1784 3304 3343 3344 3305
4902 5 2 4 1 1784 1823 1824 1785 3305 3344 3345 3306
4903 5 2 4 1 1785 1824 1825 1786 3306 3345 3346 3307
4904 5 2 4 1 1786 1825 1826 1787 3307 3346 3347 3308
4905 5 2 4 1 1787 1826 1827 1788 3308 3347 3348 3309
4906 5 2 4 1 1788 1827 1828 1789 3309 3348 3349 3310
4907 5 2 4 1 1789 1828 1829 1790 3310 3349 3350 3311
4908 5 2 4 1 1790 1829 1830 1791 3311 3350 3351 3312
4909 5 2 4 1 1791 1830 1831 1792 3312 3351 3352 3313
4910 5 2 4 1 1792 1831 1832 1793 3313 3352 3353 3314
4911 5 2 4 1 1793 1832 1833 1794 3314 3353 3354 3315
4912 5 2 4 1 1794 1833 1834 1795 3315 3354 3355 3316
4913 5 2 4 1 1795 1834 1835 1796 3316 3355 3356 3317
4914 5 2 4 1 1796 1835 1836 1797 3317 3356 3357 3318
4915 5 2 4 1 1797 1836 1837 1798 3318 3357 3358 3319
4916 5 2 4 1 1798 1837 1838 1799 3319 3358 3359 3320
4917 5 2 4 1 1799 1838 1839 1800 3320 3359 3360 3321
4918 5 2 4 1 1800 1839 1840 1801 3321 3360 3361 3322
4919 5 2 4 1 1801 1840 1841 1802 3322 3361 3362 3323
4920 5 2 4 1 1802 1841 87 88 3323 3362 243 244
4921 5 2 4 1 47 2 48 1803 203 6 204 3324
4922 5 2 4 1 1803 48 49 1804 3324 204 205 3325
4923 5 2 4 1 1804 49 50 1805 3325 205 206 3326
4924 5 2 4 1 1805 50 51 1806 3326 206 207 3327
4925 5 2 4 1 1806 51 52 1807 3327 207 208 3328
4926 5 2 4 1 1807 52 53 1808 3328 208 209 3329
4927 5 2 4 1 1808 53 54 1809 3329 209 210 3330
4928 5 2 4 1 1809 54 55 1810 3330 210 211 3331
4929 5 2 4 1 1810 55 56 1811 3331 211 212 3332
4930 5 2 4 1 1811 56 57 1812 3332 212 213 3333
4931 5 2 4 1 1812 57 58 1813 3333 213 214 3334
4932 5 2 4 1 1813 58 59 1814 3334 214 215 3335
4933 5 2 4 1 1814 59 60 1815 3335 215 216 3336
4934 5 2 4 1 1815 60 61 1816 3336 216 217 3337
4935 5 2 4 1 1816 61 62 1817 3337 217 218 3338
4936 5 2 4 1 1817 62 63 1818 3338 218 219 3339
4937 5 2 4 1 1818 63 64 1819 3339 219 220 3340
4938 5 2 4 1 1819 64 65 1820 3340 220 221 3341
4939 5 2 4 1 1820 65 66 1821 3341 221 222 3342
4940 5 2 4 1 1821 66 67 1822 3342 222 223 3343
4941 5 2 4 1 1822 67 68 1823 3343 223 224 3344
4942 5 2 4 1 1823 68 69 1824 3344 224 225 3345
4943 5 2 4 1 1824 69 70 1825 3345 225 226 3346
4944 5 2 4 1 1825 70 71 1826 3346 226 227 3347
4945 5 2 4 1 1826 71 72 1827 3347 227 228 3348
4946 5 2 4 1 1827 72 73 1828 3348 228 229 3349
4947 5 2 4 1 1828 73 74 1829 3349 229 230 3350
4948 5 2 4 1 1829 74 75 1830 3350 230 231 3351
4949 5 2 4 1 1830 75 76 1831 3351 231 232 3352
4950 5 2 4 1 1831 76 77 1832 3352 232 233 3353
4951 5 2 4 1 1832 77 78 1833 3353 233 234 3354
4952 5 2 4 1 1833 78 79 1834 3354 234 235 3355
4953 5 2 4 1 1834 79 80 1835 3355 235 236 3356
4954 5 2 4 1 1835 80 81 1836 3356 236 237 3357
4955 5 2 4 1 1836 81 82 1837 3357 237 238 3358
4956 5 2 4 1 1837 82 83 1838 3358 238 239 3359
4957 5 2 4 1 1838 83 84 1839 3359 239 240 3360
4958 5 2 4 1 1839 84 85 1840 3360 240 241 3361
4959 5 2 4 1 1840 85 86 1841 3361 241 242 3362
4960 5 2 4 1 1841 86 3 87 3362 242 7 243
$EndElements
