$MeshFormat
2.2 0 8
$EndMeshFormat
$PhysicalNames
6
2 1 "frontAndBack"
2 2 "upperAndLower"
2 3 "outlet"
2 4 "inlet"
2 5 "airfoil"
3 6 "internalField"
$EndPhysicalNames
$Nodes
3306
1 -5 -5 0
2 15 -5 0
3 15 5 0
4 -5 5 0
5 1 0 0
6 0 0 0
7 -5 -5 0.1
8 15 -5 0.1
9 15 5 0.1
10 -5 5 0.1
11 1 0 0.1
12 0 0 0.1
13 -4.000000000000445 -5 0
14 -3.000000000001271 -5 0
15 -2.000000000003103 -5 0
16 -1.000000000006045 -5 0
17 -8.986589250525867e-12 -5 0
18 0.9999999999880718 -5 0
19 1.99999999998513 -5 0
20 2.999999999982258 -5 0
21 3.999999999983478 -5 0
22 4.999999999984976 -5 0
23 5.999999999986475 -5 0
24 6.999999999987971 -5 0
25 7.99999999998947 -5 0
26 8.999999999990965 -5 0
27 9.999999999992465 -5 0
28 10.99999999999396 -5 0
29 11.99999999999547 -5 0
30 12.99999999999698 -5 0
31 13.99999999999849 -5 0
32 15 -3.999999999998771 0
33 15 -3.000000000000872 0
34 15 -2.000000000004083 0
35 15 -1.000000000007258 0
36 15 -6.16751094639767e-12 0
37 15 0.99999999999506 0
38 15 1.99999999999629 0
39 15 2.999999999997519 0
40 15 3.999999999998758 0
41 13.99999999999976 5 0
42 12.99999999999952 5 0
43 11.99999999999928 5 0
44 10.99999999999904 5 0
45 9.999999999998796 5 0
46 8.999999999998558 5 0
47 7.999999999998594 5 0
48 7.000000000002654 5 0
49 6.000000000002691 5 0
50 5.00000000000245 5 0
51 4.00000000000221 5 0
52 3.00000000000197 5 0
53 2.00000000000173 5 0
54 1.000000000001489 5 0
55 1.247002501258976e-12 5 0
56 -0.9999999999989928 5 0
57 -1.999999999999243 5 0
58 -2.999999999999496 5 0
59 -3.999999999999744 5 0
60 -5 3.999999999998771 0
61 -5 3.000000000000872 0
62 -5 2.000000000004083 0
63 -5 1.000000000007258 0
64 -5 6.16751094639767e-12 0
65 -5 -0.99999999999506 0
66 -5 -1.99999999999629 0
67 -5 -2.999999999997519 0
68 -5 -3.999999999998758 0
69 0.9902066614791647 0.00149243858106878 0
70 0.9804200528098924 0.003028382161381366 0
71 0.970639758774919 0.004604053084383136 0
72 0.9608652629953344 0.006215304468209389 0
73 0.9510959412272441 0.0078576452847921 0
74 0.9413310737553139 0.009526271164999357 0
75 0.9315698531430697 0.01121610443723718 0
76 0.9218113979420943 0.01292184099096679 0
77 0.9120547703710785 0.01463800319633245 0
78 0.9022989939315917 0.01635899816776044 0
79 0.8925430739746253 0.01807917913951136 0
80 0.8827860190178248 0.01979290842370629 0
81 0.8730268613913462 0.02149462019568635 0
82 0.8632646779130797 0.02317888099470379 0
83 0.8534986069526564 0.02484044671268119 0
84 0.8437278647324103 0.02647431393869218 0
85 0.8339517589819213 0.02807576467600548 0
86 0.8241696952355042 0.02964040423237421 0
87 0.8143811854430481 0.03116419010782021 0
88 0.804585849209275 0.03264345329707664 0
89 0.794783415957823 0.0340749108548215 0
90 0.7849737115965693 0.03545567260269598 0
91 0.7751566709690877 0.03678323673483565 0
92 0.7653323071958813 0.03805548503229386 0
93 0.7555007212528565 0.03927066697080107 0
94 0.7456620882612522 0.04042738273778355 0
95 0.7358166374088576 0.04152456343277035 0
96 0.7259646562273 0.04256144601910504 0
97 0.7161064670820511 0.04353754997693787 0
98 0.706242427265858 0.0444526506160038 0
99 0.6963732166135921 0.04531028164233784 0
100 0.686502327477489 0.04614846075309101 0
101 0.6766305912931078 0.04697660199591538 0
102 0.6667579318980681 0.0477936643249089 0
103 0.6568842827824896 0.04859867997690942 0
104 0.6470095860710613 0.04939073412623107 0
105 0.6371337884985196 0.05016894911842565 0
106 0.6272568448048516 0.05093247121064186 0
107 0.6173787122994927 0.05168046024539792 0
108 0.6074993547553997 0.05241208020741241 0
109 0.5976187378500261 0.05312649158452185 0
110 0.58773683137551 0.05382284402676802 0
111 0.5778536101855718 0.05450026966529796 0
112 0.5679690502645973 0.05515787710108253 0
113 0.5580831327501725 0.05579474500287038 0
114 0.548195841484989 0.05640991616068998 0
115 0.5383071644864086 0.05700239114883172 0
116 0.5284170937464783 0.05757112184458561 0
117 0.5185256255469846 0.05811500452936076 0
118 0.50863276155791 0.05863287243397429 0
119 0.4987385089112375 0.05912348768775923 0
120 0.4888428812517727 0.05958553240357525 0
121 0.478945899743585 0.06001759878230568 0
122 0.4690475942191809 0.0604181780220037 0
123 0.4591480047724231 0.06078564778049551 0
124 0.449247183090251 0.06111825793359971 0
125 0.4393451958303811 0.0614141142062799 0
126 0.4294421256083866 0.06167115940948441 0
127 0.4195380760781428 0.06188715156095852 0
128 0.4096331742685848 0.0620596384576874 0
129 0.3997275764375042 0.06218592772904463 0
130 0.3898214749245333 0.06226305145657057 0
131 0.3799151060909624 0.06228772407121841 0
132 0.3700087578733672 0.06225629184841928 0
133 0.360102785318676 0.0621646718460502 0
134 0.3501976271630766 0.06200827754797281 0
135 0.3402938231222067 0.06178192733440139 0
136 0.3303920483461095 0.0614797310428204 0
137 0.3204931424510115 0.06109494728501812 0
138 0.3105981691727812 0.06061980291557331 0
139 0.3007084778643397 0.06004526037828156 0
140 0.2908262661051239 0.05935422595995558 0
141 0.2809539593934689 0.05853377616935506 0
142 0.2710932293387087 0.05758424929937499 0
143 0.2612456757044235 0.05650660193635935 0
144 0.2514127930123424 0.05530240542070721 0
145 0.2415959331299208 0.05397388644331051 0
146 0.2317962660277474 0.05252396135058971 0
147 0.2220147425717804 0.05095626314051516 0
148 0.2122520669783254 0.04927516116557425 0
149 0.2025086537471243 0.04748576807171374 0
150 0.1927846048964909 0.04559393854954426 0
151 0.1830796893370563 0.04360625650503461 0
152 0.1733933297409434 0.04153001104218774 0
153 0.1637245920322198 0.03937316004892226 0
154 0.1540721980481908 0.03714428616788185 0
155 0.1444345321632262 0.03485253948261641 0
156 0.1348096720101657 0.03250757453654499 0
157 0.1251954188950339 0.03011947739800108 0
158 0.1155893424733992 0.02769868755461335 0
159 0.1059888302535175 0.02525591399076895 0
160 0.09639114630774852 0.02280204821999782 0
161 0.08679349014000964 0.02034807374114287 0
162 0.07719306083771976 0.01790497501090917 0
163 0.06758711979629628 0.01548364603734657 0
164 0.05797305253620384 0.0130948005283388 0
165 0.04834842468018215 0.0107488841377986 0
166 0.03871103159375135 0.008455990474482949 0
167 0.0290589453479169 0.00622578340027548 0
168 0.01939054451734816 0.004067423741246882 0
169 0.009704542488745332 0.00198950557864771 0
170 0.009704542542407723 -0.001989505589911306 0
171 0.01939054462279549 -0.004067423764342616 0
172 0.02905894550229367 -0.00622578343536607 0
173 0.03871103179778786 -0.008455990522361234 0
174 0.04834842493545363 -0.01074888419932072 0
175 0.05797305284423412 -0.01309480060420491 0
176 0.06758712015890216 -0.01548364612816625 0
177 0.07719306125335032 -0.01790497511625956 0
178 0.08679349061196096 -0.02034807386162445 0
179 0.0963911468357736 -0.02280204835511009 0
180 0.1059888308346861 -0.02525591413911794 0
181 0.1155893431099334 -0.02769868771592592 0
182 0.1251954195859778 -0.03011947757100834 0
183 0.1348096727525327 -0.0325075747193161 0
184 0.1444345329600239 -0.03485253967455795 0
185 0.1540721989012954 -0.03714428636795165 0
186 0.1637245929387656 -0.03937316025484411 0
187 0.1733933307039786 -0.04153001125295171 0
188 0.1830796903563915 -0.04360625671879835 0
189 0.1927846059759124 -0.04559393876520965 0
190 0.2025086548845275 -0.04748576828691373 0
191 0.2122520681737654 -0.04927516137837628 0
192 0.2220147438265947 -0.05095626334920032 0
193 0.2317962673465295 -0.05252396155391181 0
194 0.2415959345110472 -0.05397388663900357 0
195 0.2514127944595189 -0.05530240560729718 0
196 0.2612456772145832 -0.05650660211149863 0
197 0.2710932309120083 -0.05758424946123215 0
198 0.2809539610342545 -0.05853377631654143 0
199 0.2908262678177835 -0.05935422609099227 0
200 0.3007084796465163 -0.06004526049141992 0
201 0.3105981710129112 -0.06061980301289764 0
202 0.3204931443509602 -0.06109494736729086 0
203 0.3303920503062793 -0.06147973111058884 0
204 0.3402938251389988 -0.06178192738800904 0
205 0.3501976292419905 -0.06200827758794795 0
206 0.360102787451316 -0.06216467187257384 0
207 0.3700087600713918 -0.06225629186191119 0
208 0.3799151083420266 -0.06228772407184041 0
209 0.3898214772335488 -0.06226305144457255 0
210 0.3997275788070604 -0.06218592770459145 0
211 0.4096331766903015 -0.06205963842104886 0
212 0.4195380785619802 -0.06188715151214014 0
213 0.4294421281501944 -0.06167115934868043 0
214 0.4393451984272621 -0.06141411413368866 0
215 0.4492471857375778 -0.0611182578494958 0
216 0.4591480074796152 -0.06078564768469497 0
217 0.4690475969781857 -0.06041817791489144 0
218 0.478945902557985 -0.06001759866385008 0
219 0.4888428841220137 -0.05958553227384469 0
220 0.4987385118361545 -0.0591234875468904 0
221 0.5086327644400259 -0.05863287228702055 0
222 0.5185256283782289 -0.05811500437736129 0
223 0.5284170965206655 -0.05757112168849836 0
224 0.5383071672048675 -0.05700239098918239 0
225 0.5481958441471867 -0.05640991599807339 0
226 0.5580831353551678 -0.0557947448378792 0
227 0.5679690528170767 -0.0551578769339181 0
228 0.5778536126905427 -0.05450026949608444 0
229 0.5877368338343442 -0.0538228438558299 0
230 0.5976187402597742 -0.05312649141246504 0
231 0.6074993571133085 -0.05241208003482742 0
232 0.6173787146068621 -0.05168046007256979 0
233 0.6272568470618851 -0.05093247103791851 0
234 0.6371337907064232 -0.05016894894606318 0
235 0.6470095882295872 -0.04939073395458521 0
236 0.6568842848943335 -0.04859867980609035 0
237 0.6667579339651115 -0.04779366415507687 0
238 0.6766305933160484 -0.04697660182731933 0
239 0.6865023294502123 -0.04614846058655252 0
240 0.6963732185457916 -0.04531028147734999 0
241 0.7062424291575262 -0.04445265044641173 0
242 0.7161064689244624 -0.04353754980026319 0
243 0.7259646580255396 -0.04256144583544253 0
244 0.735816639156709 -0.04152456324338703 0
245 0.7456620899722076 -0.04042738254184764 0
246 0.7555007229201423 -0.03927066676972037 0
247 0.7653323088166955 -0.03805548482713961 0
248 0.7751566725295189 -0.03678323652823999 0
249 0.7849737131031934 -0.03545567239473539 0
250 0.7947834174091734 -0.03407491064664288 0
251 0.804585850604326 -0.03264345308980537 0
252 0.8143811867799974 -0.03116418990272789 0
253 0.8241696965122841 -0.02964040403080058 0
254 0.8339517601998496 -0.02807576447875689 0
255 0.8437278658993079 -0.02647431374545891 0
256 0.8534986080680899 -0.02484044652443695 0
257 0.8632646789825045 -0.02317888081138015 0
258 0.8730268624032773 -0.02149462002007197 0
259 0.8827860199551798 -0.01979290825957331 0
260 0.8925430748591876 -0.01807917898375791 0
261 0.9022989947691493 -0.01635899801996141 0
262 0.9120547711589437 -0.01463800305746991 0
263 0.9218113986719809 -0.01292184086291259 0
264 0.9315698538011949 -0.01121610432268963 0
265 0.9413310743395589 -0.009526271064456693 0
266 0.9510959417300164 -0.007857645199530626 0
267 0.9608652634236298 -0.00621530439687328 0
268 0.9706397590950434 -0.00460405303218705 0
269 0.9804200530185425 -0.003028382128186561 0
270 0.9902066615800762 -0.001492438565454801 0
271 -4.000000000000445 -5 0.1
272 -3.000000000001271 -5 0.1
273 -2.000000000003103 -5 0.1
274 -1.000000000006045 -5 0.1
275 -8.986589250525867e-12 -5 0.1
276 0.9999999999880718 -5 0.1
277 1.99999999998513 -5 0.1
278 2.999999999982258 -5 0.1
279 3.999999999983478 -5 0.1
280 4.999999999984976 -5 0.1
281 5.999999999986475 -5 0.1
282 6.999999999987971 -5 0.1
283 7.99999999998947 -5 0.1
284 8.999999999990965 -5 0.1
285 9.999999999992465 -5 0.1
286 10.99999999999396 -5 0.1
287 11.99999999999547 -5 0.1
288 12.99999999999698 -5 0.1
289 13.99999999999849 -5 0.1
290 15 -3.999999999998771 0.1
291 15 -3.000000000000872 0.1
292 15 -2.000000000004083 0.1
293 15 -1.000000000007258 0.1
294 15 -6.16751094639767e-12 0.1
295 15 0.99999999999506 0.1
296 15 1.99999999999629 0.1
297 15 2.999999999997519 0.1
298 15 3.999999999998758 0.1
299 13.99999999999976 5 0.1
300 12.99999999999952 5 0.1
301 11.99999999999928 5 0.1
302 10.99999999999904 5 0.1
303 9.999999999998796 5 0.1
304 8.999999999998558 5 0.1
305 7.999999999998594 5 0.1
306 7.000000000002654 5 0.1
307 6.000000000002691 5 0.1
308 5.00000000000245 5 0.1
309 4.00000000000221 5 0.1
310 3.00000000000197 5 0.1
311 2.00000000000173 5 0.1
312 1.000000000001489 5 0.1
313 1.247002501258976e-12 5 0.1
314 -0.9999999999989928 5 0.1
315 -1.999999999999243 5 0.1
316 -2.999999999999496 5 0.1
317 -3.999999999999744 5 0.1
318 -5 3.999999999998771 0.1
319 -5 3.000000000000872 0.1
320 -5 2.000000000004083 0.1
321 -5 1.000000000007258 0.1
322 -5 6.16751094639767e-12 0.1
323 -5 -0.99999999999506 0.1
324 -5 -1.99999999999629 0.1
325 -5 -2.999999999997519 0.1
326 -5 -3.999999999998758 0.1
327 0.9902066615800762 -0.001492438565454801 0.1
328 0.9804200530185425 -0.003028382128186561 0.1
329 0.9706397590950434 -0.00460405303218705 0.1
330 0.9608652634236298 -0.00621530439687328 0.1
331 0.9510959417300164 -0.007857645199530626 0.1
332 0.9413310743395589 -0.009526271064456693 0.1
333 0.9315698538011949 -0.01121610432268963 0.1
334 0.9218113986719809 -0.01292184086291259 0.1
335 0.9120547711589437 -0.01463800305746991 0.1
336 0.9022989947691493 -0.01635899801996141 0.1
337 0.8925430748591876 -0.01807917898375791 0.1
338 0.8827860199551798 -0.01979290825957331 0.1
339 0.8730268624032773 -0.02149462002007197 0.1
340 0.8632646789825045 -0.02317888081138015 0.1
341 0.8534986080680899 -0.02484044652443695 0.1
342 0.8437278658993079 -0.02647431374545891 0.1
343 0.8339517601998496 -0.02807576447875689 0.1
344 0.8241696965122841 -0.02964040403080058 0.1
345 0.8143811867799974 -0.03116418990272789 0.1
346 0.804585850604326 -0.03264345308980537 0.1
347 0.7947834174091734 -0.03407491064664288 0.1
348 0.7849737131031934 -0.03545567239473539 0.1
349 0.7751566725295189 -0.03678323652823999 0.1
350 0.7653323088166955 -0.03805548482713961 0.1
351 0.7555007229201423 -0.03927066676972037 0.1
352 0.7456620899722076 -0.04042738254184764 0.1
353 0.735816639156709 -0.04152456324338703 0.1
354 0.7259646580255396 -0.04256144583544253 0.1
355 0.7161064689244624 -0.04353754980026319 0.1
356 0.7062424291575262 -0.04445265044641173 0.1
357 0.6963732185457916 -0.04531028147734999 0.1
358 0.6865023294502123 -0.04614846058655252 0.1
359 0.6766305933160484 -0.04697660182731933 0.1
360 0.6667579339651115 -0.04779366415507687 0.1
361 0.6568842848943335 -0.04859867980609035 0.1
362 0.6470095882295872 -0.04939073395458521 0.1
363 0.6371337907064232 -0.05016894894606318 0.1
364 0.6272568470618851 -0.05093247103791851 0.1
365 0.6173787146068621 -0.05168046007256979 0.1
366 0.6074993571133085 -0.05241208003482742 0.1
367 0.5976187402597742 -0.05312649141246504 0.1
368 0.5877368338343442 -0.0538228438558299 0.1
369 0.5778536126905427 -0.05450026949608444 0.1
370 0.5679690528170767 -0.0551578769339181 0.1
371 0.5580831353551678 -0.0557947448378792 0.1
372 0.5481958441471867 -0.05640991599807339 0.1
373 0.5383071672048675 -0.05700239098918239 0.1
374 0.5284170965206655 -0.05757112168849836 0.1
375 0.5185256283782289 -0.05811500437736129 0.1
376 0.5086327644400259 -0.05863287228702055 0.1
377 0.4987385118361545 -0.0591234875468904 0.1
378 0.4888428841220137 -0.05958553227384469 0.1
379 0.478945902557985 -0.06001759866385008 0.1
380 0.4690475969781857 -0.06041817791489144 0.1
381 0.4591480074796152 -0.06078564768469497 0.1
382 0.4492471857375778 -0.0611182578494958 0.1
383 0.4393451984272621 -0.06141411413368866 0.1
384 0.4294421281501944 -0.06167115934868043 0.1
385 0.4195380785619802 -0.06188715151214014 0.1
386 0.4096331766903015 -0.06205963842104886 0.1
387 0.3997275788070604 -0.06218592770459145 0.1
388 0.3898214772335488 -0.06226305144457255 0.1
389 0.3799151083420266 -0.06228772407184041 0.1
390 0.3700087600713918 -0.06225629186191119 0.1
391 0.360102787451316 -0.06216467187257384 0.1
392 0.3501976292419905 -0.06200827758794795 0.1
393 0.3402938251389988 -0.06178192738800904 0.1
394 0.3303920503062793 -0.06147973111058884 0.1
395 0.3204931443509602 -0.06109494736729086 0.1
396 0.3105981710129112 -0.06061980301289764 0.1
397 0.3007084796465163 -0.06004526049141992 0.1
398 0.2908262678177835 -0.05935422609099227 0.1
399 0.2809539610342545 -0.05853377631654143 0.1
400 0.2710932309120083 -0.05758424946123215 0.1
401 0.2612456772145832 -0.05650660211149863 0.1
402 0.2514127944595189 -0.05530240560729718 0.1
403 0.2415959345110472 -0.05397388663900357 0.1
404 0.2317962673465295 -0.05252396155391181 0.1
405 0.2220147438265947 -0.05095626334920032 0.1
406 0.2122520681737654 -0.04927516137837628 0.1
407 0.2025086548845275 -0.04748576828691373 0.1
408 0.1927846059759124 -0.04559393876520965 0.1
409 0.1830796903563915 -0.04360625671879835 0.1
410 0.1733933307039786 -0.04153001125295171 0.1
411 0.1637245929387656 -0.03937316025484411 0.1
412 0.1540721989012954 -0.03714428636795165 0.1
413 0.1444345329600239 -0.03485253967455795 0.1
414 0.1348096727525327 -0.0325075747193161 0.1
415 0.1251954195859778 -0.03011947757100834 0.1
416 0.1155893431099334 -0.02769868771592592 0.1
417 0.1059888308346861 -0.02525591413911794 0.1
418 0.0963911468357736 -0.02280204835511009 0.1
419 0.08679349061196096 -0.02034807386162445 0.1
420 0.07719306125335032 -0.01790497511625956 0.1
421 0.06758712015890216 -0.01548364612816625 0.1
422 0.05797305284423412 -0.01309480060420491 0.1
423 0.04834842493545363 -0.01074888419932072 0.1
424 0.03871103179778786 -0.008455990522361234 0.1
425 0.02905894550229367 -0.00622578343536607 0.1
426 0.01939054462279549 -0.004067423764342616 0.1
427 0.009704542542407723 -0.001989505589911306 0.1
428 0.009704542488745332 0.00198950557864771 0.1
429 0.01939054451734816 0.004067423741246882 0.1
430 0.0290589453479169 0.00622578340027548 0.1
431 0.03871103159375135 0.008455990474482949 0.1
432 0.04834842468018215 0.0107488841377986 0.1
433 0.05797305253620384 0.0130948005283388 0.1
434 0.06758711979629628 0.01548364603734657 0.1
435 0.07719306083771976 0.01790497501090917 0.1
436 0.08679349014000964 0.02034807374114287 0.1
437 0.09639114630774852 0.02280204821999782 0.1
438 0.1059888302535175 0.02525591399076895 0.1
439 0.1155893424733992 0.02769868755461335 0.1
440 0.1251954188950339 0.03011947739800108 0.1
441 0.1348096720101657 0.03250757453654499 0.1
442 0.1444345321632262 0.03485253948261641 0.1
443 0.1540721980481908 0.03714428616788185 0.1
444 0.1637245920322198 0.03937316004892226 0.1
445 0.1733933297409434 0.04153001104218774 0.1
446 0.1830796893370563 0.04360625650503461 0.1
447 0.1927846048964909 0.04559393854954426 0.1
448 0.2025086537471243 0.04748576807171374 0.1
449 0.2122520669783254 0.04927516116557425 0.1
450 0.2220147425717804 0.05095626314051516 0.1
451 0.2317962660277474 0.05252396135058971 0.1
452 0.2415959331299208 0.05397388644331051 0.1
453 0.2514127930123424 0.05530240542070721 0.1
454 0.2612456757044235 0.05650660193635935 0.1
455 0.2710932293387087 0.05758424929937499 0.1
456 0.2809539593934689 0.05853377616935506 0.1
457 0.2908262661051239 0.05935422595995558 0.1
458 0.3007084778643397 0.06004526037828156 0.1
459 0.3105981691727812 0.06061980291557331 0.1
460 0.3204931424510115 0.06109494728501812 0.1
461 0.3303920483461095 0.0614797310428204 0.1
462 0.3402938231222067 0.06178192733440139 0.1
463 0.3501976271630766 0.06200827754797281 0.1
464 0.360102785318676 0.0621646718460502 0.1
465 0.3700087578733672 0.06225629184841928 0.1
466 0.3799151060909624 0.06228772407121841 0.1
467 0.3898214749245333 0.06226305145657057 0.1
468 0.3997275764375042 0.06218592772904463 0.1
469 0.4096331742685848 0.0620596384576874 0.1
470 0.4195380760781428 0.06188715156095852 0.1
471 0.4294421256083866 0.06167115940948441 0.1
472 0.4393451958303811 0.0614141142062799 0.1
473 0.449247183090251 0.06111825793359971 0.1
474 0.4591480047724231 0.06078564778049551 0.1
475 0.4690475942191809 0.0604181780220037 0.1
476 0.478945899743585 0.06001759878230568 0.1
477 0.4888428812517727 0.05958553240357525 0.1
478 0.4987385089112375 0.05912348768775923 0.1
479 0.50863276155791 0.05863287243397429 0.1
480 0.5185256255469846 0.05811500452936076 0.1
481 0.5284170937464783 0.05757112184458561 0.1
482 0.5383071644864086 0.05700239114883172 0.1
483 0.548195841484989 0.05640991616068998 0.1
484 0.5580831327501725 0.05579474500287038 0.1
485 0.5679690502645973 0.05515787710108253 0.1
486 0.5778536101855718 0.05450026966529796 0.1
487 0.58773683137551 0.05382284402676802 0.1
488 0.5976187378500261 0.05312649158452185 0.1
489 0.6074993547553997 0.05241208020741241 0.1
490 0.6173787122994927 0.05168046024539792 0.1
491 0.6272568448048516 0.05093247121064186 0.1
492 0.6371337884985196 0.05016894911842565 0.1
493 0.6470095860710613 0.04939073412623107 0.1
494 0.6568842827824896 0.04859867997690942 0.1
495 0.6667579318980681 0.0477936643249089 0.1
496 0.6766305912931078 0.04697660199591538 0.1
497 0.686502327477489 0.04614846075309101 0.1
498 0.6963732166135921 0.04531028164233784 0.1
499 0.706242427265858 0.0444526506160038 0.1
500 0.7161064670820511 0.04353754997693787 0.1
501 0.7259646562273 0.04256144601910504 0.1
502 0.7358166374088576 0.04152456343277035 0.1
503 0.7456620882612522 0.04042738273778355 0.1
504 0.7555007212528565 0.03927066697080107 0.1
505 0.7653323071958813 0.03805548503229386 0.1
506 0.7751566709690877 0.03678323673483565 0.1
507 0.7849737115965693 0.03545567260269598 0.1
508 0.794783415957823 0.0340749108548215 0.1
509 0.804585849209275 0.03264345329707664 0.1
510 0.8143811854430481 0.03116419010782021 0.1
511 0.8241696952355042 0.02964040423237421 0.1
512 0.8339517589819213 0.02807576467600548 0.1
513 0.8437278647324103 0.02647431393869218 0.1
514 0.8534986069526564 0.02484044671268119 0.1
515 0.8632646779130797 0.02317888099470379 0.1
516 0.8730268613913462 0.02149462019568635 0.1
517 0.8827860190178248 0.01979290842370629 0.1
518 0.8925430739746253 0.01807917913951136 0.1
519 0.9022989939315917 0.01635899816776044 0.1
520 0.9120547703710785 0.01463800319633245 0.1
521 0.9218113979420943 0.01292184099096679 0.1
522 0.9315698531430697 0.01121610443723718 0.1
523 0.9413310737553139 0.009526271164999357 0.1
524 0.9510959412272441 0.0078576452847921 0.1
525 0.9608652629953344 0.006215304468209389 0.1
526 0.970639758774919 0.004604053084383136 0.1
527 0.9804200528098924 0.003028382161381366 0.1
528 0.9902066614791647 0.00149243858106878 0.1
529 5.448888866115529 4.184226776279778 0
530 5.521618744465133 -4.168700265950356 0
531 8.492768123344604 3.961550164859098 0
532 9.437405318768302 -4.178329269006285 0
533 14.10591401289858 0.5068895044085605 0
534 -4.133974596218327 1.500000000005669 0
535 -1.520154982747667 -4.163962509706352 0
536 -1.378218715490372 4.25706805668079 0
537 -4.167668329904815 -1.479554423649775 0
538 2.461956684030484 -4.119131359735873 0
539 0.5139912825686339 -0.06913289218859449 0
540 0.7216491438725933 -0.05025910328604757 0
541 2.487593881308459 4.249806430360626 0
542 0.51438322066755 0.06952702983826313 0
543 0.7218808924499069 0.05158693994037088 0
544 0.4344516587006729 -4.169776838773132 0
545 0.4652952006949186 4.137754722910159 0
546 11.51729740866 4.22017837670941 0
547 7.427904175679213 -4.169640541169056 0
548 13.99384803944641 -1.446058040017081 0
549 11.46361840754088 -4.146971631708397 0
550 14.34904089722146 2.486397109539386 0
551 -4.133974596217861 3.499999999999821 0
552 14.13397459621786 -3.499999999999821 0
553 -4.079550834041261 -3.391971574964604 0
554 13.48024888892209 4.165006949250468 0
555 -0.3321181486592741 -4.152731469519672 0
556 -1.021478050495869 -3.35964428492375 0
557 0.1276424884652091 -3.479338268472085 0
558 0.8794303968232593 -0.02937647922312631 0
559 -0.4858002542151147 -2.862687388253475 0
560 0.0990648788193943 -0.03234081905333697 0
561 0.7614116452947586 -3.421234188776001 0
562 0.3861472185979885 -2.840216352587244 0
563 0.2652361841720733 -0.06557365663134031 0
564 0.3649743916748039 -0.07108901820340469 0
565 0.9880769553378472 -2.806793813385647 0
566 0.7075846960270975 -2.34533740359105 0
567 1.192436217013554 -2.314989648012356 0
568 0.9200552448262331 -1.878245263979465 0
569 1.345017266619654 -1.892406537729542 0
570 0.4861192373686134 -1.926831266468615 0
571 1.147319587736172 -1.562527660144328 0
572 1.49379992402994 -1.54987952930371 0
573 1.321705474897726 -1.253108337351317 0
574 1.633845299652704 -1.248202782117554 0
575 1.826702803307703 -1.505908479529495 0
576 1.934638586371115 -1.198688728719693 0
577 1.018640451042077 -1.281305615071219 0
578 2.186026610234962 -1.468162170628893 0
579 2.270097484583403 -1.055747587919689 0
580 2.583261714357036 -1.419782479219101 0
581 2.735092859609477 -1.041727499193684 0
582 2.442052166647033 -0.653432385714936 0
583 2.909487385716682 -0.6097856410871967 0
584 2.590236878760555 -0.2314046609357174 0
585 3.056365192489466 -0.07105899094896242 0
586 3.420910442668943 -0.527993243820788 0
587 3.579048010242907 0.07460490030334288 0
588 3.982029191666885 -0.4057892242619886 0
589 1.123894214773417 -1.051100433414875 0
590 0.6138587618299666 -0.05998907477143467 0
591 0.5633466892576865 -0.06418367593762568 0
592 0.6625422858435412 -0.0570196621590693 0
593 0.9030956502046157 -1.066311963813971 0
594 4.169523310023656 0.2061406872614528 0
595 4.594406743238535 -0.2844756488675492 0
596 2.701918940297861 0.2710256318538514 0
597 0.9936667214673559 -0.8806035161695057 0
598 0.8009649444823964 -0.0421197905882322 0
599 0.7614688941158456 -0.04717747744701517 0
600 0.8078284015024841 -0.883282099422213 0
601 0.8955376313589533 -0.7223058275174687 0
602 0.9672952117075788 -0.01477839123488198 0
603 0.9281678373342573 -0.02052004218828432 0
604 1.053581971703699 -0.7109022644532796 0
605 0.7286842130089034 -0.732073262153315 0
606 0.6366288961526723 -0.8700259009094066 0
607 0.1856744180418501 -0.0531874494854723 0
608 0.2254953919867337 -0.06053708665289313 0
609 0.1472604796471506 -0.04439191419708292 0
610 0.5700190565442527 -0.7022748606917392 0
611 0.4734371132431278 -0.854794580601692 0
612 0.4074936153940872 -0.7120674240298573 0
613 0.3143607100014912 -0.8460981288997507 0
614 0.4356002820374302 -0.07218831065166811 0
615 0.40483704961582 -0.06962229336666378 0
616 0.4639678533568615 -0.07034428263476639 0
617 0.2498618300424732 -0.6861340461778412 0
618 0.1545154760124508 -0.832083449088649 0
619 0.07511785362609616 -0.6689386988204433 0
620 -0.008116111958830758 -0.8278865457028584 0
621 -0.09505766714411715 -0.6712583336899827 0
622 -0.1834048567436485 -0.8330269815886995 0
623 -0.2664493096499733 -0.6610234349026457 0
624 -0.3891119233454965 -0.8187179209519484 0
625 4.81649941663152 0.3609954623524874 0
626 5.315819401423594 -0.2070442353934149 0
627 0.7955216287904779 -0.6022044407034615 0
628 5.541965957760317 0.5370693428193087 0
629 6.072590117555393 -0.0408433327398278 0
630 0.4862747893245527 -0.5881306440502883 0
631 0.1728322579362506 -0.5650859512128971 0
632 -0.2819332930596273 -1.02571591957845 0
633 -0.5287047650044046 -1.011439011231644 0
634 -0.6132077689133183 -0.784073314306765 0
635 -0.804507593567574 -0.9957372031602852 0
636 -0.8761111391325898 -0.6722901937338053 0
637 -1.117449135917161 -0.9665494613367995 0
638 -1.251038719632766 -0.645058570800374 0
639 -1.031740445203282 -0.3635378681243114 0
640 -1.380194285470543 -0.3164852770804945 0
641 -1.159373754775914 -0.05836215560142658 0
642 -1.513582978301214 0.02828857085108577 0
643 -1.211523922546473 0.3072031470450884 0
644 4.321468197067146 0.8319313373041913 0
645 -1.502618779416612 -0.93684598283272 0
646 -0.1527487264670756 -0.5106941355464275 0
647 -1.663581216776286 0.4020008161570136 0
648 -1.381906988660663 0.7160816710376615 0
649 0.1094720288857791 0.03796959824717313 0
650 -0.974330775465997 0.6504104032155579 0
651 0.2855785410639185 0.0668503142538112 0
652 0.2069019215387178 0.05644204728599527 0
653 0.3649764263604656 0.07078930421614016 0
654 -1.106967089406515 1.025830141944687 0
655 -0.7031824151594845 0.9318815815819105 0
656 -0.8367049567024286 1.316014364154062 0
657 -0.4673250399705693 1.243797662508546 0
658 0.9198358093884709 0.02392103254484826 0
659 0.8205950775641058 0.03887939497358865 0
660 -1.271841750447941 1.434409456763781 0
661 -0.5686040503016617 1.600087362860715 0
662 -0.1784034055900381 1.523754365051616 0
663 -0.4178098982236679 -1.243283953177981 0
664 -0.1011261376221293 1.122180255620049 0
665 0.2123210620455815 1.435683677707399 0
666 6.313553455135136 0.7106591210117925 0
667 6.874704470497892 0.1176521725611401 0
668 -1.891898135107051 0.03073278217232422 0
669 2.181274580717468 -0.3348662049682984 0
670 4.373267239695636 -0.9199606365177413 0
671 0.3136356071328096 1.078291988848347 0
672 0.6229655560203773 0.05986117892244958 0
673 0.6141019590965873 1.357148945266436 0
674 -1.816440624526823 0.8294172004573818 0
675 5.778765917505288 -0.8859793759830688 0
676 -1.330554165617506 -1.309697297503046 0
677 -1.773824479407523 -1.273365053073406 0
678 0.6215938428523266 0.9634762049476073 0
679 0.9933283353277156 1.204118334595944 0
680 1.227958500559253 0.8553831392954818 0
681 1.497516222637242 1.17228261515652 0
682 1.338774937841105 1.636744075968129 0
683 1.870593275599072 1.537205542656648 0
684 -0.8113232591359595 -0.1081082760214726 0
685 7.099419525053816 0.9120568898834077 0
686 7.715959104526774 0.2908783712869552 0
687 7.444721901223089 -0.544196605306929 0
688 8.316279158203002 -0.3767638931210667 0
689 8.602520601745153 0.4841169954496366 0
690 9.218702085139311 -0.1992906367646463 0
691 9.507858895686141 0.6874667960289917 0
692 10.13546045301087 -0.01414236834741742 0
693 -0.6372744808078011 0.5703187801574576 0
694 10.43316184498093 0.8824825233571163 0
695 0.2331187217996449 -1.001400877868562 0
696 -0.3013045154018124 1.935958924812302 0
697 2.429243425103494 -1.829555211121564 0
698 2.905778359728573 -1.790832695515701 0
699 0.09355616205035766 0.8740526888621072 0
700 1.43058094449775 -2.658150579507784 0
701 9.834619491639103 -0.9054879470504834 0
702 10.76732827765141 -0.7233534319656911 0
703 0.7632829157231595 -1.258174877853904 0
704 -1.548943881927261 -1.72476806605448 0
705 -2.100123336408078 -1.682639110196714 0
706 -2.285974213792296 -1.183923497369349 0
707 5.720351476885391 1.377785864745152 0
708 8.021074717059625 -1.23396612870136 0
709 1.693574414777558 2.075337653957434 0
710 2.27703049349777 1.947087687970861 0
711 1.035168644984034 2.139094620017353 0
712 1.708627421582067 -0.9445627229791718 0
713 1.599017854520355 0.7532390819997933 0
714 -0.3396096850601207 -0.4944816005985654 0
715 -0.2229600447797979 -0.3692387268951758 0
716 0.03195357315625991 -0.01569983674955272 0
717 0.06071128605117236 -0.02261524804681804 0
718 -0.09254044588252741 -0.3570468667426391 0
719 -0.1622212255938101 -0.2826972739469418 0
720 -0.009527150891571533 -0.2869740731088351 0
721 -0.08066931307959424 -0.183480572853133 0
722 -0.2515441050929876 -0.2415623185492043 0
723 9.793433242561752 1.592402660780617 0
724 2.703768399821115 -2.281433895240847 0
725 3.284160419725705 -2.204184221787195 0
726 -0.7728477405994343 2.034482768074831 0
727 -0.4393976088952743 2.432394107360497 0
728 10.46450800197622 -1.628065758750665 0
729 11.3927520712119 -1.437987128665436 0
730 -1.827061695650765 -2.206725555438481 0
731 -2.47283497128389 -2.156301259870542 0
732 0.890341543454036 0.5789572654973922 0
733 11.68508736870113 -0.5270031890233519 0
734 -1.012497829608303 2.530984399584362 0
735 10.73233944578452 1.792771664315674 0
736 1.507277793696309 2.652322864497724 0
737 -1.094314386635486 -1.633453215384518 0
738 10.08376037793308 2.507130671173714 0
739 -0.6133814832421567 3.002968167483623 0
740 0.04215023712115021 2.844451257316734 0
741 9.188086091910296 2.2770883627994 0
742 0.0184948398227798 -0.3713153723232339 0
743 0.06820854651571542 -0.2859981185299625 0
744 0.1088569954230763 -0.3676979554444287 0
745 0.1451659023940372 -0.2919795516636729 0
746 0.1157135798186885 -0.2296639239787982 0
747 0.1806471732040629 -0.2249204293637131 0
748 0.3156351635553179 -0.06802368022103937 0
749 0.2105475687753363 -0.2860283670593668 0
750 0.2401711671735058 -0.2313190385562347 0
751 0.2704885279782291 -0.2788307484028384 0
752 0.2948514117993859 -0.2233643074306297 0
753 0.3260341197821918 -0.2725834532624984 0
754 0.3487273945523552 -0.2241543620131831 0
755 0.3807692726837815 -0.271864280114327 0
756 0.4023178365457571 -0.2241128651969462 0
757 0.4290466901305403 -0.2638117730504755 0
758 0.4484068138616184 -0.2201180171854446 0
759 0.4767555610599973 -0.2581294387242427 0
760 0.4949642506013157 -0.209865970252146 0
761 0.5243952339452875 -0.2538131374569642 0
762 0.5460360335263374 -0.2068504576566964 0
763 0.5713347870063492 -0.2485589784557509 0
764 0.59306877334108 -0.2081502397725219 0
765 0.6173871359357176 -0.245426354777988 0
766 0.6388645096759858 -0.1987883477768877 0
767 0.6633819593663649 -0.2410878603438016 0
768 0.6845235683476695 -0.2006133284162098 0
769 0.708413355022857 -0.2373689993831777 0
770 0.7266821455433921 -0.1979184126348171 0
771 0.7535752408106362 -0.2343571305105763 0
772 0.770636277447867 -0.189033038586408 0
773 0.7989851963058894 -0.2297484300340179 0
774 0.8184384564896523 -0.1829882898798814 0
775 0.8454147162327204 -0.2259624776887713 0
776 0.8392328294276248 -0.03769996293898699 0
777 0.8653238263449589 -0.1837967687538637 0
778 0.8925951103558956 -0.2224657348166496 0
779 0.9123321748521158 -0.182669474734126 0
780 0.9405916103464482 -0.2194211833826807 0
781 0.9591140198337876 -0.1704397222440339 0
782 0.9939127171953628 -0.2205405735246695 0
783 1.011500996311142 -0.1694327341603814 0
784 1.053798384862604 -0.2202151242161309 0
785 0.9686663832076776 -0.2664035993544726 0
786 0.6496992697676376 -0.2895982836334682 0
787 0.2937566469869866 -0.07079484431667814 0
788 0.3350812281159907 -0.0702060162724945 0
789 0.8212313517877357 -0.04034989850286984 0
790 0.8227916111747916 -0.2737689475056628 0
791 0.700004690462053 -0.1619783520465538 0
792 0.7918259925971851 -0.1547665733907016 0
793 0.3583063283855613 -0.33105776451071 0
794 0.8860536255945397 -0.1455218336206772 0
795 0.6082608572165676 -0.1733115572287847 0
796 0.516917025322751 -0.1769728882629414 0
797 0.4243704857229395 -0.1862265819766292 0
798 0.1448813403321949 -0.1803394845187606 0
799 0.0979249947962347 -0.1764898022950701 0
800 0.499734859502883 -0.2999112637732984 0
801 0.2609798920151551 -0.1861172598837113 0
802 0.2523208439440257 -0.3407802061623352 0
803 0.9855659091333947 -0.1291172149551906 0
804 1.029182118438636 -0.1241270733063263 0
805 0.7316540158572864 -0.2811088191291113 0
806 0.1277471867114696 -0.1383050125642391 0
807 0.08558916200973894 -0.1346222381053158 0
808 0.1646831754768945 -0.1442521642555209 0
809 1.000178723372558 -0.09016569160940105 0
810 1.041605969171254 -0.08617695808366529 0
811 1.07326640876492 -0.1152372913815145 0
812 0.9638699523979968 -0.09807692863884983 0
813 0.1086830777834346 -0.1067160849967806 0
814 0.07478061182767118 -0.09711638255752776 0
815 0.04954139754673163 -0.1269229609037307 0
816 0.0381154554225532 -0.08796792043020731 0
817 1.017423197762177 -0.06038926816799561 0
818 0.9996624472780493 -0.01039329033787715 0
819 0.01382186990067141 -0.1184402511589918 0
820 0.002536307943029054 -0.07877054339332788 0
821 0.003140845042179146 -0.01072561068861652 0
822 0.02075772720463054 -0.1656172781188102 0
823 0.06106838964410696 -0.06869597137883782 0
824 -2.178559002276415 -2.754146554439846 0
825 3.047493643827612 -2.775614539257339 0
826 3.698071661276384 -2.69976006084658 0
827 7.125731718732291 -1.400395647813464 0
828 7.713134055837635 -2.057572540426803 0
829 6.797164732192513 -2.184050209348411 0
830 2.429791718271966 1.363266897692052 0
831 2.865736673921953 1.790091891751191 0
832 2.728893988165169 2.414276340364981 0
833 3.365397198299657 2.252529961591024 0
834 8.622830281349927 -1.92969557080643 0
835 11.3737374196189 1.074808070333917 0
836 11.68203936713646 1.995092414575857 0
837 -0.02266001471464824 -0.111102864953967 0
838 -0.03285213531522547 -0.07596841292689685 0
839 -0.06328081046976627 -0.1064881020594034 0
840 -0.07342744185101616 -0.0640859690784753 0
841 3.109988886229429 1.173230232722886 0
842 -0.1380241005488204 -1.255363166215215 0
843 -0.2968867184585041 -1.51236044347025 0
844 3.223407557422246 2.928940256629993 0
845 3.907891779401989 2.752309951173191 0
846 12.33216703501891 1.270362473423921 0
847 -0.01341823380522205 -0.05366864557190693 0
848 3.929547899750605 -2.083245242967991 0
849 4.439035954940675 -2.632696535526833 0
850 4.133162101569733 -3.376731051080808 0
851 11.13877576290867 -2.38987577511022 0
852 12.10709542149439 -2.140582823155166 0
853 0.9463302273737602 -0.1260835604073834 0
854 0.9320882479376029 -0.09685640026185041 0
855 0.9470861174659777 -0.07058670459722048 0
856 0.9186224528191455 -0.07205364273941164 0
857 0.9042872973130076 -0.09385761411479698 0
858 0.8945205461454586 -0.07086098895336534 0
859 0.8804545867261524 -0.09006810264544945 0
860 0.8704760185820617 -0.0673757397278593 0
861 0.8578323611947535 -0.08668228332452292 0
862 0.8598856017327292 -0.03284571479314388 0
863 0.9075289950529342 -0.05061512283234411 0
864 0.8507976871265647 -0.06787627123624909 0
865 0.8356350726231419 -0.0812527257708338 0
866 0.8450821311979619 -0.1051418236483301 0
867 0.8217686237442392 -0.1018640918685986 0
868 0.8130312898482805 -0.08061996862174112 0
869 0.7994693077362746 -0.09778740710245387 0
870 0.7928264939305707 -0.07787246195246869 0
871 0.7788749107843113 -0.09323560101437464 0
872 0.7806413499195527 -0.04661896813046044 0
873 0.9080004451321498 -0.0228021063926312 0
874 0.7754647567750939 -0.07464448429283921 0
875 0.7586020531508765 -0.08624893409081957 0
876 0.7652741917686999 -0.1092720579903462 0
877 0.743985874610642 -0.1036746651304763 0
878 0.6915957498155556 -0.05538265529795718 0
879 0.7475771187628547 -0.1312462209621877 0
880 0.7374303365999417 -0.0838479908856877 0
881 0.7233435165901707 -0.09828505042140469 0
882 0.7416969055094725 -0.04956946412223271 0
883 0.7188349256850202 -0.07733559581073009 0
884 0.7044129849403971 -0.09241160082175873 0
885 0.7088484958660433 -0.11327601086149 0
886 0.6885720349201694 -0.1062693354775707 0
887 0.6869232411186231 -0.08622953719439277 0
888 0.6691175118630854 -0.09547140800496783 0
889 0.6716562337620757 -0.1195544241623314 0
890 0.6517921868238536 -0.1102423876794612 0
891 0.6486017158442802 -0.08994485758007789 0
892 0.633204599775923 -0.1029333983665242 0
893 0.6313394381502551 -0.05927291177578226 0
894 0.6537022012560856 -0.1346239772323914 0
895 10.153129449893 -2.511932731352196 0
896 8.254033307133227 -2.688858156649949 0
897 0.831199128938378 -0.1259882037459486 0
898 -0.1687628652594222 0.8252113422990544 0
899 -0.1762539429913972 0.5969870220967239 0
900 0.1403940211762382 0.5100655250891353 0
901 -2.864228144428948 -2.69718228988555 0
902 -2.604239522867595 -3.385177148273419 0
903 0.2181025271622386 -0.1870166516751942 0
904 0.242257418816452 -0.1523280346913247 0
905 0.2749755194986954 -0.1500430337066125 0
906 0.2601099632720423 -0.1221100585951123 0
907 0.2888035336108958 -0.1235625100233306 0
908 0.3047923315250846 -0.1448760492957243 0
909 0.3141928174659734 -0.1192327595122926 0
910 0.3312149555310034 -0.1386452037353343 0
911 0.3387674820520665 -0.1122534212461097 0
912 0.3556534116428166 -0.1330149548627462 0
913 0.3661152479405207 -0.1085026403413178 0
914 0.3794123477658098 -0.1282559998019848 0
915 0.229750437238218 -0.1233353396803089 0
916 0.3889835088360239 -0.1077929977083412 0
917 0.4015813101764106 -0.1242694074921494 0
918 0.3848910840205019 -0.07115992644741773 0
919 0.2426324243665924 -0.09963875909098263 0
920 0.2185666307387518 -0.1002096010458976 0
921 0.2453090829827206 -0.063465178555135 0
922 0.4084670136558925 -0.1012452231451248 0
923 0.422309602461153 -0.1196293968862764 0
924 0.3743350322979271 -0.1572602220039792 0
925 0.4290358271929727 -0.09811426048246344 0
926 0.4426233100276158 -0.1157834065402165 0
927 0.4492599646785648 -0.09674358641490774 0
928 0.4634099361013058 -0.1092941748355029 0
929 0.4560508113470654 -0.132481567012728 0
930 0.4780983606918608 -0.1274189419324135 0
931 0.4848348105431927 -0.1062295909873236 0
932 0.4941942301173744 -0.06799917390141148 0
933 0.4995019716553915 -0.1216283779294496 0
934 0.5045036999445509 -0.1015613106449763 0
935 0.5196196974957631 -0.1158028873947185 0
936 0.52283974871827 -0.09425877395307598 0
937 0.5399120163750966 -0.1066906500330371 0
938 0.5437646040621957 -0.06526999881468105 0
939 0.4710603910029253 -0.1518291871244066 0
940 0.535237461546666 -0.1305964791928007 0
941 0.5564777005570039 -0.123588002868467 0
942 0.56147517195007 -0.102254312911403 0
943 0.5773429596931925 -0.1162681737117699 0
944 0.5806621077964901 -0.09608146093858962 0
945 0.5932808459162006 -0.06203264911415639 0
946 0.5517466526781649 -0.148297010535494 0
947 0.2976040052493825 -0.1017533939681785 0
948 0.3196676878343671 -0.09600954180989689 0
949 0.5976163072332611 -0.1077186114927081 0
950 0.5979803621811225 -0.08531987316321059 0
951 0.3507827008037735 -0.0928643567346933 0
952 0.03288756807432652 -1.500093232245708 0
953 -0.1077784408174987 -1.787128047564774 0
954 0.3245469712920597 -0.1666586455843524 0
955 0.02429846289783879 -0.05911807179656257 0
956 0.487007872554059 0.7147644034510662 0
957 0.4335586187564887 0.07386094347406214 0
958 0.5349279314375928 -1.022631617280423 0
959 4.607859049686891 -1.967637219390239 0
960 5.138224675430096 -2.484167141173316 0
961 3.737090147473667 3.508766710069882 0
962 0.9889687116616305 -0.06092328855277693 0
963 0.1392030753603417 -0.1066270632062198 0
964 0.1287411710090683 -0.08105978524074643 0
965 0.1274772478631857 -0.04029411216269167 0
966 0.1564511521945775 -0.08556575270365968 0
967 0.1666910747198268 -0.04882495534489503 0
968 0.1004418075028842 -0.0791487999410006 0
969 4.050431830402459 1.9507156652919 0
970 4.599109020417768 2.573027534857109 0
971 -0.8354690060237712 0.3384879168496092 0
972 -0.5347010875177239 0.295119907357576 0
973 0.2649213648778119 -0.09854017400822242 0
974 1.165218924211434 -4.06929993279916 0
975 0.999459568839006 -0.03703917944273191 0
976 0.9770212887713298 -0.03888859499163701 0
977 0.9477253312648317 -0.0167330820278946 0
978 0.6312023865437063 -0.08174896383932478 0
979 12.60125686619989 2.212475244178699 0
980 0.05945779497385456 -0.2142763813061619 0
981 0.886406563530333 -0.05040499434443749 0
982 0.01257488921035363 -0.03408486443044773 0
983 0.1163863992104183 -0.0610444962884771 0
984 0.09697724742058268 -0.05886044651555827 0
985 0.0798774905544833 -0.02744073941769271 0
986 -0.1980058861486606 -0.1423643351941774 0
987 -0.3090692480798185 -0.1246223931561286 0
988 -0.2324599675130617 -0.0462462644910735 0
989 -0.3993715260477586 -0.22729109583115 0
990 -0.4521107539828544 -0.08388463160138264 0
991 -0.4582431869320084 -1.799906602587019 0
992 2.458968821454738 -2.808530737228159 0
993 0.3579639454291301 -0.5867180087593433 0
994 0.4310551438280629 -0.4892462102359712 0
995 0.5352033058978227 -0.4864358791610586 0
996 0.3194404573094825 -0.4773935972312247 0
997 0.674969609986072 -0.5945527731794634 0
998 0.7375639018077386 -0.4958704140816743 0
999 0.8434493617888583 -0.4906271896369512 0
1000 0.7921109048353256 -0.4124927737364342 0
1001 0.883768248901514 -0.4049554386359133 0
1002 0.9433891751965073 -0.4799816514179371 0
1003 0.689428040315668 -0.4067715099593184 0
1004 0.9810378356106922 -0.3841415416314281 0
1005 1.051119380824797 -0.4736934405273519 0
1006 1.09089850203437 -0.3713732306067574 0
1007 1.149958694741785 -0.4515430249056785 0
1008 1.194851847482395 -0.3540600250320297 0
1009 1.264685762893216 -0.4554687791722519 0
1010 1.325974878217322 -0.3197800520583205 0
1011 1.427345370587262 -0.4444626271750228 0
1012 1.487022062610638 -0.2884052434685101 0
1013 1.351652477597555 -0.1577706410557769 0
1014 1.554363648071873 -0.1224224655744475 0
1015 1.423333731485707 0.0197073539321721 0
1016 1.616205553065005 0.1006917551760139 0
1017 1.323684794529743 -0.5990238258953855 0
1018 1.618483847268834 -0.452518519044863 0
1019 1.27214420517159 -0.01043588761160366 0
1020 1.266678676087339 0.1204646288594187 0
1021 1.051283375014575 -0.0531707153513678 0
1022 1.136906430833598 0.09586597945248085 0
1023 0.9801358693430152 0.01569264242278526 0
1024 0.9474431836579053 0.02114447730191974 0
1025 1.170943005657734 0.2449462864021466 0
1026 1.01606673805459 0.2379257676630974 0
1027 0.869260746616448 0.03243020816678902 0
1028 1.212596368742152 -0.1864059129633303 0
1029 0.3685645260789142 -0.08995589930125175 0
1030 0.135999825350726 -0.06171299339274345 0
1031 -1.242500747073112 3.086847516239566 0
1032 -1.642459071682561 2.588441876835414 0
1033 -1.955654297756634 3.240918956167639 0
1034 -2.319581592499433 2.646948749054816 0
1035 -2.713234169807239 3.282845362717348 0
1036 -2.041200682050191 2.02101271625564 0
1037 -2.713323888410685 2.064962788396484 0
1038 -2.427538078507714 1.440460872608109 0
1039 0.06873931137372957 -0.4392237054472448 0
1040 -0.1030994536086623 -0.09133680357673857 0
1041 -0.1213354760622508 -0.04968782309028424 0
1042 -0.08209368687907838 -0.01646254414820585 0
1043 -0.1355691836154218 0.001164452815181669 0
1044 -0.09697991314048438 0.0406790605647722 0
1045 0.05112911582368178 0.02025701289736678 0
1046 0.01338442609302274 0.01470530841375793 0
1047 -0.1586287512609789 0.06138378677493931 0
1048 -0.1092247136877024 0.1046015033248598 0
1049 -0.18170480739615 0.1348217138055742 0
1050 -0.1073877817121006 0.1889437625945645 0
1051 -0.01819946362217378 0.1736614555521869 0
1052 0.1559298102558662 0.04735573713119778 0
1053 0.1746428974892152 0.05516610088273483 0
1054 0.1383433663911139 0.04377848118411473 0
1055 -0.03757176699256148 0.2605778955036627 0
1056 0.0431598372455893 0.2127445552680135 0
1057 -0.2152144460318754 0.2342768021916353 0
1058 0.06200414842724165 0.1470706284127104 0
1059 0.1186393178467657 0.1827834700373604 0
1060 0.1182686734546036 0.2651563186501555 0
1061 0.1939914538185562 0.2091601809298036 0
1062 0.2445474633453906 0.06172834602519355 0
1063 0.2655724223337956 0.06833510224916782 0
1064 0.1942803877401782 0.3047885884228917 0
1065 0.2639044230822277 0.2568987981904776 0
1066 0.2610095738528243 0.1995092131136458 0
1067 0.323362251506524 0.07071720249704799 0
1068 0.3138604567765158 0.2031955043559593 0
1069 0.3059877878115254 0.0692601346097451 0
1070 0.3401203778017263 0.2795460720761564 0
1071 0.416217286728394 0.2275278492332742 0
1072 0.4168161462770708 0.3219635539140628 0
1073 0.4871555286873659 0.2508271840854036 0
1074 0.5728374798304715 0.0627369116560553 0
1075 0.546009357025082 0.06678442267770235 0
1076 0.5932808434809346 0.06203264932807947 0
1077 0.4628693275864415 0.1933882719438402 0
1078 0.5484941204371588 0.2222706132613403 0
1079 0.6719093360982384 0.05800191904006133 0
1080 0.4752927001162882 0.06759629381843434 0
1081 0.4551179941696332 0.06942467976691022 0
1082 0.6518837643189962 0.06014961244522549 0
1083 0.6921636561709451 0.05427780868035163 0
1084 0.5647851496496525 0.2875907638476787 0
1085 0.6146985725780223 0.2240588206007521 0
1086 0.648123525362552 0.3026576064425054 0
1087 0.7104783884550432 0.2343684815911743 0
1088 0.7716890319994433 0.04740838783358663 0
1089 0.7516707915551789 0.04860269649048928 0
1090 0.7920789638329634 0.04358689182395092 0
1091 0.3431176511495317 0.385931766595215 0
1092 0.318741845610806 0.1499528558886573 0
1093 0.5199206628040809 0.14530075703869 0
1094 0.6756907744254653 0.1526900523156432 0
1095 0.7551738328359783 0.1721335888004294 0
1096 0.7885302591492153 0.2463201819229173 0
1097 0.8372735672078033 0.1581383257776291 0
1098 -0.2986240796294785 0.1508006114908126 0
1099 0.1293933684640999 0.1238570927008245 0
1100 -0.006818027202072571 0.08770420968282905 0
1101 0.7209342698589554 0.1139971198988959 0
1102 0.5784859533537416 0.382644812831302 0
1103 0.6072455701591689 0.1560942248509019 0
1104 -0.05355495669470883 0.01930409129158969 0
1105 0.1932310817985473 0.1527919756854259 0
1106 0.3934713214496489 0.170891797468476 0
1107 0.404351942184346 0.07207410391979452 0
1108 0.3858178844920278 0.07366948076536395 0
1109 -0.04353542502962296 -0.01628188988708437 0
1110 -0.007150246107956046 -0.006827422054562007 0
1111 -0.0126501853004503 0.006895791887645447 0
1112 -0.007009609468787936 -0.01941686069161317 0
1113 0.5947563737330523 -0.1303902164211556 0
1114 0.8054641202392037 -0.06183366735452788 0
1115 0.823067186762228 -0.06502126005788773 0
1116 0.8298257814836363 2.779316473198119 0
1117 1.324726682354013 3.275380693470757 0
1118 1.907685626000803 3.042736664339022 0
1119 0.1136212342186638 0.375147056388862 0
1120 0.2286018514600637 -0.08262187428860771 0
1121 0.2088936878079764 -0.0802457290121468 0
1122 0.1975696657909107 -0.09750335316308285 0
1123 0.2057717029421392 -0.0571417673428153 0
1124 0.1900356034764247 -0.07964758558956071 0
1125 0.1647451627260628 -0.105050627427086 0
1126 0.4688706773182565 1.85853727578698 0
1127 -0.2135557961639594 -2.154146440948686 0
1128 -0.6743173344062789 -2.17190256660876 0
1129 -0.727540008301181 -0.3754935416526636 0
1130 0.3951316163333843 -0.09301534020970877 0
1131 -3.014983904434044 -2.111326825422432 0
1132 1.387876375796511 0.2670827440863414 0
1133 0.8688791759588993 -0.04981349582067734 0
1134 0.6467181139279385 -0.07177219540699817 0
1135 0.660988797759501 -0.07777506741539669 0
1136 0.489200161768529 -0.4090421056533231 0
1137 0.4910300420334576 -0.08747372590276679 0
1138 0.472621462303648 -0.09136342840397094 0
1139 0.4168728326286388 -0.08677495400487466 0
1140 0.2119218315788857 -0.1483854577285869 0
1141 0.2551601239964357 -0.0852667455570025 0
1142 1.026260774923572 -0.03362508730711733 0
1143 1.061304244137882 0.4055354283588746 0
1144 -3.11399652101961 1.500386749635177 0
1145 -2.856366929907597 0.8956001558910068 0
1146 -3.420987285349882 2.219868236124442 0
1147 0.5659656882285151 -0.08548286557109927 0
1148 0.5500955724665541 -0.08950822417943206 0
1149 0.5802580981158094 -0.07689655965562291 0
1150 9.402145505263075 3.223072040083134 0
1151 5.338766885504051 -1.673750338420284 0
1152 1.786127365330376 -0.1147576275342916 0
1153 1.955834901256608 0.2098453136496371 0
1154 0.5309748770029407 -0.0791239071284713 0
1155 10.33033658192257 3.417775479354738 0
1156 0.9298143913171784 -0.05230541658637415 0
1157 0.9485980910770986 -0.04844870853733464 0
1158 0.6999794646339444 0.4019668551550274 0
1159 0.5815866975327517 -0.4036729113036601 0
1160 11.9017126203619 2.859040062160123 0
1161 13.28281668474211 1.437549838927826 0
1162 0.5074828508345037 -0.08319853950974947 0
1163 0.2691295190207729 -0.08036648345751625 0
1164 0.7329753546256522 -0.07028585294943292 0
1165 0.7475297348095647 -0.06917825270913419 0
1166 0.8898974534223641 0.2494464634939997 0
1167 1.015143112295158 0.1294187696441133 0
1168 12.98221610923629 0.4848094283858478 0
1169 13.54321655353774 -0.3502279315117722 0
1170 -0.3697636781126523 0.4882613355301644 0
1171 0.4168644599913273 -0.1410019665293994 0
1172 -0.4872111904812035 4.24778295221211 0
1173 2.074752731369264 -0.6844941318446744 0
1174 -1.496522581286956 -2.754131664395286 0
1175 0.7902964235422012 0.1191752457150407 0
1176 0.8488986243880703 0.1020212548443171 0
1177 0.815733157470633 0.08748321991077922 0
1178 0.4525063002818578 0.433108203167996 0
1179 0.8969446150186897 -0.03707482170639217 0
1180 1.178634164661064 -0.8540243034153063 0
1181 1.339608023501773 -0.9766853507381845 0
1182 0.2281319417383277 -2.309018232605767 0
1183 4.868095108267948 1.781057758638233 0
1184 5.466397563121278 2.498068871085485 0
1185 6.308140264464726 2.09206379416972 0
1186 6.229762827799155 2.8344857651335 0
1187 6.96817851116444 2.628328086744693 0
1188 6.725677637267141 3.459110629826521 0
1189 7.629630743008311 3.237065314572665 0
1190 7.774127247576818 2.288958582197013 0
1191 0.2132811965761525 0.4084410771470017 0
1192 0.2955731205231585 0.5087499000668624 0
1193 0.935492137402926 0.1506203538518512 0
1194 0.9271952476365497 0.0878345848040334 0
1195 0.788111803049977 -0.05955517012257629 0
1196 0.6150105933610795 -0.1166647123444838 0
1197 0.9851924016670797 -0.02434322574523645 0
1198 1.46430005882244 4.165766307219925 0
1199 -3.599726370594493 0.9034136659961378 0
1200 -3.239484344797703 0.2887913941688157 0
1201 -3.835631204792659 0.3219580780938587 0
1202 -3.642947218664948 -0.264058185883333 0
1203 -2.871723600698898 -0.3636105497197848 0
1204 -3.378236560981624 -0.9979437029622675 0
1205 -0.01897089251112599 0.4636680085309301 0
1206 0.9132437851323696 -0.1244275700375707 0
1207 0.4014362522485085 -0.3963670739307503 0
1208 0.4800132654304378 -0.07855702361567181 0
1209 4.409385421776531 4.081879578935763 0
1210 -0.04655780637177573 0.06501395057722142 0
1211 4.559480343706229 -4.17130208994112 0
1212 3.691847460179538 -4.122170828822266 0
1213 -4.211248983133903 -2.328608093074032 0
1214 12.85803901464557 3.27693666438897 0
1215 0.7720894254932197 -0.05779411628910364 0
1216 0.934197078824504 -0.03408813549963901 0
1217 0.9193141328667209 -0.03717763238144299 0
1218 -0.5815821737297501 -0.2022715334971127 0
1219 -0.4973042207467436 -0.3591051583917455 0
1220 10.83722376249456 -3.304884168425728 0
1221 0.7377824715301277 -0.1623531235934953 0
1222 1.156863581831854 -0.01178056671477933 0
1223 1.055801947233892 -0.01921998419679944 0
1224 -2.619137937208687 0.3526301406340677 0
1225 0.6671577016923934 -1.652632588947353 0
1226 1.004949601477617 -0.5639623268115579 0
1227 2.301470453870498 0.06013494829539577 0
1228 2.330671424354736 0.5222776105975026 0
1229 6.475942926224436 -4.17584865036337 0
1230 6.000954963911273 -3.38092410859751 0
1231 6.905334918240095 -3.389565751563596 0
1232 0.631770491444109 -0.4800733888070687 0
1233 0.1638123160450302 -0.4491346389732139 0
1234 0.6655131534572408 -0.1666198443532829 0
1235 0.4590968614248628 -0.0833209567206712 0
1236 0.7007957471462487 -0.07539259789232766 0
1237 0.6843925626002281 -0.066895411736785 0
1238 0.7089989389954924 -0.06403035881873809 0
1239 4.995638666649601 3.344107737488106 0
1240 5.904959080917726 -2.325198374569576 0
1241 6.237468751177636 -1.540575452294911 0
1242 -1.189493114457089 -2.12868163627041 0
1243 0.3066239491386314 -0.0847295815523116 0
1244 0.2924139831810274 -0.0842621527015105 0
1245 1.690794769182606 -2.206708943132384 0
1246 2.214176618688163 -2.265012392981509 0
1247 0.6106505073191245 0.5170918180990139 0
1248 -1.360490943901625 1.963010502893457 0
1249 1.120004558049478 -0.2817577614515674 0
1250 1.149619633450292 -0.5672609255432784 0
1251 0.5746999580715231 -0.1738772220943189 0
1252 8.409420480202439 -4.185837515845355 0
1253 2.751356730161481 -3.385864756143711 0
1254 2.148573992197932 -3.379786828074956 0
1255 1.641260459589403 0.4264467069449688 0
1256 0.1074086228982188 -0.04531903118457183 0
1257 0.3126288128024527 -0.3829561185596483 0
1258 0.4161845550132026 -0.3176345699782129 0
1259 0.4372671057581829 -0.08600034807554803 0
1260 5.102664295704189 -3.330768144716808 0
1261 -0.6698337445087145 -1.497885955326825 0
1262 0.8220026987279825 0.3399904924544709 0
1263 -2.255320530074787 4.048231610412568 0
1264 -3.399949326198507 4.014483052169706 0
1265 0.0005625681639043487 0.01369256574843774 0
1266 0.008450332978832045 0.03137748387198303 0
1267 0.03245470597769671 0.01709442319002351 0
1268 -0.01535315077915528 0.03004245523588865 0
1269 -1.820355252845809 1.387148067462531 0
1270 0.3849324288448018 -0.1888276051607871 0
1271 12.48473636895866 -4.184792689329798 0
1272 11.99999999999546 -3.267949192429196 0
1273 12.84944356091312 -2.667338761296464 0
1274 12.96370308761546 -1.76714737567382 0
1275 12.47593088537096 4.216366040259921 0
1276 14.19330793002266 -2.540477110738017 0
1277 -0.338982280836356 0.2966645675359419 0
1278 0.4393486270229329 -0.1555032250702089 0
1279 0.4612629601863398 -0.1824771009119477 0
1280 0.446988694786577 -0.07701258601554373 0
1281 8.925041159568561 1.363210896734497 0
1282 10.97924777098143 2.672333556978677 0
1283 8.918046064451651 -1.062380364215193 0
1284 -0.1932035358786612 3.503914180128946 0
1285 0.4900336126562881 3.369470215570293 0
1286 0.4587048613782259 2.37838619688767 0
1287 11.06780455448383 0.177606849945508 0
1288 7.954901501593558 1.303740402418771 0
1289 7.402042414369882 4.146364406359872 0
1290 -2.384165419182542 -4.163574709580469 0
1291 -3.380062661521618 -4.074462264465589 0
1292 1.421487636035998 -3.268748636112676 0
1293 -0.02478299302428148 -0.5721679637320137 0
1294 9.53595143252959 -1.78253119180465 0
1295 -0.7081590307323538 0.1176172255888454 0
1296 0.6156927335968385 -0.09456132243903535 0
1297 0.6137729711297896 -0.07809038014285073 0
1298 0.6012629136818249 -0.07416166115586117 0
1299 0.2545110647211906 0.6680724073264805 0
1300 0.9501588332206599 -0.02878377844845713 0
1301 3.462855880968305 -1.582898290201563 0
1302 0.6229113229016416 -0.06769185973249159 0
1303 12.00969048222327 0.3586694704689864 0
1304 0.5544403849307976 -0.07490508669608195 0
1305 0.8028601624125264 -0.1242648607182256 0
1306 8.492141838368411 2.831571715683208 0
1307 1.868463727608734 -0.3691107853563145 0
1308 5.107143587751515 -1.061205384612779 0
1309 3.770773411367209 -1.011598908508342 0
1310 0.1851102570044028 -0.1701552753434757 0
1311 0.1227261324027788 -1.201047025595981 0
1312 0.3222233361491954 -1.450903669240128 0
1313 3.692355149417278 0.7030455549670892 0
1314 3.819941317494792 1.279949830292278 0
1315 9.201490106410727 -2.607522042514656 0
1316 0.9661951813996025 -0.05612515134971289 0
1317 9.531464763401706 4.173440119576945 0
1318 -4.197623087722772 2.610242421114314 0
1319 -3.467267881527553 3.044783555015626 0
1320 0.693341943040514 -0.129762361433651 0
1321 0.7193161517176755 -0.1361179341097767 0
1322 0.6321256134123262 -0.3459484393397972 0
1323 0.5762613065739565 -0.3363439920173823 0
1324 0.6929487776708357 -0.3233593301456449 0
1325 7.104840786216869 1.773437583457592 0
1326 6.588997146115265 -0.7157230402628434 0
1327 0.2054173297340151 -0.1190515363223233 0
1328 0.2757533048783431 -0.0679481398164182 0
1329 1.361667396629229 -0.7695674498641982 0
1330 0.8585035932181222 -0.1278903322373386 0
1331 0.8423243923575883 -0.1532012351176518 0
1332 0.8161513650569034 -0.05241433114353512 0
1333 0.8303575416420392 -0.04926148590843268 0
1334 0.3938341283102116 -1.172429477602331 0
1335 10.41767774057105 -4.158265402219816 0
1336 0.7119726409396823 -0.05259895879556289 0
1337 13.48008301158421 -4.247381738979254 0
1338 14.10252281238328 3.416018768136357 0
1339 0.7911698261316775 -0.04512806642504602 0
1340 0.499901745497363 -0.1482004502057747 0
1341 0.3550202333549304 -0.07104056204884121 0
1342 0.3599342293041973 -0.08093726522179774 0
1343 0.5040219407774744 -0.06790436517246073 0
1344 0.5197979785916427 -0.07871041001440267 0
1345 0.5242520603203469 -0.06794168701104761 0
1346 0.7516216459620022 -0.04868473917951199 0
1347 0.7578012011992764 -0.05784661796628816 0
1348 0.7308753135488605 -0.0507434011334776 0
1349 0.2849395284181618 -0.06710790417782364 0
1350 0.8107713508616837 -0.04043154607462432 0
1351 0.7713534911049499 -0.04598311636085525 0
1352 0.1092695183604114 -0.03356852795813232 0
1353 0.6035543665893712 -0.06162715073223547 0
1354 0.4252389576322225 -0.0695687543065798 0
1355 0.8297886359139067 -0.03700550317196939 0
1356 0.845839371638868 -0.0500453522276597 0
1357 0.5536735962070272 -0.06468671539365334 0
1358 0.5736597415515799 -0.06443982486264141 0
1359 0.6523649764514081 -0.05849210994528228 0
1360 -0.5087975184015329 0.0777919116371697 0
1361 0.6724018603705666 -0.05593510676392535 0
1362 0.6689223471173779 -0.06678018186670692 0
1363 0.4540140906331651 -0.06995985141579451 0
1364 0.395477560929995 -0.07110090168274304 0
1365 0.3450288619803761 -0.0708738950886639 0
1366 0.3397159875970593 -0.08070485951090428 0
1367 0.3285843887081573 -0.0818005866971413 0
1368 0.1950281555758795 -0.05601956057348648 0
1369 0.1988940026245813 -0.06768760300190051 0
1370 0.2552715769322512 -0.06453793354987636 0
1371 0.6415126890011965 -0.05991833697298808 0
1372 0.8340620337639512 -0.3387090271731521 0
1373 0.9098147025755902 -0.3278390479346658 0
1374 0.4152556935135119 -0.07260193929109295 0
1375 0.7021859649727771 -0.05420660082110002 0
1376 4.963864174313303 1.049130921722933 0
1377 0.2353787673205696 -0.06216868162284998 0
1378 0.484326502465756 -0.06851306501285609 0
1379 0.583995971133659 -0.06396565747466884 0
1380 0.8696632436344074 -0.03113525348441705 0
1381 0.3749346858053218 -0.07123808287400057 0
1382 0.378943173934677 -0.08096970161768602 0
1383 0.9174788303767341 -0.02464785695787557 0
1384 -1.867519926476174 -3.430106145219853 0
1385 0.6823046191105222 -0.05426764724250787 0
1386 0.8498283421012252 -0.03600779619410459 0
1387 0.8576282649684469 -0.04424437320325689 0
1388 0.8893967997836248 -0.02780197239733963 0
1389 0.9569253929318251 -0.01702404441645267 0
1390 0.9644117762442348 -0.02777606519107844 0
1391 12.59892422377661 -0.35999926135035 0
1392 0.2156060583544847 -0.05900281775423475 0
1393 0.2189079325819425 -0.06964630295139536 0
1394 0.1568959684087337 -0.04694865361045931 0
1395 0.1595373980760369 -0.05816600486544774 0
1396 0.1724334340515458 -0.06038207580183173 0
1397 0.9772920265701288 -0.01330080587520156 0
1398 0.3248861135631249 -0.07008951402050972 0
1399 -0.1867287891230215 0.3916997984107269 0
1400 0.3062373191705619 -0.07158053308194874 0
1401 0.1762543895747186 -0.04950614972078982 0
1402 0.1182959161398244 -0.03722818769770898 0
1403 0.8989108987678103 -0.02566877706044658 0
1404 0.1375527165630762 -0.04212395954363314 0
1405 0.8762476255147921 -0.03995724668891233 0
1406 2.044428784435452 0.9823877880862986 0
1407 3.141304373683337 0.5619290775594046 0
1408 3.436002187618525 4.242944521062084 0
1409 1.676361985929814 -1.783863703556076 0
1410 0.08967194655537702 -0.03093156164150266 0
1411 0.08175977876562707 -0.03924235537917389 0
1412 0.06800086673528898 -0.03433396461932079 0
1413 0.07220055279395222 -0.05160072409077905 0
1414 0.05570720928593527 -0.0478302411587153 0
1415 0.04325408389264643 -0.06078106900893035 0
1416 0.03953957091286497 -0.04326416666257365 0
1417 0.09360917586487917 -0.04367585870363547 0
1418 -1.941225796173263 -0.8453744783380686 0
1419 0.8879285518009273 -0.114303589958391 0
1420 0.938858334797501 -0.0201445689252369 0
1421 0.07067396495063942 -0.02355571466565147 0
1422 2.118485425008617 2.525771591687512 0
1423 0.05063159644269587 -0.02092676383191371 0
1424 14.20791512640237 1.555385089055398 0
1425 -0.1604781048062762 -0.09024374182968434 0
1426 0.765602628638021 -0.3380804678248087 0
1427 0.1857658800121237 -0.06535000493660553 0
1428 0.1740333025568615 -0.07549176753534881 0
1429 -0.9482187322882065 -1.271631533203375 0
1430 -0.9136337409145885 -2.60919733537631 0
1431 4.133457000223965 -1.489938699867188 0
1432 0.1858557777751233 -0.3576424451363105 0
1433 3.211297466425934 -1.028743742433461 0
1434 0.9883343258005213 -0.01235587907256079 0
1435 0.01252760874374154 -0.01057806487040398 0
1436 0.02237335525836342 -0.01343992887429818 0
1437 0.02467559479503972 -0.02511647691518838 0
1438 -1.628651541115934 -0.5795679894006344 0
1439 -2.003633705733487 -0.3983759408420884 0
1440 -2.386623143384685 -0.6676568839009573 0
1441 -0.4460294018522211 -0.6494878270766691 0
1442 1.057890222002732 -0.1592119411105954 0
1443 1.130597731242952 -0.1444403736581621 0
1444 1.123144631287997 -0.08707824356566765 0
1445 0.7763942990520999 -0.1316517883951521 0
1446 1.011053667338822 -0.02012162627252111 0
1447 0.05273730396949169 -0.03309374054862319 0
1448 0.129417446511016 -0.05096236948393373 0
1449 0.04229558414423799 -0.01708470685510921 0
1450 1.025334611019695 -0.2957595439457639 0
1451 3.407493008885456 -3.333859582658969 0
1452 -0.419302888365547 0.7307721083293212 0
1453 12.30211881942938 -1.2023983157383 0
1454 -0.0985182553900899 -2.604442673798767 0
1455 0.7978048626577632 -0.05259145651399282 0
1456 0.3498992431483932 -0.1815458932521174 0
1457 0.08158111113770268 -0.06755597474963448 0
1458 0.2380853746239835 -1.743652589480676 0
1459 -3.324533662127841 -3.312563226010706 0
1460 -0.0495797961529874 -0.1457258573350446 0
1461 0.7284809870041633 -0.1172897197081116 0
1462 -0.8391401917566279 3.594819420646638 0
1463 0.2382264026148456 -0.412468592724202 0
1464 1.092969930145715 -0.04140454712715423 0
1465 -4.274342718869033 -0.7431247201951627 0
1466 -2.71758167160004 -1.60302801752006 0
1467 0.2389404772946838 -0.07272210404415191 0
1468 6.333138062117456 4.230312380970977 0
1469 0.5739060794278917 -0.1376898467774099 0
1470 0.7853119088340577 -0.1125129519461914 0
1471 0.2945935126019287 -0.1753867027450012 0
1472 0.0004881301339785179 0.05630520322167051 0
1473 0.03247253522661491 0.0747603897930004 0
1474 0.07813595780909174 0.0302697533663757 0
1475 -0.1197912960568523 0.2864602375024997 0
1476 0.4892694673793995 -0.1719832784569245 0
1477 0.8659602448275834 -0.1048172263628064 0
1478 0.3214530387370044 -0.1948180238290264 0
1479 0.3355036493990848 -0.0927265531997491 0
1480 0.2809594123997782 -0.09284851756823906 0
1481 -1.47950234117755 1.078577307533209 0
1482 0.5167669317805496 -0.1337726368084488 0
1483 -2.09714645831512 0.4379942883712384 0
1484 -2.32484679544014 0.9065868074367944 0
1485 9.820350598510021 -3.362273478969151 0
1486 0.3039557265784921 -0.321241658179606 0
1487 1.935607964587581 0.5989499007403876 0
1488 0.34712992278244 -0.1554249838877059 0
1489 0.5996895824930518 -0.2927539616031021 0
1490 0.396029306121112 -0.1427601363090121 0
1491 0.4354393621700189 -0.1328799124077658 0
1492 0.5453205733494422 -0.1741709944675665 0
1493 0.712478528490984 -1.041569094862326 0
1494 0.3899357209584137 -0.9794709364505515 0
1495 -0.02088579156324854 -0.008797012085444823 0
1496 -0.9620978883906182 1.669600890949369 0
1497 10.52275080637902 4.273995345570256 0
1498 0.689183098034076 -0.2786484609873663 0
1499 8.806455997481482 -3.396194747930994 0
1500 1.030359681295652 -0.008116255718046793 0
1501 1.051545607655309 0.01465980311442644 0
1502 1.01602539275514 0.0535994820235354 0
1503 1.019953848195012 0.01401423123958441 0
1504 0.9972718122504635 0.02051420115421819 0
1505 0.9771795241319203 0.04214160345075077 0
1506 0.9759727205549045 0.08432057114175379 0
1507 -0.07228805424667303 -1.027165019259692 0
1508 7.862932615282318 -3.42521624637928 0
1509 0.1778654339669568 -0.09257843327645485 0
1510 -0.61239454719649 -0.03977106077879058 0
1511 0.7796614228366593 -0.2708342370860844 0
1512 0.8707015160548321 -0.2751043414266175 0
1513 0.5347945524507129 -0.06715146293018687 0
1514 0.9252322031196878 -0.2728531472917346 0
1515 0.03334300182811731 0.3166027485499864 0
1516 0.9040360539457345 -0.5734061343238488 0
1517 0.7193419239724883 0.6736638715536913 0
1518 0.03106247788907661 0.04353828583247315 0
1519 0.05979663563191018 0.05364810317672687 0
1520 0.06646508699904159 0.09632016527338196 0
1521 0.09045195714185357 0.06653276278983394 0
1522 0.1004290939067262 0.09743119304446529 0
1523 0.1227589588662677 0.07422289669802047 0
1524 0.1515044957948514 0.09476570952612831 0
1525 0.1465214691214861 0.0691491750393117 0
1526 0.1701266181547823 0.07467305387713657 0
1527 0.179125465811815 0.1008001095977026 0
1528 0.1908877505605834 0.07847656061399867 0
1529 0.2070211824093882 0.09801031517671845 0
1530 0.2237719005757046 0.07890748653867144 0
1531 0.2341229300127582 0.1029289090959279 0
1532 0.2279497541784548 0.06264759126001834 0
1533 0.1672495965660198 0.1277578592658304 0
1534 0.2429939438685159 0.0872375687785133 0
1535 0.2602679039432133 0.1016569425999694 0
1536 0.2505235174296297 0.1282896750868385 0
1537 0.2823240520802521 0.1260043685935011 0
1538 0.2886018489486718 0.09823735337158097 0
1539 0.2722427237075076 0.08260894264426794 0
1540 0.1115825711441165 0.05440999327826063 0
1541 0.2369847099983029 0.06076738434282045 0
1542 0.3130644618378778 0.115501290404971 0
1543 0.3432776276324297 0.1264659538303634 0
1544 0.3353002009254284 0.09804353567592751 0
1545 0.3450497001587638 0.07047204609327357 0
1546 0.3631759327103762 0.1015042766814339 0
1547 0.3760236257607621 0.132821935503892 0
1548 0.3886835137350471 0.1065542679659922 0
1549 0.4092980124899355 0.1308961936116592 0
1550 0.4300442902558146 0.1076719749686018 0
1551 0.4390539841742777 0.1332709844060692 0
1552 0.4575728753398574 0.1074773802509231 0
1553 0.4768380998347015 0.1458773634991181 0
1554 0.4869737030124287 0.1105638844677862 0
1555 0.4935544254567149 0.07106016166894338 0
1556 0.4754479253772454 0.09453862221304783 0
1557 0.4950864470270473 0.0886045108356236 0
1558 0.5126651416114033 0.1034984232704693 0
1559 0.4411915465348051 0.08846306015303429 0
1560 0.4231952744865311 0.08575832957083092 0
1561 0.3546223472953611 0.1640649970708402 0
1562 0.5126744029639891 0.08519486975360986 0
1563 0.5313016688587244 0.09458200713039389 0
1564 0.5266853058507044 0.0774777472169336 0
1565 0.5445823512082359 0.08157182003358908 0
1566 0.5523743620882804 0.1040155929963636 0
1567 0.5574391784876093 0.07398697305952809 0
1568 0.5300865651035905 0.1173063145139414 0
1569 0.5596558787183665 0.1343110293452155 0
1570 0.582833931690087 0.1092279139585206 0
1571 0.6225279267258228 0.1159313485882656 0
1572 0.6057664864029848 0.0890039940168791 0
1573 0.6362535349360425 0.08645729051776552 0
1574 0.6545139927132981 0.1153819974726321 0
1575 0.6660372789986015 0.087071387889558 0
1576 0.582910453340897 0.08780823164848937 0
1577 0.689959401986887 0.1124181787239767 0
1578 0.6935341525851133 0.08224801236402801 0
1579 0.7254520544555236 0.08285337551738399 0
1580 0.4597263491422454 0.08270811993474284 0
1581 0.4837663183858181 0.0680011642042011 0
1582 0.3338549273935433 0.07201689970683886 0
1583 0.338609250656874 0.08163820678850714 0
1584 0.3541131123779628 0.08196873949874706 0
1585 0.3793112842045911 0.08841314228483502 0
1586 0.6200029789284789 0.07643295174593714 0
1587 0.08001638753660716 0.04463518002580699 0
1588 0.5045046577140531 0.07541228547187198 0
1589 0.6515861639575241 0.07351492550490475 0
1590 0.4229396519017222 0.07358175172209053 0
1591 0.3250567187537573 0.08397608541374771 0
1592 0.6787107831712715 0.07169129850801882 0
1593 0.3962695160544161 0.08455052453281692 0
1594 0.6641906910460755 0.06886672833188637 0
1595 0.6407335554656592 0.06741553734604663 0
1596 0.5624046529435025 0.1757884240939215 0
1597 0.6044640508803273 0.07210388411439428 0
1598 0.6116778255692503 0.06351693452539049 0
1599 -0.946393943458632 0.09783548823266147 0
1600 -0.03663600259936303 -0.04782500008125108 0
1601 0.4740827650618714 -0.06950556853824463 0
1602 0.354887930275789 0.06948060784043676 0
1603 0.1793410483986726 -0.1169500682160261 0
1604 0.6136536663754055 -0.1421840239585118 0
1605 -0.2408752552252899 0.06301580175238029 0
1606 -0.3473918874064993 0.02229702706860031 0
1607 0.2168287225028106 0.06167280714755769 0
1608 0.1958741563082034 0.05970079072801794 0
1609 0.5346512022292401 0.06769236623599779 0
1610 0.5245324896081914 0.06607665393302818 0
1611 1.076454062876892 -0.0766135511018739 0
1612 2.003884368741124 -1.843201816824987 0
1613 2.981943675148316 3.617214407006236 0
1614 0.6823394827803174 0.05704646440053246 0
1615 0.565257511609242 0.08897237665662353 0
1616 0.5288721120278725 -0.1524042145111928 0
1617 1.657951437531845 -0.2625136183817055 0
1618 1.726604982550457 -0.6680653012902766 0
1619 0.593055386964888 -0.1514905732960362 0
1620 0.6357693991508118 -0.1559798977411313 0
1621 0.6746920262054187 -0.1414013940862151 0
1622 2.625840226865973 0.8734891315282615 0
1623 0.0969308272920521 0.04490079917636766 0
1624 0.1196902963834921 0.04488089181990707 0
1625 0.09075667865025587 0.03445694945045865 0
1626 0.130261682384507 0.05428869476294011 0
1627 0.1462190599772569 0.05312090175625633 0
1628 0.0670365079201059 0.03476976599528016 0
1629 1.130137678475829 -0.209152815091831 0
1630 0.6976906554707902 -0.06326243210686694 0
1631 1.067252476789113 0.06838915924899917 0
1632 0.7648432318780269 -0.153810148985589 0
1633 0.6443965292611973 0.1472758323642015 0
1634 0.9234147665573146 -0.1498284322087582 0
1635 0.6623252012287736 0.0566821208237983 0
1636 0.4037012824758401 -0.08198745126095115 0
1637 0.2074691888721906 0.07200899472956568 0
1638 0.6338554411238598 -0.1271047328870839 0
1639 0.4463644812539674 0.0728315292447715 0
1640 0.2569545481422679 0.07950318519113585 0
1641 0.04512835205920953 1.795263269334786 0
1642 0.23145332691169 -0.4961689993809878 0
1643 0.9742425409920705 -0.02381741660760709 0
1644 0.7474810210874613 -0.05743628121647384 0
1645 0.5833828489772029 0.06274033207072206 0
1646 0.6749197255773827 -0.07723084356454805 0
1647 0.4644165626153525 0.06920976046666813 0
1648 14.34971471326496 -0.5000000000067126 0
1649 0.07212730084904703 -0.5392203479877701 0
1650 0.5821140752953753 -1.406595450695885 0
1651 0.5691478057832041 -0.07316092998569843 0
1652 -0.4153554179711499 0.9713583034928407 0
1653 0.31351232625243 0.07762997692292012 0
1654 0.3102684931762945 0.09300270120930809 0
1655 0.2184413898067952 0.1276375937605712 0
1656 2.545353601662646 3.035064504017887 0
1657 1.013748660848908 -0.006275206976473906 0
1658 0.8907583188025756 1.6453079618865 0
1659 0.06265421530623808 -0.1635857321458177 0
1660 -0.001000933909707519 -0.2238018457255322 0
1661 0.06072190549109965 0.0225725079781922 0
1662 0.07030131209024347 0.02498095009850487 0
1663 0.2531278393080368 0.06572312957625899 0
1664 -0.6738149467185135 -1.203995531220022 0
1665 0.908029652869173 -0.03299771955518876 0
1666 0.2709408072699633 0.3271212604863485 0
1667 0.5796474506393617 -0.5702935091779237 0
1668 -0.01323833212307206 -0.1444969071689605 0
1669 -0.1061291761129264 -0.1407908994048067 0
1670 -0.1458020996184175 -0.2031765990530884 0
1671 0.6583073042199534 -0.06636784335869067 0
1672 0.5513293822623239 -0.2906477213942259 0
1673 1.513636356899214 -0.6155408182441253 0
1674 0.3500964026080673 -0.07928418772098009 0
1675 0.7371608805984013 -0.05986251714282886 0
1676 0.4268785332953267 -0.0815021905511777 0
1677 0.3824279545225275 -0.09378792477238163 0
1678 0.5546609213264991 0.06340768162014283 0
1679 0.5637324259166153 0.0647179861138216 0
1680 0.6031109165637262 0.0604018891904547 0
1681 0.8857082267465635 -0.03689355038024157 0
1682 0.4694533066773838 -0.07877968381259842 0
1683 0.2493480401106355 -0.07410192695152173 0
1684 0.2588290888464337 -0.07396934922945143 0
1685 0.4983932653597901 -0.07666790676586355 0
1686 0.489643611021948 -0.07673537293839371 0
1687 1.366233669206876 0.5540591287206847 0
1688 1.112281197560166 0.6004360841887996 0
1689 0.3694702013595829 -0.07883799344362816 0
1690 0.5427105863459643 -0.07648481527861037 0
1691 0.857994637016908 -0.05644527407493101 0
1692 13.07601603019418 -1.012738736773526 0
1693 0.4999498156499376 0.3352269035692886 0
1694 0.4134957508872878 0.07029420127103467 0
1695 0.4110159100036433 0.08186836069464237 0
1696 1.848159352860845 -4.038874035421228 0
1697 -0.02070315459850447 -0.03033085215820756 0
1698 0.3900954453694876 -0.08200354099848138 0
1699 0.8598784379537507 -1.473871356190319 0
1700 0.02367252751379369 0.01395187723212453 0
1701 0.02466234274162989 0.02492522047467112 0
1702 0.03901946408814423 0.02603692147774605 0
1703 -2.311693830074654 -0.1013810272142 0
1704 0.2294648841287986 -0.06953920991197962 0
1705 0.6225490169101221 -0.05791335547803936 0
1706 0.6347367901049477 -0.06808085354551699 0
1707 0.5735289137725735 0.0735267820974585 0
1708 0.3949705383820559 0.07088930485493894 0
1709 6.53313662578495 1.387091341329484 0
1710 0.8167475313413894 -0.1471970158169048 0
1711 5.784438188342014 3.442506094295397 0
1712 0.1189793777489744 -0.04845100483668745 0
1713 4.329823007143911 3.25201830250481 0
1714 0.4789682999300451 0.07864957755438048 0
1715 0.6328102675734223 0.05850573293371394 0
1716 0.6292349688075036 0.06896723766864714 0
1717 0.2094946293632271 -0.06666355282342129 0
1718 -0.02162055145057148 -0.4592682731844471 0
1719 -0.3421579163454817 -0.3383357800531683 0
1720 0.1482924559014059 -0.0552850558020327 0
1721 0.1496641740145841 -0.06886443193013195 0
1722 0.1477997933671308 0.04325038914441343 0
1723 -0.1673553867365566 -0.03410293496292102 0
1724 0.1397045847946749 -0.05089525848388519 0
1725 0.5905555994758199 0.07453597887933712 0
1726 0.5219874762054544 -0.3516563123498444 0
1727 -3.502752541549081 -2.562139216419393 0
1728 0.2429365834456822 -0.0828702819864533 0
1729 -3.505380871703797 -1.756838115836863 0
1730 0.4578943113082746 -0.2972701955479379 0
1731 -4.267949192431584 4.267949192431323 0
1732 -4.26794919243038 -4.267949192429928 0
1733 6.418446707955804 -2.809316677296981 0
1734 3.442299181269658 1.689303516329856 0
1735 0.2768683229094061 0.06919363317356213 0
1736 0.2947335270604332 0.06959814934247396 0
1737 0.2997318466458528 0.08130579063188037 0
1738 1.093556662414913 0.01775164062952891 0
1739 0.9550959109340981 3.745724629186817 0
1740 0.2653517455621013 -0.5664321480412996 0
1741 13.04235962714349 -3.504182146446778 0
1742 7.339252224730892 -2.748269216422046 0
1743 0.1280881994084938 0.03902050200310112 0
1744 0.6050576571505668 -1.177229546823621 0
1745 14.26794919243146 -4.267949192431545 0
1746 14.26794919243111 4.267949192430846 0
1747 1.207833165979017 -0.09965193759488666 0
1748 -1.683592129145646 -0.2470815708599615 0
1749 0.02415794192406026 2.222382103315631 0
1750 13.43590059593744 2.45057059179179 0
1751 1.213437592194805 -0.7001557538342897 0
1752 0.9972323646892519 -0.02157713178340819 0
1753 0.1892947284385741 -0.1397589003731866 0
1754 -2.926878963518958 2.651881738261743 0
1755 0.09990790227787062 0.03307706181695325 0
1756 -2.728027838091509 -0.9632325302944835 0
1757 4.40476012550913 1.378557102649907 0
1758 0.1653380603587142 0.04863434474704723 0
1759 0.1597963192262201 0.05801655223894742 0
1760 0.1837019698403957 0.06528122724424743 0
1761 8.46609331910738 2.001695829587935 0
1762 0.4446413578427328 -0.0681872196354454 0
1763 0.9608716158189619 -0.04017101008174774 0
1764 1.546038628828216 -0.81778785450372 0
1765 0.01595558378728517 0.122460076508998 0
1766 0.9158184748022099 0.3806034405028212 0
1767 0.6893060175166138 0.06568758402966585 0
1768 0.7026500210451082 0.063850574276534 0
1769 0.7018745623863559 0.05203521600757713 0
1770 0.7119434908362761 0.05228476482265833 0
1771 0.7174020204279283 0.06470680218633582 0
1772 0.7321836334509259 0.06234269579211495 0
1773 0.7459583386579901 0.0766248814407535 0
1774 0.7408257606808086 0.09997557871344157 0
1775 0.7484983417241926 0.06100342429875014 0
1776 0.7654923617121814 0.07156312195353254 0
1777 0.7407758754112909 0.05168215163618162 0
1778 0.7316089312495593 0.04985068748872575 0
1779 0.7633387457974298 0.09731773840155958 0
1780 0.7877001824396865 0.08301846924599897 0
1781 0.7838826524818614 0.0622495423117123 0
1782 0.8049913284070298 0.06350971532569109 0
1783 0.83506093525782 0.06640878766137501 0
1784 0.850181355291005 0.03815406766319759 0
1785 0.867696655436741 0.07278781700799875 0
1786 0.8030491716503191 0.04569637739503193 0
1787 0.8551375882383045 0.05609816179469369 0
1788 0.8394250336334216 0.0357052165850098 0
1789 0.8310773319174345 0.03614415219214072 0
1790 0.7637703214502817 0.05622604023006282 0
1791 0.8625723574321355 0.04089695340323526 0
1792 0.8784591505060561 0.04530812960634252 0
1793 0.8999051775974112 0.02656972721337688 0
1794 0.8974351049483906 0.06540431990207635 0
1795 0.8901578765347312 0.02645086402005852 0
1796 0.8964883022138576 0.03921020062203418 0
1797 0.9201372317660579 0.04971039961172746 0
1798 0.911335774537104 0.03439782852313809 0
1799 0.9350157224232787 0.03390876885556753 0
1800 0.9486545827109349 0.05565053485649865 0
1801 0.8816964927133771 0.03078115517243614 0
1802 0.9564270497528981 0.03598728127515896 0
1803 0.9633980842690338 0.01909185818399991 0
1804 0.9090861051651313 0.02317711792909123 0
1805 0.7095704545683623 0.07813159121509469 0
1806 0.930365768408304 0.02313625905231026 0
1807 0.7232095997522432 -0.06073082684811685 0
1808 0.8064577515769872 -0.04971675894119301 0
1809 0.8371393719585684 -0.0626914190402126 0
1810 0.1860166635742723 0.05386966278191581 0
1811 1.212703345931528 -0.2643603328713213 0
1812 0.08599123280187415 -0.9779165835031485 0
1813 0.7618071831516293 -0.06927821997951475 0
1814 0.03991497559883937 -0.02855795433815237 0
1815 -0.5833003706676957 -0.555821939293369 0
1816 0.8112423261309814 0.03971004378703329 0
1817 0.8186973221970792 0.0504373832727409 0
1818 0.8856652228367468 0.1061344426979843 0
1819 0.5039627148614931 0.06675116742016241 0
1820 11.14529823275009 3.462191050291957 0
1821 2.048885997835763 -0.07606800042460049 0
1822 0.7338228672657475 0.3050607235132191 0
1823 0.2339999561921984 0.162671366815503 0
1824 0.2997579746193018 -0.07784177791311224 0
1825 -0.02934301117961609 0.00877371060632938 0
1826 0.3636583580103293 0.2090452440409412 0
1827 4.656438519875142 -1.374291901617251 0
1828 0.2862928017226316 0.07796569723626276 0
1829 0.7933328347956552 0.05272494786614456 0
1830 0.7835189776125967 0.04636811319548768 0
1831 0.43290641317221 0.1692834171948478 0
1832 0.8597885599436601 0.0321910934601371 0
1833 2.089682915810282 3.617862312557276 0
1834 0.7615926346907282 0.04591265531144673 0
1835 0.5911866946934774 -0.07210179786367804 0
1836 0.9377470724504593 0.01786097198107231 0
1837 -0.05914055976469556 0.3501696680403029 0
1838 0.2828253991475116 -0.07722134033969763 0
1839 0.7467178913129802 0.1235140524276377 0
1840 0.7114377733823121 0.1395294871527308 0
1841 -4.323629760965307 0.6020519807914688 0
1842 0.9736498876432857 -0.07590613820329747 0
1843 0.4079533803740854 -0.1630130857175475 0
1844 0.866460782361855 -0.03959921679808151 0
1845 0.3746043144389423 0.07351711523078541 0
1846 0.967199981904721 -0.3215936396831692 0
1847 1.955263724051248 -2.716365971832429 0
1848 -0.4500819495654723 -3.473912860626025 0
1849 -0.002083713312544626 -0.03497482430354087 0
1850 0.009456995752620698 -0.02119094725344412 0
1851 0.160072301114469 0.162071821615808 0
1852 1.209230544290812 0.04950224414354975 0
1853 -0.04458439278277419 0.118745914621411 0
1854 0.5366218733358866 -0.09069889886657584 0
1855 0.702957030276206 0.1790006296907085 0
1856 0.6600330217419593 0.1862575873854686 0
1857 13.53314107075698 -2.901760528577289 0
1858 0.02928456417207273 -0.2527626046676229 0
1859 0.1551439297346883 -0.1222369871338184 0
1860 0.1262004633498933 -1.984155315413703 0
1861 0.83573923487131 0.04597530916324948 0
1862 5.584408141663109 -2.890235463793242 0
1863 0.4610970561270953 -0.09518053659376319 0
1864 -0.4771650762180062 -2.480475280997199 0
1865 0.3147907354388544 0.06786441284606091 0
1866 0.924737399461447 -0.02922655418646432 0
1867 -0.06635798927462058 -3.026227691897476 0
1868 0.8222838705810076 0.1153182674442178 0
1869 0.7954295984663498 0.477010326736836 0
1870 0.505296834473241 0.124509348558001 0
1871 0.6419141923855318 0.05712611319392855 0
1872 0.609322259269363 -0.06861526680555005 0
1873 1.527900610323489 -1.058023283091875 0
1874 0.09538620312877499 0.1294925098937485 0
1875 0.7085735105741895 0.09620016627635099 0
1876 0.9170986190070876 0.8078884343269114 0
1877 0.2767432336570377 0.1616038306423508 0
1878 -0.05892313908977013 -0.03616385079875414 0
1879 0.4212934476824844 0.567129921950324 0
1880 1.280566903907811 -0.2329152907068049 0
1881 0.2397156840308811 0.07222244188632714 0
1882 0.962831834735097 -0.6491357397267656 0
1883 0.3169391036616934 -0.07870557289714125 0
1884 0.5096137320488752 0.1889087689870523 0
1885 0.05146101780733639 0.0334704328929642 0
1886 -0.8172403533879153 -1.846365995235506 0
1887 0.02483809432481127 -0.03997023361285722 0
1888 1.953162405349423 -0.9398621952219433 0
1889 0.3540609098621487 0.8597315386871216 0
1890 1.517554021987285 -4.536181064892121 0
1891 0.2784796558819821 -0.1077629308326166 0
1892 13.48952613824717 -2.273770152159057 0
1893 0.08522557319654876 -0.05218707188775623 0
1894 0.1930137432785131 0.1213995706972497 0
1895 3.062530776647844 -3.992205305472165 0
1896 0.161905223311003 -0.0697376062051587 0
1897 -1.534166896430307 3.64557711202944 0
1898 0.8013668988705415 -0.3091784696748215 0
1899 0.4715590598103492 -0.3440087332166932 0
1900 2.976516559648471 -1.380128921448842 0
1901 -0.1869500570737059 0.01251046074497474 0
1902 0.1191560067521889 0.0358113632535358 0
1903 -0.0743275165469507 -0.2455393593868798 0
1904 0.04193254843269124 0.01651864643548357 0
1905 0.02074559119764017 0.6563428323674052 0
1906 -0.03300969410128022 -0.18477697009806 0
1907 1.219727698471834 0.4144119343513694 0
1908 -0.9364803263234445 -4.000291298440002 0
1909 0.3673391321881168 0.08336658204420187 0
1910 0.008025072533931159 -0.04967986753421863 0
1911 -0.4056993707583181 0.1685348050180201 0
1912 1.090289927768249 0.1670567902592082 0
1913 0.4098072629632004 0.09899602140155075 0
1914 0.4606440019397356 -1.662000173135893 0
1915 11.99470419417839 3.62849100140628 0
1916 -4.215310180658389 -0.01663456943740014 0
1917 0.02419264731823787 0.1625480627331883 0
1918 5.448888866115529 4.184226776279778 0.1
1919 5.521618744465133 -4.168700265950356 0.1
1920 8.492768123344604 3.961550164859098 0.1
1921 9.437405318768302 -4.178329269006285 0.1
1922 14.10591401289858 0.5068895044085605 0.1
1923 -4.133974596218327 1.500000000005669 0.1
1924 -1.520154982747667 -4.163962509706352 0.1
1925 -1.378218715490372 4.25706805668079 0.1
1926 -4.167668329904815 -1.479554423649775 0.1
1927 2.461956684030484 -4.119131359735873 0.1
1928 0.5139912825686339 -0.06913289218859449 0.1
1929 0.7216491438725933 -0.05025910328604757 0.1
1930 2.487593881308459 4.249806430360626 0.1
1931 0.51438322066755 0.06952702983826313 0.1
1932 0.7218808924499069 0.05158693994037088 0.1
1933 0.4344516587006729 -4.169776838773132 0.1
1934 0.4652952006949186 4.137754722910159 0.1
1935 11.51729740866 4.22017837670941 0.1
1936 7.427904175679213 -4.169640541169056 0.1
1937 13.99384803944641 -1.446058040017081 0.1
1938 11.46361840754088 -4.146971631708397 0.1
1939 14.34904089722146 2.486397109539386 0.1
1940 -4.133974596217861 3.499999999999821 0.1
1941 14.13397459621786 -3.499999999999821 0.1
1942 -4.079550834041261 -3.391971574964604 0.1
1943 13.48024888892209 4.165006949250468 0.1
1944 -0.3321181486592741 -4.152731469519672 0.1
1945 -1.021478050495869 -3.35964428492375 0.1
1946 0.1276424884652091 -3.479338268472085 0.1
1947 0.8794303968232593 -0.02937647922312631 0.1
1948 -0.4858002542151147 -2.862687388253475 0.1
1949 0.0990648788193943 -0.03234081905333697 0.1
1950 0.7614116452947586 -3.421234188776001 0.1
1951 0.3861472185979885 -2.840216352587244 0.1
1952 0.2652361841720733 -0.06557365663134031 0.1
1953 0.3649743916748039 -0.07108901820340469 0.1
1954 0.9880769553378472 -2.806793813385647 0.1
1955 0.7075846960270975 -2.34533740359105 0.1
1956 1.192436217013554 -2.314989648012356 0.1
1957 0.9200552448262331 -1.878245263979465 0.1
1958 1.345017266619654 -1.892406537729542 0.1
1959 0.4861192373686134 -1.926831266468615 0.1
1960 1.147319587736172 -1.562527660144328 0.1
1961 1.49379992402994 -1.54987952930371 0.1
1962 1.321705474897726 -1.253108337351317 0.1
1963 1.633845299652704 -1.248202782117554 0.1
1964 1.826702803307703 -1.505908479529495 0.1
1965 1.934638586371115 -1.198688728719693 0.1
1966 1.018640451042077 -1.281305615071219 0.1
1967 2.186026610234962 -1.468162170628893 0.1
1968 2.270097484583403 -1.055747587919689 0.1
1969 2.583261714357036 -1.419782479219101 0.1
1970 2.735092859609477 -1.041727499193684 0.1
1971 2.442052166647033 -0.653432385714936 0.1
1972 2.909487385716682 -0.6097856410871967 0.1
1973 2.590236878760555 -0.2314046609357174 0.1
1974 3.056365192489466 -0.07105899094896242 0.1
1975 3.420910442668943 -0.527993243820788 0.1
1976 3.579048010242907 0.07460490030334288 0.1
1977 3.982029191666885 -0.4057892242619886 0.1
1978 1.123894214773417 -1.051100433414875 0.1
1979 0.6138587618299666 -0.05998907477143467 0.1
1980 0.5633466892576865 -0.06418367593762568 0.1
1981 0.6625422858435412 -0.0570196621590693 0.1
1982 0.9030956502046157 -1.066311963813971 0.1
1983 4.169523310023656 0.2061406872614528 0.1
1984 4.594406743238535 -0.2844756488675492 0.1
1985 2.701918940297861 0.2710256318538514 0.1
1986 0.9936667214673559 -0.8806035161695057 0.1
1987 0.8009649444823964 -0.0421197905882322 0.1
1988 0.7614688941158456 -0.04717747744701517 0.1
1989 0.8078284015024841 -0.883282099422213 0.1
1990 0.8955376313589533 -0.7223058275174687 0.1
1991 0.9672952117075788 -0.01477839123488198 0.1
1992 0.9281678373342573 -0.02052004218828432 0.1
1993 1.053581971703699 -0.7109022644532796 0.1
1994 0.7286842130089034 -0.732073262153315 0.1
1995 0.6366288961526723 -0.8700259009094066 0.1
1996 0.1856744180418501 -0.0531874494854723 0.1
1997 0.2254953919867337 -0.06053708665289313 0.1
1998 0.1472604796471506 -0.04439191419708292 0.1
1999 0.5700190565442527 -0.7022748606917392 0.1
2000 0.4734371132431278 -0.854794580601692 0.1
2001 0.4074936153940872 -0.7120674240298573 0.1
2002 0.3143607100014912 -0.8460981288997507 0.1
2003 0.4356002820374302 -0.07218831065166811 0.1
2004 0.40483704961582 -0.06962229336666378 0.1
2005 0.4639678533568615 -0.07034428263476639 0.1
2006 0.2498618300424732 -0.6861340461778412 0.1
2007 0.1545154760124508 -0.832083449088649 0.1
2008 0.07511785362609616 -0.6689386988204433 0.1
2009 -0.008116111958830758 -0.8278865457028584 0.1
2010 -0.09505766714411715 -0.6712583336899827 0.1
2011 -0.1834048567436485 -0.8330269815886995 0.1
2012 -0.2664493096499733 -0.6610234349026457 0.1
2013 -0.3891119233454965 -0.8187179209519484 0.1
2014 4.81649941663152 0.3609954623524874 0.1
2015 5.315819401423594 -0.2070442353934149 0.1
2016 0.7955216287904779 -0.6022044407034615 0.1
2017 5.541965957760317 0.5370693428193087 0.1
2018 6.072590117555393 -0.0408433327398278 0.1
2019 0.4862747893245527 -0.5881306440502883 0.1
2020 0.1728322579362506 -0.5650859512128971 0.1
2021 -0.2819332930596273 -1.02571591957845 0.1
2022 -0.5287047650044046 -1.011439011231644 0.1
2023 -0.6132077689133183 -0.784073314306765 0.1
2024 -0.804507593567574 -0.9957372031602852 0.1
2025 -0.8761111391325898 -0.6722901937338053 0.1
2026 -1.117449135917161 -0.9665494613367995 0.1
2027 -1.251038719632766 -0.645058570800374 0.1
2028 -1.031740445203282 -0.3635378681243114 0.1
2029 -1.380194285470543 -0.3164852770804945 0.1
2030 -1.159373754775914 -0.05836215560142658 0.1
2031 -1.513582978301214 0.02828857085108577 0.1
2032 -1.211523922546473 0.3072031470450884 0.1
2033 4.321468197067146 0.8319313373041913 0.1
2034 -1.502618779416612 -0.93684598283272 0.1
2035 -0.1527487264670756 -0.5106941355464275 0.1
2036 -1.663581216776286 0.4020008161570136 0.1
2037 -1.381906988660663 0.7160816710376615 0.1
2038 0.1094720288857791 0.03796959824717313 0.1
2039 -0.974330775465997 0.6504104032155579 0.1
2040 0.2855785410639185 0.0668503142538112 0.1
2041 0.2069019215387178 0.05644204728599527 0.1
2042 0.3649764263604656 0.07078930421614016 0.1
2043 -1.106967089406515 1.025830141944687 0.1
2044 -0.7031824151594845 0.9318815815819105 0.1
2045 -0.8367049567024286 1.316014364154062 0.1
2046 -0.4673250399705693 1.243797662508546 0.1
2047 0.9198358093884709 0.02392103254484826 0.1
2048 0.8205950775641058 0.03887939497358865 0.1
2049 -1.271841750447941 1.434409456763781 0.1
2050 -0.5686040503016617 1.600087362860715 0.1
2051 -0.1784034055900381 1.523754365051616 0.1
2052 -0.4178098982236679 -1.243283953177981 0.1
2053 -0.1011261376221293 1.122180255620049 0.1
2054 0.2123210620455815 1.435683677707399 0.1
2055 6.313553455135136 0.7106591210117925 0.1
2056 6.874704470497892 0.1176521725611401 0.1
2057 -1.891898135107051 0.03073278217232422 0.1
2058 2.181274580717468 -0.3348662049682984 0.1
2059 4.373267239695636 -0.9199606365177413 0.1
2060 0.3136356071328096 1.078291988848347 0.1
2061 0.6229655560203773 0.05986117892244958 0.1
2062 0.6141019590965873 1.357148945266436 0.1
2063 -1.816440624526823 0.8294172004573818 0.1
2064 5.778765917505288 -0.8859793759830688 0.1
2065 -1.330554165617506 -1.309697297503046 0.1
2066 -1.773824479407523 -1.273365053073406 0.1
2067 0.6215938428523266 0.9634762049476073 0.1
2068 0.9933283353277156 1.204118334595944 0.1
2069 1.227958500559253 0.8553831392954818 0.1
2070 1.497516222637242 1.17228261515652 0.1
2071 1.338774937841105 1.636744075968129 0.1
2072 1.870593275599072 1.537205542656648 0.1
2073 -0.8113232591359595 -0.1081082760214726 0.1
2074 7.099419525053816 0.9120568898834077 0.1
2075 7.715959104526774 0.2908783712869552 0.1
2076 7.444721901223089 -0.544196605306929 0.1
2077 8.316279158203002 -0.3767638931210667 0.1
2078 8.602520601745153 0.4841169954496366 0.1
2079 9.218702085139311 -0.1992906367646463 0.1
2080 9.507858895686141 0.6874667960289917 0.1
2081 10.13546045301087 -0.01414236834741742 0.1
2082 -0.6372744808078011 0.5703187801574576 0.1
2083 10.43316184498093 0.8824825233571163 0.1
2084 0.2331187217996449 -1.001400877868562 0.1
2085 -0.3013045154018124 1.935958924812302 0.1
2086 2.429243425103494 -1.829555211121564 0.1
2087 2.905778359728573 -1.790832695515701 0.1
2088 0.09355616205035766 0.8740526888621072 0.1
2089 1.43058094449775 -2.658150579507784 0.1
2090 9.834619491639103 -0.9054879470504834 0.1
2091 10.76732827765141 -0.7233534319656911 0.1
2092 0.7632829157231595 -1.258174877853904 0.1
2093 -1.548943881927261 -1.72476806605448 0.1
2094 -2.100123336408078 -1.682639110196714 0.1
2095 -2.285974213792296 -1.183923497369349 0.1
2096 5.720351476885391 1.377785864745152 0.1
2097 8.021074717059625 -1.23396612870136 0.1
2098 1.693574414777558 2.075337653957434 0.1
2099 2.27703049349777 1.947087687970861 0.1
2100 1.035168644984034 2.139094620017353 0.1
2101 1.708627421582067 -0.9445627229791718 0.1
2102 1.599017854520355 0.7532390819997933 0.1
2103 -0.3396096850601207 -0.4944816005985654 0.1
2104 -0.2229600447797979 -0.3692387268951758 0.1
2105 0.03195357315625991 -0.01569983674955272 0.1
2106 0.06071128605117236 -0.02261524804681804 0.1
2107 -0.09254044588252741 -0.3570468667426391 0.1
2108 -0.1622212255938101 -0.2826972739469418 0.1
2109 -0.009527150891571533 -0.2869740731088351 0.1
2110 -0.08066931307959424 -0.183480572853133 0.1
2111 -0.2515441050929876 -0.2415623185492043 0.1
2112 9.793433242561752 1.592402660780617 0.1
2113 2.703768399821115 -2.281433895240847 0.1
2114 3.284160419725705 -2.204184221787195 0.1
2115 -0.7728477405994343 2.034482768074831 0.1
2116 -0.4393976088952743 2.432394107360497 0.1
2117 10.46450800197622 -1.628065758750665 0.1
2118 11.3927520712119 -1.437987128665436 0.1
2119 -1.827061695650765 -2.206725555438481 0.1
2120 -2.47283497128389 -2.156301259870542 0.1
2121 0.890341543454036 0.5789572654973922 0.1
2122 11.68508736870113 -0.5270031890233519 0.1
2123 -1.012497829608303 2.530984399584362 0.1
2124 10.73233944578452 1.792771664315674 0.1
2125 1.507277793696309 2.652322864497724 0.1
2126 -1.094314386635486 -1.633453215384518 0.1
2127 10.08376037793308 2.507130671173714 0.1
2128 -0.6133814832421567 3.002968167483623 0.1
2129 0.04215023712115021 2.844451257316734 0.1
2130 9.188086091910296 2.2770883627994 0.1
2131 0.0184948398227798 -0.3713153723232339 0.1
2132 0.06820854651571542 -0.2859981185299625 0.1
2133 0.1088569954230763 -0.3676979554444287 0.1
2134 0.1451659023940372 -0.2919795516636729 0.1
2135 0.1157135798186885 -0.2296639239787982 0.1
2136 0.1806471732040629 -0.2249204293637131 0.1
2137 0.3156351635553179 -0.06802368022103937 0.1
2138 0.2105475687753363 -0.2860283670593668 0.1
2139 0.2401711671735058 -0.2313190385562347 0.1
2140 0.2704885279782291 -0.2788307484028384 0.1
2141 0.2948514117993859 -0.2233643074306297 0.1
2142 0.3260341197821918 -0.2725834532624984 0.1
2143 0.3487273945523552 -0.2241543620131831 0.1
2144 0.3807692726837815 -0.271864280114327 0.1
2145 0.4023178365457571 -0.2241128651969462 0.1
2146 0.4290466901305403 -0.2638117730504755 0.1
2147 0.4484068138616184 -0.2201180171854446 0.1
2148 0.4767555610599973 -0.2581294387242427 0.1
2149 0.4949642506013157 -0.209865970252146 0.1
2150 0.5243952339452875 -0.2538131374569642 0.1
2151 0.5460360335263374 -0.2068504576566964 0.1
2152 0.5713347870063492 -0.2485589784557509 0.1
2153 0.59306877334108 -0.2081502397725219 0.1
2154 0.6173871359357176 -0.245426354777988 0.1
2155 0.6388645096759858 -0.1987883477768877 0.1
2156 0.6633819593663649 -0.2410878603438016 0.1
2157 0.6845235683476695 -0.2006133284162098 0.1
2158 0.708413355022857 -0.2373689993831777 0.1
2159 0.7266821455433921 -0.1979184126348171 0.1
2160 0.7535752408106362 -0.2343571305105763 0.1
2161 0.770636277447867 -0.189033038586408 0.1
2162 0.7989851963058894 -0.2297484300340179 0.1
2163 0.8184384564896523 -0.1829882898798814 0.1
2164 0.8454147162327204 -0.2259624776887713 0.1
2165 0.8392328294276248 -0.03769996293898699 0.1
2166 0.8653238263449589 -0.1837967687538637 0.1
2167 0.8925951103558956 -0.2224657348166496 0.1
2168 0.9123321748521158 -0.182669474734126 0.1
2169 0.9405916103464482 -0.2194211833826807 0.1
2170 0.9591140198337876 -0.1704397222440339 0.1
2171 0.9939127171953628 -0.2205405735246695 0.1
2172 1.011500996311142 -0.1694327341603814 0.1
2173 1.053798384862604 -0.2202151242161309 0.1
2174 0.9686663832076776 -0.2664035993544726 0.1
2175 0.6496992697676376 -0.2895982836334682 0.1
2176 0.2937566469869866 -0.07079484431667814 0.1
2177 0.3350812281159907 -0.0702060162724945 0.1
2178 0.8212313517877357 -0.04034989850286984 0.1
2179 0.8227916111747916 -0.2737689475056628 0.1
2180 0.700004690462053 -0.1619783520465538 0.1
2181 0.7918259925971851 -0.1547665733907016 0.1
2182 0.3583063283855613 -0.33105776451071 0.1
2183 0.8860536255945397 -0.1455218336206772 0.1
2184 0.6082608572165676 -0.1733115572287847 0.1
2185 0.516917025322751 -0.1769728882629414 0.1
2186 0.4243704857229395 -0.1862265819766292 0.1
2187 0.1448813403321949 -0.1803394845187606 0.1
2188 0.0979249947962347 -0.1764898022950701 0.1
2189 0.499734859502883 -0.2999112637732984 0.1
2190 0.2609798920151551 -0.1861172598837113 0.1
2191 0.2523208439440257 -0.3407802061623352 0.1
2192 0.9855659091333947 -0.1291172149551906 0.1
2193 1.029182118438636 -0.1241270733063263 0.1
2194 0.7316540158572864 -0.2811088191291113 0.1
2195 0.1277471867114696 -0.1383050125642391 0.1
2196 0.08558916200973894 -0.1346222381053158 0.1
2197 0.1646831754768945 -0.1442521642555209 0.1
2198 1.000178723372558 -0.09016569160940105 0.1
2199 1.041605969171254 -0.08617695808366529 0.1
2200 1.07326640876492 -0.1152372913815145 0.1
2201 0.9638699523979968 -0.09807692863884983 0.1
2202 0.1086830777834346 -0.1067160849967806 0.1
2203 0.07478061182767118 -0.09711638255752776 0.1
2204 0.04954139754673163 -0.1269229609037307 0.1
2205 0.0381154554225532 -0.08796792043020731 0.1
2206 1.017423197762177 -0.06038926816799561 0.1
2207 0.9996624472780493 -0.01039329033787715 0.1
2208 0.01382186990067141 -0.1184402511589918 0.1
2209 0.002536307943029054 -0.07877054339332788 0.1
2210 0.003140845042179146 -0.01072561068861652 0.1
2211 0.02075772720463054 -0.1656172781188102 0.1
2212 0.06106838964410696 -0.06869597137883782 0.1
2213 -2.178559002276415 -2.754146554439846 0.1
2214 3.047493643827612 -2.775614539257339 0.1
2215 3.698071661276384 -2.69976006084658 0.1
2216 7.125731718732291 -1.400395647813464 0.1
2217 7.713134055837635 -2.057572540426803 0.1
2218 6.797164732192513 -2.184050209348411 0.1
2219 2.429791718271966 1.363266897692052 0.1
2220 2.865736673921953 1.790091891751191 0.1
2221 2.728893988165169 2.414276340364981 0.1
2222 3.365397198299657 2.252529961591024 0.1
2223 8.622830281349927 -1.92969557080643 0.1
2224 11.3737374196189 1.074808070333917 0.1
2225 11.68203936713646 1.995092414575857 0.1
2226 -0.02266001471464824 -0.111102864953967 0.1
2227 -0.03285213531522547 -0.07596841292689685 0.1
2228 -0.06328081046976627 -0.1064881020594034 0.1
2229 -0.07342744185101616 -0.0640859690784753 0.1
2230 3.109988886229429 1.173230232722886 0.1
2231 -0.1380241005488204 -1.255363166215215 0.1
2232 -0.2968867184585041 -1.51236044347025 0.1
2233 3.223407557422246 2.928940256629993 0.1
2234 3.907891779401989 2.752309951173191 0.1
2235 12.33216703501891 1.270362473423921 0.1
2236 -0.01341823380522205 -0.05366864557190693 0.1
2237 3.929547899750605 -2.083245242967991 0.1
2238 4.439035954940675 -2.632696535526833 0.1
2239 4.133162101569733 -3.376731051080808 0.1
2240 11.13877576290867 -2.38987577511022 0.1
2241 12.10709542149439 -2.140582823155166 0.1
2242 0.9463302273737602 -0.1260835604073834 0.1
2243 0.9320882479376029 -0.09685640026185041 0.1
2244 0.9470861174659777 -0.07058670459722048 0.1
2245 0.9186224528191455 -0.07205364273941164 0.1
2246 0.9042872973130076 -0.09385761411479698 0.1
2247 0.8945205461454586 -0.07086098895336534 0.1
2248 0.8804545867261524 -0.09006810264544945 0.1
2249 0.8704760185820617 -0.0673757397278593 0.1
2250 0.8578323611947535 -0.08668228332452292 0.1
2251 0.8598856017327292 -0.03284571479314388 0.1
2252 0.9075289950529342 -0.05061512283234411 0.1
2253 0.8507976871265647 -0.06787627123624909 0.1
2254 0.8356350726231419 -0.0812527257708338 0.1
2255 0.8450821311979619 -0.1051418236483301 0.1
2256 0.8217686237442392 -0.1018640918685986 0.1
2257 0.8130312898482805 -0.08061996862174112 0.1
2258 0.7994693077362746 -0.09778740710245387 0.1
2259 0.7928264939305707 -0.07787246195246869 0.1
2260 0.7788749107843113 -0.09323560101437464 0.1
2261 0.7806413499195527 -0.04661896813046044 0.1
2262 0.9080004451321498 -0.0228021063926312 0.1
2263 0.7754647567750939 -0.07464448429283921 0.1
2264 0.7586020531508765 -0.08624893409081957 0.1
2265 0.7652741917686999 -0.1092720579903462 0.1
2266 0.743985874610642 -0.1036746651304763 0.1
2267 0.6915957498155556 -0.05538265529795718 0.1
2268 0.7475771187628547 -0.1312462209621877 0.1
2269 0.7374303365999417 -0.0838479908856877 0.1
2270 0.7233435165901707 -0.09828505042140469 0.1
2271 0.7416969055094725 -0.04956946412223271 0.1
2272 0.7188349256850202 -0.07733559581073009 0.1
2273 0.7044129849403971 -0.09241160082175873 0.1
2274 0.7088484958660433 -0.11327601086149 0.1
2275 0.6885720349201694 -0.1062693354775707 0.1
2276 0.6869232411186231 -0.08622953719439277 0.1
2277 0.6691175118630854 -0.09547140800496783 0.1
2278 0.6716562337620757 -0.1195544241623314 0.1
2279 0.6517921868238536 -0.1102423876794612 0.1
2280 0.6486017158442802 -0.08994485758007789 0.1
2281 0.633204599775923 -0.1029333983665242 0.1
2282 0.6313394381502551 -0.05927291177578226 0.1
2283 0.6537022012560856 -0.1346239772323914 0.1
2284 10.153129449893 -2.511932731352196 0.1
2285 8.254033307133227 -2.688858156649949 0.1
2286 0.831199128938378 -0.1259882037459486 0.1
2287 -0.1687628652594222 0.8252113422990544 0.1
2288 -0.1762539429913972 0.5969870220967239 0.1
2289 0.1403940211762382 0.5100655250891353 0.1
2290 -2.864228144428948 -2.69718228988555 0.1
2291 -2.604239522867595 -3.385177148273419 0.1
2292 0.2181025271622386 -0.1870166516751942 0.1
2293 0.242257418816452 -0.1523280346913247 0.1
2294 0.2749755194986954 -0.1500430337066125 0.1
2295 0.2601099632720423 -0.1221100585951123 0.1
2296 0.2888035336108958 -0.1235625100233306 0.1
2297 0.3047923315250846 -0.1448760492957243 0.1
2298 0.3141928174659734 -0.1192327595122926 0.1
2299 0.3312149555310034 -0.1386452037353343 0.1
2300 0.3387674820520665 -0.1122534212461097 0.1
2301 0.3556534116428166 -0.1330149548627462 0.1
2302 0.3661152479405207 -0.1085026403413178 0.1
2303 0.3794123477658098 -0.1282559998019848 0.1
2304 0.229750437238218 -0.1233353396803089 0.1
2305 0.3889835088360239 -0.1077929977083412 0.1
2306 0.4015813101764106 -0.1242694074921494 0.1
2307 0.3848910840205019 -0.07115992644741773 0.1
2308 0.2426324243665924 -0.09963875909098263 0.1
2309 0.2185666307387518 -0.1002096010458976 0.1
2310 0.2453090829827206 -0.063465178555135 0.1
2311 0.4084670136558925 -0.1012452231451248 0.1
2312 0.422309602461153 -0.1196293968862764 0.1
2313 0.3743350322979271 -0.1572602220039792 0.1
2314 0.4290358271929727 -0.09811426048246344 0.1
2315 0.4426233100276158 -0.1157834065402165 0.1
2316 0.4492599646785648 -0.09674358641490774 0.1
2317 0.4634099361013058 -0.1092941748355029 0.1
2318 0.4560508113470654 -0.132481567012728 0.1
2319 0.4780983606918608 -0.1274189419324135 0.1
2320 0.4848348105431927 -0.1062295909873236 0.1
2321 0.4941942301173744 -0.06799917390141148 0.1
2322 0.4995019716553915 -0.1216283779294496 0.1
2323 0.5045036999445509 -0.1015613106449763 0.1
2324 0.5196196974957631 -0.1158028873947185 0.1
2325 0.52283974871827 -0.09425877395307598 0.1
2326 0.5399120163750966 -0.1066906500330371 0.1
2327 0.5437646040621957 -0.06526999881468105 0.1
2328 0.4710603910029253 -0.1518291871244066 0.1
2329 0.535237461546666 -0.1305964791928007 0.1
2330 0.5564777005570039 -0.123588002868467 0.1
2331 0.56147517195007 -0.102254312911403 0.1
2332 0.5773429596931925 -0.1162681737117699 0.1
2333 0.5806621077964901 -0.09608146093858962 0.1
2334 0.5932808459162006 -0.06203264911415639 0.1
2335 0.5517466526781649 -0.148297010535494 0.1
2336 0.2976040052493825 -0.1017533939681785 0.1
2337 0.3196676878343671 -0.09600954180989689 0.1
2338 0.5976163072332611 -0.1077186114927081 0.1
2339 0.5979803621811225 -0.08531987316321059 0.1
2340 0.3507827008037735 -0.0928643567346933 0.1
2341 0.03288756807432652 -1.500093232245708 0.1
2342 -0.1077784408174987 -1.787128047564774 0.1
2343 0.3245469712920597 -0.1666586455843524 0.1
2344 0.02429846289783879 -0.05911807179656257 0.1
2345 0.487007872554059 0.7147644034510662 0.1
2346 0.4335586187564887 0.07386094347406214 0.1
2347 0.5349279314375928 -1.022631617280423 0.1
2348 4.607859049686891 -1.967637219390239 0.1
2349 5.138224675430096 -2.484167141173316 0.1
2350 3.737090147473667 3.508766710069882 0.1
2351 0.9889687116616305 -0.06092328855277693 0.1
2352 0.1392030753603417 -0.1066270632062198 0.1
2353 0.1287411710090683 -0.08105978524074643 0.1
2354 0.1274772478631857 -0.04029411216269167 0.1
2355 0.1564511521945775 -0.08556575270365968 0.1
2356 0.1666910747198268 -0.04882495534489503 0.1
2357 0.1004418075028842 -0.0791487999410006 0.1
2358 4.050431830402459 1.9507156652919 0.1
2359 4.599109020417768 2.573027534857109 0.1
2360 -0.8354690060237712 0.3384879168496092 0.1
2361 -0.5347010875177239 0.295119907357576 0.1
2362 0.2649213648778119 -0.09854017400822242 0.1
2363 1.165218924211434 -4.06929993279916 0.1
2364 0.999459568839006 -0.03703917944273191 0.1
2365 0.9770212887713298 -0.03888859499163701 0.1
2366 0.9477253312648317 -0.0167330820278946 0.1
2367 0.6312023865437063 -0.08174896383932478 0.1
2368 12.60125686619989 2.212475244178699 0.1
2369 0.05945779497385456 -0.2142763813061619 0.1
2370 0.886406563530333 -0.05040499434443749 0.1
2371 0.01257488921035363 -0.03408486443044773 0.1
2372 0.1163863992104183 -0.0610444962884771 0.1
2373 0.09697724742058268 -0.05886044651555827 0.1
2374 0.0798774905544833 -0.02744073941769271 0.1
2375 -0.1980058861486606 -0.1423643351941774 0.1
2376 -0.3090692480798185 -0.1246223931561286 0.1
2377 -0.2324599675130617 -0.0462462644910735 0.1
2378 -0.3993715260477586 -0.22729109583115 0.1
2379 -0.4521107539828544 -0.08388463160138264 0.1
2380 -0.4582431869320084 -1.799906602587019 0.1
2381 2.458968821454738 -2.808530737228159 0.1
2382 0.3579639454291301 -0.5867180087593433 0.1
2383 0.4310551438280629 -0.4892462102359712 0.1
2384 0.5352033058978227 -0.4864358791610586 0.1
2385 0.3194404573094825 -0.4773935972312247 0.1
2386 0.674969609986072 -0.5945527731794634 0.1
2387 0.7375639018077386 -0.4958704140816743 0.1
2388 0.8434493617888583 -0.4906271896369512 0.1
2389 0.7921109048353256 -0.4124927737364342 0.1
2390 0.883768248901514 -0.4049554386359133 0.1
2391 0.9433891751965073 -0.4799816514179371 0.1
2392 0.689428040315668 -0.4067715099593184 0.1
2393 0.9810378356106922 -0.3841415416314281 0.1
2394 1.051119380824797 -0.4736934405273519 0.1
2395 1.09089850203437 -0.3713732306067574 0.1
2396 1.149958694741785 -0.4515430249056785 0.1
2397 1.194851847482395 -0.3540600250320297 0.1
2398 1.264685762893216 -0.4554687791722519 0.1
2399 1.325974878217322 -0.3197800520583205 0.1
2400 1.427345370587262 -0.4444626271750228 0.1
2401 1.487022062610638 -0.2884052434685101 0.1
2402 1.351652477597555 -0.1577706410557769 0.1
2403 1.554363648071873 -0.1224224655744475 0.1
2404 1.423333731485707 0.0197073539321721 0.1
2405 1.616205553065005 0.1006917551760139 0.1
2406 1.323684794529743 -0.5990238258953855 0.1
2407 1.618483847268834 -0.452518519044863 0.1
2408 1.27214420517159 -0.01043588761160366 0.1
2409 1.266678676087339 0.1204646288594187 0.1
2410 1.051283375014575 -0.0531707153513678 0.1
2411 1.136906430833598 0.09586597945248085 0.1
2412 0.9801358693430152 0.01569264242278526 0.1
2413 0.9474431836579053 0.02114447730191974 0.1
2414 1.170943005657734 0.2449462864021466 0.1
2415 1.01606673805459 0.2379257676630974 0.1
2416 0.869260746616448 0.03243020816678902 0.1
2417 1.212596368742152 -0.1864059129633303 0.1
2418 0.3685645260789142 -0.08995589930125175 0.1
2419 0.135999825350726 -0.06171299339274345 0.1
2420 -1.242500747073112 3.086847516239566 0.1
2421 -1.642459071682561 2.588441876835414 0.1
2422 -1.955654297756634 3.240918956167639 0.1
2423 -2.319581592499433 2.646948749054816 0.1
2424 -2.713234169807239 3.282845362717348 0.1
2425 -2.041200682050191 2.02101271625564 0.1
2426 -2.713323888410685 2.064962788396484 0.1
2427 -2.427538078507714 1.440460872608109 0.1
2428 0.06873931137372957 -0.4392237054472448 0.1
2429 -0.1030994536086623 -0.09133680357673857 0.1
2430 -0.1213354760622508 -0.04968782309028424 0.1
2431 -0.08209368687907838 -0.01646254414820585 0.1
2432 -0.1355691836154218 0.001164452815181669 0.1
2433 -0.09697991314048438 0.0406790605647722 0.1
2434 0.05112911582368178 0.02025701289736678 0.1
2435 0.01338442609302274 0.01470530841375793 0.1
2436 -0.1586287512609789 0.06138378677493931 0.1
2437 -0.1092247136877024 0.1046015033248598 0.1
2438 -0.18170480739615 0.1348217138055742 0.1
2439 -0.1073877817121006 0.1889437625945645 0.1
2440 -0.01819946362217378 0.1736614555521869 0.1
2441 0.1559298102558662 0.04735573713119778 0.1
2442 0.1746428974892152 0.05516610088273483 0.1
2443 0.1383433663911139 0.04377848118411473 0.1
2444 -0.03757176699256148 0.2605778955036627 0.1
2445 0.0431598372455893 0.2127445552680135 0.1
2446 -0.2152144460318754 0.2342768021916353 0.1
2447 0.06200414842724165 0.1470706284127104 0.1
2448 0.1186393178467657 0.1827834700373604 0.1
2449 0.1182686734546036 0.2651563186501555 0.1
2450 0.1939914538185562 0.2091601809298036 0.1
2451 0.2445474633453906 0.06172834602519355 0.1
2452 0.2655724223337956 0.06833510224916782 0.1
2453 0.1942803877401782 0.3047885884228917 0.1
2454 0.2639044230822277 0.2568987981904776 0.1
2455 0.2610095738528243 0.1995092131136458 0.1
2456 0.323362251506524 0.07071720249704799 0.1
2457 0.3138604567765158 0.2031955043559593 0.1
2458 0.3059877878115254 0.0692601346097451 0.1
2459 0.3401203778017263 0.2795460720761564 0.1
2460 0.416217286728394 0.2275278492332742 0.1
2461 0.4168161462770708 0.3219635539140628 0.1
2462 0.4871555286873659 0.2508271840854036 0.1
2463 0.5728374798304715 0.0627369116560553 0.1
2464 0.546009357025082 0.06678442267770235 0.1
2465 0.5932808434809346 0.06203264932807947 0.1
2466 0.4628693275864415 0.1933882719438402 0.1
2467 0.5484941204371588 0.2222706132613403 0.1
2468 0.6719093360982384 0.05800191904006133 0.1
2469 0.4752927001162882 0.06759629381843434 0.1
2470 0.4551179941696332 0.06942467976691022 0.1
2471 0.6518837643189962 0.06014961244522549 0.1
2472 0.6921636561709451 0.05427780868035163 0.1
2473 0.5647851496496525 0.2875907638476787 0.1
2474 0.6146985725780223 0.2240588206007521 0.1
2475 0.648123525362552 0.3026576064425054 0.1
2476 0.7104783884550432 0.2343684815911743 0.1
2477 0.7716890319994433 0.04740838783358663 0.1
2478 0.7516707915551789 0.04860269649048928 0.1
2479 0.7920789638329634 0.04358689182395092 0.1
2480 0.3431176511495317 0.385931766595215 0.1
2481 0.318741845610806 0.1499528558886573 0.1
2482 0.5199206628040809 0.14530075703869 0.1
2483 0.6756907744254653 0.1526900523156432 0.1
2484 0.7551738328359783 0.1721335888004294 0.1
2485 0.7885302591492153 0.2463201819229173 0.1
2486 0.8372735672078033 0.1581383257776291 0.1
2487 -0.2986240796294785 0.1508006114908126 0.1
2488 0.1293933684640999 0.1238570927008245 0.1
2489 -0.006818027202072571 0.08770420968282905 0.1
2490 0.7209342698589554 0.1139971198988959 0.1
2491 0.5784859533537416 0.382644812831302 0.1
2492 0.6072455701591689 0.1560942248509019 0.1
2493 -0.05355495669470883 0.01930409129158969 0.1
2494 0.1932310817985473 0.1527919756854259 0.1
2495 0.3934713214496489 0.170891797468476 0.1
2496 0.404351942184346 0.07207410391979452 0.1
2497 0.3858178844920278 0.07366948076536395 0.1
2498 -0.04353542502962296 -0.01628188988708437 0.1
2499 -0.007150246107956046 -0.006827422054562007 0.1
2500 -0.0126501853004503 0.006895791887645447 0.1
2501 -0.007009609468787936 -0.01941686069161317 0.1
2502 0.5947563737330523 -0.1303902164211556 0.1
2503 0.8054641202392037 -0.06183366735452788 0.1
2504 0.823067186762228 -0.06502126005788773 0.1
2505 0.8298257814836363 2.779316473198119 0.1
2506 1.324726682354013 3.275380693470757 0.1
2507 1.907685626000803 3.042736664339022 0.1
2508 0.1136212342186638 0.375147056388862 0.1
2509 0.2286018514600637 -0.08262187428860771 0.1
2510 0.2088936878079764 -0.0802457290121468 0.1
2511 0.1975696657909107 -0.09750335316308285 0.1
2512 0.2057717029421392 -0.0571417673428153 0.1
2513 0.1900356034764247 -0.07964758558956071 0.1
2514 0.1647451627260628 -0.105050627427086 0.1
2515 0.4688706773182565 1.85853727578698 0.1
2516 -0.2135557961639594 -2.154146440948686 0.1
2517 -0.6743173344062789 -2.17190256660876 0.1
2518 -0.727540008301181 -0.3754935416526636 0.1
2519 0.3951316163333843 -0.09301534020970877 0.1
2520 -3.014983904434044 -2.111326825422432 0.1
2521 1.387876375796511 0.2670827440863414 0.1
2522 0.8688791759588993 -0.04981349582067734 0.1
2523 0.6467181139279385 -0.07177219540699817 0.1
2524 0.660988797759501 -0.07777506741539669 0.1
2525 0.489200161768529 -0.4090421056533231 0.1
2526 0.4910300420334576 -0.08747372590276679 0.1
2527 0.472621462303648 -0.09136342840397094 0.1
2528 0.4168728326286388 -0.08677495400487466 0.1
2529 0.2119218315788857 -0.1483854577285869 0.1
2530 0.2551601239964357 -0.0852667455570025 0.1
2531 1.026260774923572 -0.03362508730711733 0.1
2532 1.061304244137882 0.4055354283588746 0.1
2533 -3.11399652101961 1.500386749635177 0.1
2534 -2.856366929907597 0.8956001558910068 0.1
2535 -3.420987285349882 2.219868236124442 0.1
2536 0.5659656882285151 -0.08548286557109927 0.1
2537 0.5500955724665541 -0.08950822417943206 0.1
2538 0.5802580981158094 -0.07689655965562291 0.1
2539 9.402145505263075 3.223072040083134 0.1
2540 5.338766885504051 -1.673750338420284 0.1
2541 1.786127365330376 -0.1147576275342916 0.1
2542 1.955834901256608 0.2098453136496371 0.1
2543 0.5309748770029407 -0.0791239071284713 0.1
2544 10.33033658192257 3.417775479354738 0.1
2545 0.9298143913171784 -0.05230541658637415 0.1
2546 0.9485980910770986 -0.04844870853733464 0.1
2547 0.6999794646339444 0.4019668551550274 0.1
2548 0.5815866975327517 -0.4036729113036601 0.1
2549 11.9017126203619 2.859040062160123 0.1
2550 13.28281668474211 1.437549838927826 0.1
2551 0.5074828508345037 -0.08319853950974947 0.1
2552 0.2691295190207729 -0.08036648345751625 0.1
2553 0.7329753546256522 -0.07028585294943292 0.1
2554 0.7475297348095647 -0.06917825270913419 0.1
2555 0.8898974534223641 0.2494464634939997 0.1
2556 1.015143112295158 0.1294187696441133 0.1
2557 12.98221610923629 0.4848094283858478 0.1
2558 13.54321655353774 -0.3502279315117722 0.1
2559 -0.3697636781126523 0.4882613355301644 0.1
2560 0.4168644599913273 -0.1410019665293994 0.1
2561 -0.4872111904812035 4.24778295221211 0.1
2562 2.074752731369264 -0.6844941318446744 0.1
2563 -1.496522581286956 -2.754131664395286 0.1
2564 0.7902964235422012 0.1191752457150407 0.1
2565 0.8488986243880703 0.1020212548443171 0.1
2566 0.815733157470633 0.08748321991077922 0.1
2567 0.4525063002818578 0.433108203167996 0.1
2568 0.8969446150186897 -0.03707482170639217 0.1
2569 1.178634164661064 -0.8540243034153063 0.1
2570 1.339608023501773 -0.9766853507381845 0.1
2571 0.2281319417383277 -2.309018232605767 0.1
2572 4.868095108267948 1.781057758638233 0.1
2573 5.466397563121278 2.498068871085485 0.1
2574 6.308140264464726 2.09206379416972 0.1
2575 6.229762827799155 2.8344857651335 0.1
2576 6.96817851116444 2.628328086744693 0.1
2577 6.725677637267141 3.459110629826521 0.1
2578 7.629630743008311 3.237065314572665 0.1
2579 7.774127247576818 2.288958582197013 0.1
2580 0.2132811965761525 0.4084410771470017 0.1
2581 0.2955731205231585 0.5087499000668624 0.1
2582 0.935492137402926 0.1506203538518512 0.1
2583 0.9271952476365497 0.0878345848040334 0.1
2584 0.788111803049977 -0.05955517012257629 0.1
2585 0.6150105933610795 -0.1166647123444838 0.1
2586 0.9851924016670797 -0.02434322574523645 0.1
2587 1.46430005882244 4.165766307219925 0.1
2588 -3.599726370594493 0.9034136659961378 0.1
2589 -3.239484344797703 0.2887913941688157 0.1
2590 -3.835631204792659 0.3219580780938587 0.1
2591 -3.642947218664948 -0.264058185883333 0.1
2592 -2.871723600698898 -0.3636105497197848 0.1
2593 -3.378236560981624 -0.9979437029622675 0.1
2594 -0.01897089251112599 0.4636680085309301 0.1
2595 0.9132437851323696 -0.1244275700375707 0.1
2596 0.4014362522485085 -0.3963670739307503 0.1
2597 0.4800132654304378 -0.07855702361567181 0.1
2598 4.409385421776531 4.081879578935763 0.1
2599 -0.04655780637177573 0.06501395057722142 0.1
2600 4.559480343706229 -4.17130208994112 0.1
2601 3.691847460179538 -4.122170828822266 0.1
2602 -4.211248983133903 -2.328608093074032 0.1
2603 12.85803901464557 3.27693666438897 0.1
2604 0.7720894254932197 -0.05779411628910364 0.1
2605 0.934197078824504 -0.03408813549963901 0.1
2606 0.9193141328667209 -0.03717763238144299 0.1
2607 -0.5815821737297501 -0.2022715334971127 0.1
2608 -0.4973042207467436 -0.3591051583917455 0.1
2609 10.83722376249456 -3.304884168425728 0.1
2610 0.7377824715301277 -0.1623531235934953 0.1
2611 1.156863581831854 -0.01178056671477933 0.1
2612 1.055801947233892 -0.01921998419679944 0.1
2613 -2.619137937208687 0.3526301406340677 0.1
2614 0.6671577016923934 -1.652632588947353 0.1
2615 1.004949601477617 -0.5639623268115579 0.1
2616 2.301470453870498 0.06013494829539577 0.1
2617 2.330671424354736 0.5222776105975026 0.1
2618 6.475942926224436 -4.17584865036337 0.1
2619 6.000954963911273 -3.38092410859751 0.1
2620 6.905334918240095 -3.389565751563596 0.1
2621 0.631770491444109 -0.4800733888070687 0.1
2622 0.1638123160450302 -0.4491346389732139 0.1
2623 0.6655131534572408 -0.1666198443532829 0.1
2624 0.4590968614248628 -0.0833209567206712 0.1
2625 0.7007957471462487 -0.07539259789232766 0.1
2626 0.6843925626002281 -0.066895411736785 0.1
2627 0.7089989389954924 -0.06403035881873809 0.1
2628 4.995638666649601 3.344107737488106 0.1
2629 5.904959080917726 -2.325198374569576 0.1
2630 6.237468751177636 -1.540575452294911 0.1
2631 -1.189493114457089 -2.12868163627041 0.1
2632 0.3066239491386314 -0.0847295815523116 0.1
2633 0.2924139831810274 -0.0842621527015105 0.1
2634 1.690794769182606 -2.206708943132384 0.1
2635 2.214176618688163 -2.265012392981509 0.1
2636 0.6106505073191245 0.5170918180990139 0.1
2637 -1.360490943901625 1.963010502893457 0.1
2638 1.120004558049478 -0.2817577614515674 0.1
2639 1.149619633450292 -0.5672609255432784 0.1
2640 0.5746999580715231 -0.1738772220943189 0.1
2641 8.409420480202439 -4.185837515845355 0.1
2642 2.751356730161481 -3.385864756143711 0.1
2643 2.148573992197932 -3.379786828074956 0.1
2644 1.641260459589403 0.4264467069449688 0.1
2645 0.1074086228982188 -0.04531903118457183 0.1
2646 0.3126288128024527 -0.3829561185596483 0.1
2647 0.4161845550132026 -0.3176345699782129 0.1
2648 0.4372671057581829 -0.08600034807554803 0.1
2649 5.102664295704189 -3.330768144716808 0.1
2650 -0.6698337445087145 -1.497885955326825 0.1
2651 0.8220026987279825 0.3399904924544709 0.1
2652 -2.255320530074787 4.048231610412568 0.1
2653 -3.399949326198507 4.014483052169706 0.1
2654 0.0005625681639043487 0.01369256574843774 0.1
2655 0.008450332978832045 0.03137748387198303 0.1
2656 0.03245470597769671 0.01709442319002351 0.1
2657 -0.01535315077915528 0.03004245523588865 0.1
2658 -1.820355252845809 1.387148067462531 0.1
2659 0.3849324288448018 -0.1888276051607871 0.1
2660 12.48473636895866 -4.184792689329798 0.1
2661 11.99999999999546 -3.267949192429196 0.1
2662 12.84944356091312 -2.667338761296464 0.1
2663 12.96370308761546 -1.76714737567382 0.1
2664 12.47593088537096 4.216366040259921 0.1
2665 14.19330793002266 -2.540477110738017 0.1
2666 -0.338982280836356 0.2966645675359419 0.1
2667 0.4393486270229329 -0.1555032250702089 0.1
2668 0.4612629601863398 -0.1824771009119477 0.1
2669 0.446988694786577 -0.07701258601554373 0.1
2670 8.925041159568561 1.363210896734497 0.1
2671 10.97924777098143 2.672333556978677 0.1
2672 8.918046064451651 -1.062380364215193 0.1
2673 -0.1932035358786612 3.503914180128946 0.1
2674 0.4900336126562881 3.369470215570293 0.1
2675 0.4587048613782259 2.37838619688767 0.1
2676 11.06780455448383 0.177606849945508 0.1
2677 7.954901501593558 1.303740402418771 0.1
2678 7.402042414369882 4.146364406359872 0.1
2679 -2.384165419182542 -4.163574709580469 0.1
2680 -3.380062661521618 -4.074462264465589 0.1
2681 1.421487636035998 -3.268748636112676 0.1
2682 -0.02478299302428148 -0.5721679637320137 0.1
2683 9.53595143252959 -1.78253119180465 0.1
2684 -0.7081590307323538 0.1176172255888454 0.1
2685 0.6156927335968385 -0.09456132243903535 0.1
2686 0.6137729711297896 -0.07809038014285073 0.1
2687 0.6012629136818249 -0.07416166115586117 0.1
2688 0.2545110647211906 0.6680724073264805 0.1
2689 0.9501588332206599 -0.02878377844845713 0.1
2690 3.462855880968305 -1.582898290201563 0.1
2691 0.6229113229016416 -0.06769185973249159 0.1
2692 12.00969048222327 0.3586694704689864 0.1
2693 0.5544403849307976 -0.07490508669608195 0.1
2694 0.8028601624125264 -0.1242648607182256 0.1
2695 8.492141838368411 2.831571715683208 0.1
2696 1.868463727608734 -0.3691107853563145 0.1
2697 5.107143587751515 -1.061205384612779 0.1
2698 3.770773411367209 -1.011598908508342 0.1
2699 0.1851102570044028 -0.1701552753434757 0.1
2700 0.1227261324027788 -1.201047025595981 0.1
2701 0.3222233361491954 -1.450903669240128 0.1
2702 3.692355149417278 0.7030455549670892 0.1
2703 3.819941317494792 1.279949830292278 0.1
2704 9.201490106410727 -2.607522042514656 0.1
2705 0.9661951813996025 -0.05612515134971289 0.1
2706 9.531464763401706 4.173440119576945 0.1
2707 -4.197623087722772 2.610242421114314 0.1
2708 -3.467267881527553 3.044783555015626 0.1
2709 0.693341943040514 -0.129762361433651 0.1
2710 0.7193161517176755 -0.1361179341097767 0.1
2711 0.6321256134123262 -0.3459484393397972 0.1
2712 0.5762613065739565 -0.3363439920173823 0.1
2713 0.6929487776708357 -0.3233593301456449 0.1
2714 7.104840786216869 1.773437583457592 0.1
2715 6.588997146115265 -0.7157230402628434 0.1
2716 0.2054173297340151 -0.1190515363223233 0.1
2717 0.2757533048783431 -0.0679481398164182 0.1
2718 1.361667396629229 -0.7695674498641982 0.1
2719 0.8585035932181222 -0.1278903322373386 0.1
2720 0.8423243923575883 -0.1532012351176518 0.1
2721 0.8161513650569034 -0.05241433114353512 0.1
2722 0.8303575416420392 -0.04926148590843268 0.1
2723 0.3938341283102116 -1.172429477602331 0.1
2724 10.41767774057105 -4.158265402219816 0.1
2725 0.7119726409396823 -0.05259895879556289 0.1
2726 13.48008301158421 -4.247381738979254 0.1
2727 14.10252281238328 3.416018768136357 0.1
2728 0.7911698261316775 -0.04512806642504602 0.1
2729 0.499901745497363 -0.1482004502057747 0.1
2730 0.3550202333549304 -0.07104056204884121 0.1
2731 0.3599342293041973 -0.08093726522179774 0.1
2732 0.5040219407774744 -0.06790436517246073 0.1
2733 0.5197979785916427 -0.07871041001440267 0.1
2734 0.5242520603203469 -0.06794168701104761 0.1
2735 0.7516216459620022 -0.04868473917951199 0.1
2736 0.7578012011992764 -0.05784661796628816 0.1
2737 0.7308753135488605 -0.0507434011334776 0.1
2738 0.2849395284181618 -0.06710790417782364 0.1
2739 0.8107713508616837 -0.04043154607462432 0.1
2740 0.7713534911049499 -0.04598311636085525 0.1
2741 0.1092695183604114 -0.03356852795813232 0.1
2742 0.6035543665893712 -0.06162715073223547 0.1
2743 0.4252389576322225 -0.0695687543065798 0.1
2744 0.8297886359139067 -0.03700550317196939 0.1
2745 0.845839371638868 -0.0500453522276597 0.1
2746 0.5536735962070272 -0.06468671539365334 0.1
2747 0.5736597415515799 -0.06443982486264141 0.1
2748 0.6523649764514081 -0.05849210994528228 0.1
2749 -0.5087975184015329 0.0777919116371697 0.1
2750 0.6724018603705666 -0.05593510676392535 0.1
2751 0.6689223471173779 -0.06678018186670692 0.1
2752 0.4540140906331651 -0.06995985141579451 0.1
2753 0.395477560929995 -0.07110090168274304 0.1
2754 0.3450288619803761 -0.0708738950886639 0.1
2755 0.3397159875970593 -0.08070485951090428 0.1
2756 0.3285843887081573 -0.0818005866971413 0.1
2757 0.1950281555758795 -0.05601956057348648 0.1
2758 0.1988940026245813 -0.06768760300190051 0.1
2759 0.2552715769322512 -0.06453793354987636 0.1
2760 0.6415126890011965 -0.05991833697298808 0.1
2761 0.8340620337639512 -0.3387090271731521 0.1
2762 0.9098147025755902 -0.3278390479346658 0.1
2763 0.4152556935135119 -0.07260193929109295 0.1
2764 0.7021859649727771 -0.05420660082110002 0.1
2765 4.963864174313303 1.049130921722933 0.1
2766 0.2353787673205696 -0.06216868162284998 0.1
2767 0.484326502465756 -0.06851306501285609 0.1
2768 0.583995971133659 -0.06396565747466884 0.1
2769 0.8696632436344074 -0.03113525348441705 0.1
2770 0.3749346858053218 -0.07123808287400057 0.1
2771 0.378943173934677 -0.08096970161768602 0.1
2772 0.9174788303767341 -0.02464785695787557 0.1
2773 -1.867519926476174 -3.430106145219853 0.1
2774 0.6823046191105222 -0.05426764724250787 0.1
2775 0.8498283421012252 -0.03600779619410459 0.1
2776 0.8576282649684469 -0.04424437320325689 0.1
2777 0.8893967997836248 -0.02780197239733963 0.1
2778 0.9569253929318251 -0.01702404441645267 0.1
2779 0.9644117762442348 -0.02777606519107844 0.1
2780 12.59892422377661 -0.35999926135035 0.1
2781 0.2156060583544847 -0.05900281775423475 0.1
2782 0.2189079325819425 -0.06964630295139536 0.1
2783 0.1568959684087337 -0.04694865361045931 0.1
2784 0.1595373980760369 -0.05816600486544774 0.1
2785 0.1724334340515458 -0.06038207580183173 0.1
2786 0.9772920265701288 -0.01330080587520156 0.1
2787 0.3248861135631249 -0.07008951402050972 0.1
2788 -0.1867287891230215 0.3916997984107269 0.1
2789 0.3062373191705619 -0.07158053308194874 0.1
2790 0.1762543895747186 -0.04950614972078982 0.1
2791 0.1182959161398244 -0.03722818769770898 0.1
2792 0.8989108987678103 -0.02566877706044658 0.1
2793 0.1375527165630762 -0.04212395954363314 0.1
2794 0.8762476255147921 -0.03995724668891233 0.1
2795 2.044428784435452 0.9823877880862986 0.1
2796 3.141304373683337 0.5619290775594046 0.1
2797 3.436002187618525 4.242944521062084 0.1
2798 1.676361985929814 -1.783863703556076 0.1
2799 0.08967194655537702 -0.03093156164150266 0.1
2800 0.08175977876562707 -0.03924235537917389 0.1
2801 0.06800086673528898 -0.03433396461932079 0.1
2802 0.07220055279395222 -0.05160072409077905 0.1
2803 0.05570720928593527 -0.0478302411587153 0.1
2804 0.04325408389264643 -0.06078106900893035 0.1
2805 0.03953957091286497 -0.04326416666257365 0.1
2806 0.09360917586487917 -0.04367585870363547 0.1
2807 -1.941225796173263 -0.8453744783380686 0.1
2808 0.8879285518009273 -0.114303589958391 0.1
2809 0.938858334797501 -0.0201445689252369 0.1
2810 0.07067396495063942 -0.02355571466565147 0.1
2811 2.118485425008617 2.525771591687512 0.1
2812 0.05063159644269587 -0.02092676383191371 0.1
2813 14.20791512640237 1.555385089055398 0.1
2814 -0.1604781048062762 -0.09024374182968434 0.1
2815 0.765602628638021 -0.3380804678248087 0.1
2816 0.1857658800121237 -0.06535000493660553 0.1
2817 0.1740333025568615 -0.07549176753534881 0.1
2818 -0.9482187322882065 -1.271631533203375 0.1
2819 -0.9136337409145885 -2.60919733537631 0.1
2820 4.133457000223965 -1.489938699867188 0.1
2821 0.1858557777751233 -0.3576424451363105 0.1
2822 3.211297466425934 -1.028743742433461 0.1
2823 0.9883343258005213 -0.01235587907256079 0.1
2824 0.01252760874374154 -0.01057806487040398 0.1
2825 0.02237335525836342 -0.01343992887429818 0.1
2826 0.02467559479503972 -0.02511647691518838 0.1
2827 -1.628651541115934 -0.5795679894006344 0.1
2828 -2.003633705733487 -0.3983759408420884 0.1
2829 -2.386623143384685 -0.6676568839009573 0.1
2830 -0.4460294018522211 -0.6494878270766691 0.1
2831 1.057890222002732 -0.1592119411105954 0.1
2832 1.130597731242952 -0.1444403736581621 0.1
2833 1.123144631287997 -0.08707824356566765 0.1
2834 0.7763942990520999 -0.1316517883951521 0.1
2835 1.011053667338822 -0.02012162627252111 0.1
2836 0.05273730396949169 -0.03309374054862319 0.1
2837 0.129417446511016 -0.05096236948393373 0.1
2838 0.04229558414423799 -0.01708470685510921 0.1
2839 1.025334611019695 -0.2957595439457639 0.1
2840 3.407493008885456 -3.333859582658969 0.1
2841 -0.419302888365547 0.7307721083293212 0.1
2842 12.30211881942938 -1.2023983157383 0.1
2843 -0.0985182553900899 -2.604442673798767 0.1
2844 0.7978048626577632 -0.05259145651399282 0.1
2845 0.3498992431483932 -0.1815458932521174 0.1
2846 0.08158111113770268 -0.06755597474963448 0.1
2847 0.2380853746239835 -1.743652589480676 0.1
2848 -3.324533662127841 -3.312563226010706 0.1
2849 -0.0495797961529874 -0.1457258573350446 0.1
2850 0.7284809870041633 -0.1172897197081116 0.1
2851 -0.8391401917566279 3.594819420646638 0.1
2852 0.2382264026148456 -0.412468592724202 0.1
2853 1.092969930145715 -0.04140454712715423 0.1
2854 -4.274342718869033 -0.7431247201951627 0.1
2855 -2.71758167160004 -1.60302801752006 0.1
2856 0.2389404772946838 -0.07272210404415191 0.1
2857 6.333138062117456 4.230312380970977 0.1
2858 0.5739060794278917 -0.1376898467774099 0.1
2859 0.7853119088340577 -0.1125129519461914 0.1
2860 0.2945935126019287 -0.1753867027450012 0.1
2861 0.0004881301339785179 0.05630520322167051 0.1
2862 0.03247253522661491 0.0747603897930004 0.1
2863 0.07813595780909174 0.0302697533663757 0.1
2864 -0.1197912960568523 0.2864602375024997 0.1
2865 0.4892694673793995 -0.1719832784569245 0.1
2866 0.8659602448275834 -0.1048172263628064 0.1
2867 0.3214530387370044 -0.1948180238290264 0.1
2868 0.3355036493990848 -0.0927265531997491 0.1
2869 0.2809594123997782 -0.09284851756823906 0.1
2870 -1.47950234117755 1.078577307533209 0.1
2871 0.5167669317805496 -0.1337726368084488 0.1
2872 -2.09714645831512 0.4379942883712384 0.1
2873 -2.32484679544014 0.9065868074367944 0.1
2874 9.820350598510021 -3.362273478969151 0.1
2875 0.3039557265784921 -0.321241658179606 0.1
2876 1.935607964587581 0.5989499007403876 0.1
2877 0.34712992278244 -0.1554249838877059 0.1
2878 0.5996895824930518 -0.2927539616031021 0.1
2879 0.396029306121112 -0.1427601363090121 0.1
2880 0.4354393621700189 -0.1328799124077658 0.1
2881 0.5453205733494422 -0.1741709944675665 0.1
2882 0.712478528490984 -1.041569094862326 0.1
2883 0.3899357209584137 -0.9794709364505515 0.1
2884 -0.02088579156324854 -0.008797012085444823 0.1
2885 -0.9620978883906182 1.669600890949369 0.1
2886 10.52275080637902 4.273995345570256 0.1
2887 0.689183098034076 -0.2786484609873663 0.1
2888 8.806455997481482 -3.396194747930994 0.1
2889 1.030359681295652 -0.008116255718046793 0.1
2890 1.051545607655309 0.01465980311442644 0.1
2891 1.01602539275514 0.0535994820235354 0.1
2892 1.019953848195012 0.01401423123958441 0.1
2893 0.9972718122504635 0.02051420115421819 0.1
2894 0.9771795241319203 0.04214160345075077 0.1
2895 0.9759727205549045 0.08432057114175379 0.1
2896 -0.07228805424667303 -1.027165019259692 0.1
2897 7.862932615282318 -3.42521624637928 0.1
2898 0.1778654339669568 -0.09257843327645485 0.1
2899 -0.61239454719649 -0.03977106077879058 0.1
2900 0.7796614228366593 -0.2708342370860844 0.1
2901 0.8707015160548321 -0.2751043414266175 0.1
2902 0.5347945524507129 -0.06715146293018687 0.1
2903 0.9252322031196878 -0.2728531472917346 0.1
2904 0.03334300182811731 0.3166027485499864 0.1
2905 0.9040360539457345 -0.5734061343238488 0.1
2906 0.7193419239724883 0.6736638715536913 0.1
2907 0.03106247788907661 0.04353828583247315 0.1
2908 0.05979663563191018 0.05364810317672687 0.1
2909 0.06646508699904159 0.09632016527338196 0.1
2910 0.09045195714185357 0.06653276278983394 0.1
2911 0.1004290939067262 0.09743119304446529 0.1
2912 0.1227589588662677 0.07422289669802047 0.1
2913 0.1515044957948514 0.09476570952612831 0.1
2914 0.1465214691214861 0.0691491750393117 0.1
2915 0.1701266181547823 0.07467305387713657 0.1
2916 0.179125465811815 0.1008001095977026 0.1
2917 0.1908877505605834 0.07847656061399867 0.1
2918 0.2070211824093882 0.09801031517671845 0.1
2919 0.2237719005757046 0.07890748653867144 0.1
2920 0.2341229300127582 0.1029289090959279 0.1
2921 0.2279497541784548 0.06264759126001834 0.1
2922 0.1672495965660198 0.1277578592658304 0.1
2923 0.2429939438685159 0.0872375687785133 0.1
2924 0.2602679039432133 0.1016569425999694 0.1
2925 0.2505235174296297 0.1282896750868385 0.1
2926 0.2823240520802521 0.1260043685935011 0.1
2927 0.2886018489486718 0.09823735337158097 0.1
2928 0.2722427237075076 0.08260894264426794 0.1
2929 0.1115825711441165 0.05440999327826063 0.1
2930 0.2369847099983029 0.06076738434282045 0.1
2931 0.3130644618378778 0.115501290404971 0.1
2932 0.3432776276324297 0.1264659538303634 0.1
2933 0.3353002009254284 0.09804353567592751 0.1
2934 0.3450497001587638 0.07047204609327357 0.1
2935 0.3631759327103762 0.1015042766814339 0.1
2936 0.3760236257607621 0.132821935503892 0.1
2937 0.3886835137350471 0.1065542679659922 0.1
2938 0.4092980124899355 0.1308961936116592 0.1
2939 0.4300442902558146 0.1076719749686018 0.1
2940 0.4390539841742777 0.1332709844060692 0.1
2941 0.4575728753398574 0.1074773802509231 0.1
2942 0.4768380998347015 0.1458773634991181 0.1
2943 0.4869737030124287 0.1105638844677862 0.1
2944 0.4935544254567149 0.07106016166894338 0.1
2945 0.4754479253772454 0.09453862221304783 0.1
2946 0.4950864470270473 0.0886045108356236 0.1
2947 0.5126651416114033 0.1034984232704693 0.1
2948 0.4411915465348051 0.08846306015303429 0.1
2949 0.4231952744865311 0.08575832957083092 0.1
2950 0.3546223472953611 0.1640649970708402 0.1
2951 0.5126744029639891 0.08519486975360986 0.1
2952 0.5313016688587244 0.09458200713039389 0.1
2953 0.5266853058507044 0.0774777472169336 0.1
2954 0.5445823512082359 0.08157182003358908 0.1
2955 0.5523743620882804 0.1040155929963636 0.1
2956 0.5574391784876093 0.07398697305952809 0.1
2957 0.5300865651035905 0.1173063145139414 0.1
2958 0.5596558787183665 0.1343110293452155 0.1
2959 0.582833931690087 0.1092279139585206 0.1
2960 0.6225279267258228 0.1159313485882656 0.1
2961 0.6057664864029848 0.0890039940168791 0.1
2962 0.6362535349360425 0.08645729051776552 0.1
2963 0.6545139927132981 0.1153819974726321 0.1
2964 0.6660372789986015 0.087071387889558 0.1
2965 0.582910453340897 0.08780823164848937 0.1
2966 0.689959401986887 0.1124181787239767 0.1
2967 0.6935341525851133 0.08224801236402801 0.1
2968 0.7254520544555236 0.08285337551738399 0.1
2969 0.4597263491422454 0.08270811993474284 0.1
2970 0.4837663183858181 0.0680011642042011 0.1
2971 0.3338549273935433 0.07201689970683886 0.1
2972 0.338609250656874 0.08163820678850714 0.1
2973 0.3541131123779628 0.08196873949874706 0.1
2974 0.3793112842045911 0.08841314228483502 0.1
2975 0.6200029789284789 0.07643295174593714 0.1
2976 0.08001638753660716 0.04463518002580699 0.1
2977 0.5045046577140531 0.07541228547187198 0.1
2978 0.6515861639575241 0.07351492550490475 0.1
2979 0.4229396519017222 0.07358175172209053 0.1
2980 0.3250567187537573 0.08397608541374771 0.1
2981 0.6787107831712715 0.07169129850801882 0.1
2982 0.3962695160544161 0.08455052453281692 0.1
2983 0.6641906910460755 0.06886672833188637 0.1
2984 0.6407335554656592 0.06741553734604663 0.1
2985 0.5624046529435025 0.1757884240939215 0.1
2986 0.6044640508803273 0.07210388411439428 0.1
2987 0.6116778255692503 0.06351693452539049 0.1
2988 -0.946393943458632 0.09783548823266147 0.1
2989 -0.03663600259936303 -0.04782500008125108 0.1
2990 0.4740827650618714 -0.06950556853824463 0.1
2991 0.354887930275789 0.06948060784043676 0.1
2992 0.1793410483986726 -0.1169500682160261 0.1
2993 0.6136536663754055 -0.1421840239585118 0.1
2994 -0.2408752552252899 0.06301580175238029 0.1
2995 -0.3473918874064993 0.02229702706860031 0.1
2996 0.2168287225028106 0.06167280714755769 0.1
2997 0.1958741563082034 0.05970079072801794 0.1
2998 0.5346512022292401 0.06769236623599779 0.1
2999 0.5245324896081914 0.06607665393302818 0.1
3000 1.076454062876892 -0.0766135511018739 0.1
3001 2.003884368741124 -1.843201816824987 0.1
3002 2.981943675148316 3.617214407006236 0.1
3003 0.6823394827803174 0.05704646440053246 0.1
3004 0.565257511609242 0.08897237665662353 0.1
3005 0.5288721120278725 -0.1524042145111928 0.1
3006 1.657951437531845 -0.2625136183817055 0.1
3007 1.726604982550457 -0.6680653012902766 0.1
3008 0.593055386964888 -0.1514905732960362 0.1
3009 0.6357693991508118 -0.1559798977411313 0.1
3010 0.6746920262054187 -0.1414013940862151 0.1
3011 2.625840226865973 0.8734891315282615 0.1
3012 0.0969308272920521 0.04490079917636766 0.1
3013 0.1196902963834921 0.04488089181990707 0.1
3014 0.09075667865025587 0.03445694945045865 0.1
3015 0.130261682384507 0.05428869476294011 0.1
3016 0.1462190599772569 0.05312090175625633 0.1
3017 0.0670365079201059 0.03476976599528016 0.1
3018 1.130137678475829 -0.209152815091831 0.1
3019 0.6976906554707902 -0.06326243210686694 0.1
3020 1.067252476789113 0.06838915924899917 0.1
3021 0.7648432318780269 -0.153810148985589 0.1
3022 0.6443965292611973 0.1472758323642015 0.1
3023 0.9234147665573146 -0.1498284322087582 0.1
3024 0.6623252012287736 0.0566821208237983 0.1
3025 0.4037012824758401 -0.08198745126095115 0.1
3026 0.2074691888721906 0.07200899472956568 0.1
3027 0.6338554411238598 -0.1271047328870839 0.1
3028 0.4463644812539674 0.0728315292447715 0.1
3029 0.2569545481422679 0.07950318519113585 0.1
3030 0.04512835205920953 1.795263269334786 0.1
3031 0.23145332691169 -0.4961689993809878 0.1
3032 0.9742425409920705 -0.02381741660760709 0.1
3033 0.7474810210874613 -0.05743628121647384 0.1
3034 0.5833828489772029 0.06274033207072206 0.1
3035 0.6749197255773827 -0.07723084356454805 0.1
3036 0.4644165626153525 0.06920976046666813 0.1
3037 14.34971471326496 -0.5000000000067126 0.1
3038 0.07212730084904703 -0.5392203479877701 0.1
3039 0.5821140752953753 -1.406595450695885 0.1
3040 0.5691478057832041 -0.07316092998569843 0.1
3041 -0.4153554179711499 0.9713583034928407 0.1
3042 0.31351232625243 0.07762997692292012 0.1
3043 0.3102684931762945 0.09300270120930809 0.1
3044 0.2184413898067952 0.1276375937605712 0.1
3045 2.545353601662646 3.035064504017887 0.1
3046 1.013748660848908 -0.006275206976473906 0.1
3047 0.8907583188025756 1.6453079618865 0.1
3048 0.06265421530623808 -0.1635857321458177 0.1
3049 -0.001000933909707519 -0.2238018457255322 0.1
3050 0.06072190549109965 0.0225725079781922 0.1
3051 0.07030131209024347 0.02498095009850487 0.1
3052 0.2531278393080368 0.06572312957625899 0.1
3053 -0.6738149467185135 -1.203995531220022 0.1
3054 0.908029652869173 -0.03299771955518876 0.1
3055 0.2709408072699633 0.3271212604863485 0.1
3056 0.5796474506393617 -0.5702935091779237 0.1
3057 -0.01323833212307206 -0.1444969071689605 0.1
3058 -0.1061291761129264 -0.1407908994048067 0.1
3059 -0.1458020996184175 -0.2031765990530884 0.1
3060 0.6583073042199534 -0.06636784335869067 0.1
3061 0.5513293822623239 -0.2906477213942259 0.1
3062 1.513636356899214 -0.6155408182441253 0.1
3063 0.3500964026080673 -0.07928418772098009 0.1
3064 0.7371608805984013 -0.05986251714282886 0.1
3065 0.4268785332953267 -0.0815021905511777 0.1
3066 0.3824279545225275 -0.09378792477238163 0.1
3067 0.5546609213264991 0.06340768162014283 0.1
3068 0.5637324259166153 0.0647179861138216 0.1
3069 0.6031109165637262 0.0604018891904547 0.1
3070 0.8857082267465635 -0.03689355038024157 0.1
3071 0.4694533066773838 -0.07877968381259842 0.1
3072 0.2493480401106355 -0.07410192695152173 0.1
3073 0.2588290888464337 -0.07396934922945143 0.1
3074 0.4983932653597901 -0.07666790676586355 0.1
3075 0.489643611021948 -0.07673537293839371 0.1
3076 1.366233669206876 0.5540591287206847 0.1
3077 1.112281197560166 0.6004360841887996 0.1
3078 0.3694702013595829 -0.07883799344362816 0.1
3079 0.5427105863459643 -0.07648481527861037 0.1
3080 0.857994637016908 -0.05644527407493101 0.1
3081 13.07601603019418 -1.012738736773526 0.1
3082 0.4999498156499376 0.3352269035692886 0.1
3083 0.4134957508872878 0.07029420127103467 0.1
3084 0.4110159100036433 0.08186836069464237 0.1
3085 1.848159352860845 -4.038874035421228 0.1
3086 -0.02070315459850447 -0.03033085215820756 0.1
3087 0.3900954453694876 -0.08200354099848138 0.1
3088 0.8598784379537507 -1.473871356190319 0.1
3089 0.02367252751379369 0.01395187723212453 0.1
3090 0.02466234274162989 0.02492522047467112 0.1
3091 0.03901946408814423 0.02603692147774605 0.1
3092 -2.311693830074654 -0.1013810272142 0.1
3093 0.2294648841287986 -0.06953920991197962 0.1
3094 0.6225490169101221 -0.05791335547803936 0.1
3095 0.6347367901049477 -0.06808085354551699 0.1
3096 0.5735289137725735 0.0735267820974585 0.1
3097 0.3949705383820559 0.07088930485493894 0.1
3098 6.53313662578495 1.387091341329484 0.1
3099 0.8167475313413894 -0.1471970158169048 0.1
3100 5.784438188342014 3.442506094295397 0.1
3101 0.1189793777489744 -0.04845100483668745 0.1
3102 4.329823007143911 3.25201830250481 0.1
3103 0.4789682999300451 0.07864957755438048 0.1
3104 0.6328102675734223 0.05850573293371394 0.1
3105 0.6292349688075036 0.06896723766864714 0.1
3106 0.2094946293632271 -0.06666355282342129 0.1
3107 -0.02162055145057148 -0.4592682731844471 0.1
3108 -0.3421579163454817 -0.3383357800531683 0.1
3109 0.1482924559014059 -0.0552850558020327 0.1
3110 0.1496641740145841 -0.06886443193013195 0.1
3111 0.1477997933671308 0.04325038914441343 0.1
3112 -0.1673553867365566 -0.03410293496292102 0.1
3113 0.1397045847946749 -0.05089525848388519 0.1
3114 0.5905555994758199 0.07453597887933712 0.1
3115 0.5219874762054544 -0.3516563123498444 0.1
3116 -3.502752541549081 -2.562139216419393 0.1
3117 0.2429365834456822 -0.0828702819864533 0.1
3118 -3.505380871703797 -1.756838115836863 0.1
3119 0.4578943113082746 -0.2972701955479379 0.1
3120 -4.267949192431584 4.267949192431323 0.1
3121 -4.26794919243038 -4.267949192429928 0.1
3122 6.418446707955804 -2.809316677296981 0.1
3123 3.442299181269658 1.689303516329856 0.1
3124 0.2768683229094061 0.06919363317356213 0.1
3125 0.2947335270604332 0.06959814934247396 0.1
3126 0.2997318466458528 0.08130579063188037 0.1
3127 1.093556662414913 0.01775164062952891 0.1
3128 0.9550959109340981 3.745724629186817 0.1
3129 0.2653517455621013 -0.5664321480412996 0.1
3130 13.04235962714349 -3.504182146446778 0.1
3131 7.339252224730892 -2.748269216422046 0.1
3132 0.1280881994084938 0.03902050200310112 0.1
3133 0.6050576571505668 -1.177229546823621 0.1
3134 14.26794919243146 -4.267949192431545 0.1
3135 14.26794919243111 4.267949192430846 0.1
3136 1.207833165979017 -0.09965193759488666 0.1
3137 -1.683592129145646 -0.2470815708599615 0.1
3138 0.02415794192406026 2.222382103315631 0.1
3139 13.43590059593744 2.45057059179179 0.1
3140 1.213437592194805 -0.7001557538342897 0.1
3141 0.9972323646892519 -0.02157713178340819 0.1
3142 0.1892947284385741 -0.1397589003731866 0.1
3143 -2.926878963518958 2.651881738261743 0.1
3144 0.09990790227787062 0.03307706181695325 0.1
3145 -2.728027838091509 -0.9632325302944835 0.1
3146 4.40476012550913 1.378557102649907 0.1
3147 0.1653380603587142 0.04863434474704723 0.1
3148 0.1597963192262201 0.05801655223894742 0.1
3149 0.1837019698403957 0.06528122724424743 0.1
3150 8.46609331910738 2.001695829587935 0.1
3151 0.4446413578427328 -0.0681872196354454 0.1
3152 0.9608716158189619 -0.04017101008174774 0.1
3153 1.546038628828216 -0.81778785450372 0.1
3154 0.01595558378728517 0.122460076508998 0.1
3155 0.9158184748022099 0.3806034405028212 0.1
3156 0.6893060175166138 0.06568758402966585 0.1
3157 0.7026500210451082 0.063850574276534 0.1
3158 0.7018745623863559 0.05203521600757713 0.1
3159 0.7119434908362761 0.05228476482265833 0.1
3160 0.7174020204279283 0.06470680218633582 0.1
3161 0.7321836334509259 0.06234269579211495 0.1
3162 0.7459583386579901 0.0766248814407535 0.1
3163 0.7408257606808086 0.09997557871344157 0.1
3164 0.7484983417241926 0.06100342429875014 0.1
3165 0.7654923617121814 0.07156312195353254 0.1
3166 0.7407758754112909 0.05168215163618162 0.1
3167 0.7316089312495593 0.04985068748872575 0.1
3168 0.7633387457974298 0.09731773840155958 0.1
3169 0.7877001824396865 0.08301846924599897 0.1
3170 0.7838826524818614 0.0622495423117123 0.1
3171 0.8049913284070298 0.06350971532569109 0.1
3172 0.83506093525782 0.06640878766137501 0.1
3173 0.850181355291005 0.03815406766319759 0.1
3174 0.867696655436741 0.07278781700799875 0.1
3175 0.8030491716503191 0.04569637739503193 0.1
3176 0.8551375882383045 0.05609816179469369 0.1
3177 0.8394250336334216 0.0357052165850098 0.1
3178 0.8310773319174345 0.03614415219214072 0.1
3179 0.7637703214502817 0.05622604023006282 0.1
3180 0.8625723574321355 0.04089695340323526 0.1
3181 0.8784591505060561 0.04530812960634252 0.1
3182 0.8999051775974112 0.02656972721337688 0.1
3183 0.8974351049483906 0.06540431990207635 0.1
3184 0.8901578765347312 0.02645086402005852 0.1
3185 0.8964883022138576 0.03921020062203418 0.1
3186 0.9201372317660579 0.04971039961172746 0.1
3187 0.911335774537104 0.03439782852313809 0.1
3188 0.9350157224232787 0.03390876885556753 0.1
3189 0.9486545827109349 0.05565053485649865 0.1
3190 0.8816964927133771 0.03078115517243614 0.1
3191 0.9564270497528981 0.03598728127515896 0.1
3192 0.9633980842690338 0.01909185818399991 0.1
3193 0.9090861051651313 0.02317711792909123 0.1
3194 0.7095704545683623 0.07813159121509469 0.1
3195 0.930365768408304 0.02313625905231026 0.1
3196 0.7232095997522432 -0.06073082684811685 0.1
3197 0.8064577515769872 -0.04971675894119301 0.1
3198 0.8371393719585684 -0.0626914190402126 0.1
3199 0.1860166635742723 0.05386966278191581 0.1
3200 1.212703345931528 -0.2643603328713213 0.1
3201 0.08599123280187415 -0.9779165835031485 0.1
3202 0.7618071831516293 -0.06927821997951475 0.1
3203 0.03991497559883937 -0.02855795433815237 0.1
3204 -0.5833003706676957 -0.555821939293369 0.1
3205 0.8112423261309814 0.03971004378703329 0.1
3206 0.8186973221970792 0.0504373832727409 0.1
3207 0.8856652228367468 0.1061344426979843 0.1
3208 0.5039627148614931 0.06675116742016241 0.1
3209 11.14529823275009 3.462191050291957 0.1
3210 2.048885997835763 -0.07606800042460049 0.1
3211 0.7338228672657475 0.3050607235132191 0.1
3212 0.2339999561921984 0.162671366815503 0.1
3213 0.2997579746193018 -0.07784177791311224 0.1
3214 -0.02934301117961609 0.00877371060632938 0.1
3215 0.3636583580103293 0.2090452440409412 0.1
3216 4.656438519875142 -1.374291901617251 0.1
3217 0.2862928017226316 0.07796569723626276 0.1
3218 0.7933328347956552 0.05272494786614456 0.1
3219 0.7835189776125967 0.04636811319548768 0.1
3220 0.43290641317221 0.1692834171948478 0.1
3221 0.8597885599436601 0.0321910934601371 0.1
3222 2.089682915810282 3.617862312557276 0.1
3223 0.7615926346907282 0.04591265531144673 0.1
3224 0.5911866946934774 -0.07210179786367804 0.1
3225 0.9377470724504593 0.01786097198107231 0.1
3226 -0.05914055976469556 0.3501696680403029 0.1
3227 0.2828253991475116 -0.07722134033969763 0.1
3228 0.7467178913129802 0.1235140524276377 0.1
3229 0.7114377733823121 0.1395294871527308 0.1
3230 -4.323629760965307 0.6020519807914688 0.1
3231 0.9736498876432857 -0.07590613820329747 0.1
3232 0.4079533803740854 -0.1630130857175475 0.1
3233 0.866460782361855 -0.03959921679808151 0.1
3234 0.3746043144389423 0.07351711523078541 0.1
3235 0.967199981904721 -0.3215936396831692 0.1
3236 1.955263724051248 -2.716365971832429 0.1
3237 -0.4500819495654723 -3.473912860626025 0.1
3238 -0.002083713312544626 -0.03497482430354087 0.1
3239 0.009456995752620698 -0.02119094725344412 0.1
3240 0.160072301114469 0.162071821615808 0.1
3241 1.209230544290812 0.04950224414354975 0.1
3242 -0.04458439278277419 0.118745914621411 0.1
3243 0.5366218733358866 -0.09069889886657584 0.1
3244 0.702957030276206 0.1790006296907085 0.1
3245 0.6600330217419593 0.1862575873854686 0.1
3246 13.53314107075698 -2.901760528577289 0.1
3247 0.02928456417207273 -0.2527626046676229 0.1
3248 0.1551439297346883 -0.1222369871338184 0.1
3249 0.1262004633498933 -1.984155315413703 0.1
3250 0.83573923487131 0.04597530916324948 0.1
3251 5.584408141663109 -2.890235463793242 0.1
3252 0.4610970561270953 -0.09518053659376319 0.1
3253 -0.4771650762180062 -2.480475280997199 0.1
3254 0.3147907354388544 0.06786441284606091 0.1
3255 0.924737399461447 -0.02922655418646432 0.1
3256 -0.06635798927462058 -3.026227691897476 0.1
3257 0.8222838705810076 0.1153182674442178 0.1
3258 0.7954295984663498 0.477010326736836 0.1
3259 0.505296834473241 0.124509348558001 0.1
3260 0.6419141923855318 0.05712611319392855 0.1
3261 0.609322259269363 -0.06861526680555005 0.1
3262 1.527900610323489 -1.058023283091875 0.1
3263 0.09538620312877499 0.1294925098937485 0.1
3264 0.7085735105741895 0.09620016627635099 0.1
3265 0.9170986190070876 0.8078884343269114 0.1
3266 0.2767432336570377 0.1616038306423508 0.1
3267 -0.05892313908977013 -0.03616385079875414 0.1
3268 0.4212934476824844 0.567129921950324 0.1
3269 1.280566903907811 -0.2329152907068049 0.1
3270 0.2397156840308811 0.07222244188632714 0.1
3271 0.962831834735097 -0.6491357397267656 0.1
3272 0.3169391036616934 -0.07870557289714125 0.1
3273 0.5096137320488752 0.1889087689870523 0.1
3274 0.05146101780733639 0.0334704328929642 0.1
3275 -0.8172403533879153 -1.846365995235506 0.1
3276 0.02483809432481127 -0.03997023361285722 0.1
3277 1.953162405349423 -0.9398621952219433 0.1
3278 0.3540609098621487 0.8597315386871216 0.1
3279 1.517554021987285 -4.536181064892121 0.1
3280 0.2784796558819821 -0.1077629308326166 0.1
3281 13.48952613824717 -2.273770152159057 0.1
3282 0.08522557319654876 -0.05218707188775623 0.1
3283 0.1930137432785131 0.1213995706972497 0.1
3284 3.062530776647844 -3.992205305472165 0.1
3285 0.161905223311003 -0.0697376062051587 0.1
3286 -1.534166896430307 3.64557711202944 0.1
3287 0.8013668988705415 -0.3091784696748215 0.1
3288 0.4715590598103492 -0.3440087332166932 0.1
3289 2.976516559648471 -1.380128921448842 0.1
3290 -0.1869500570737059 0.01251046074497474 0.1
3291 0.1191560067521889 0.0358113632535358 0.1
3292 -0.0743275165469507 -0.2455393593868798 0.1
3293 0.04193254843269124 0.01651864643548357 0.1
3294 0.02074559119764017 0.6563428323674052 0.1
3295 -0.03300969410128022 -0.18477697009806 0.1
3296 1.219727698471834 0.4144119343513694 0.1
3297 -0.9364803263234445 -4.000291298440002 0.1
3298 0.3673391321881168 0.08336658204420187 0.1
3299 0.008025072533931159 -0.04967986753421863 0.1
3300 -0.4056993707583181 0.1685348050180201 0.1
3301 1.090289927768249 0.1670567902592082 0.1
3302 0.4098072629632004 0.09899602140155075 0.1
3303 0.4606440019397356 -1.662000173135893 0.1
3304 11.99470419417839 3.62849100140628 0.1
3305 -4.215310180658389 -0.01663456943740014 0.1
3306 0.02419264731823787 0.1625480627331883 0.1
$EndNodes
$Elements
9390
1 2 2 1 1 1081 1580 1639
2 2 2 1 1 1409 1245 1612
3 2 2 1 1 1210 1268 1472
4 2 2 1 1 949 1196 1296
5 2 2 1 1 1167 1193 1506
6 2 2 1 1 956 678 1889
7 2 2 1 1 1239 1184 1711
8 2 2 1 1 1581 1555 1714
9 2 2 1 1 860 981 1133
10 2 2 1 1 1532 1541 1881
11 2 2 1 1 955 816 1415
12 2 2 1 1 1126 711 1286
13 2 2 1 1 1174 556 1430
14 2 2 1 1 1020 1015 1132
15 2 2 1 1 1013 1019 1747
16 2 2 1 1 1300 977 1420
17 2 2 1 1 671 664 699
18 2 2 1 1 1559 957 1639
19 2 2 1 1 1727 1131 1729
20 2 2 1 1 1116 740 1286
21 2 2 1 1 1647 1080 1714
22 2 2 1 1 700 1292 1847
23 2 2 1 1 1028 1013 1747
24 2 2 1 1 1030 964 1721
25 2 2 1 1 1361 1237 1385
26 2 2 1 1 1204 537 1729
27 2 2 1 1 603 1216 1420
28 2 2 1 1 1333 776 1355
29 2 2 1 1 1521 1519 1587
30 2 2 1 1 962 817 975
31 2 2 1 1 563 1163 1328
32 2 2 1 1 1104 1042 1109
33 2 2 1 1 900 1119 1191
34 2 2 1 1 1175 1095 1839
35 2 2 1 1 1604 1620 1638
36 2 2 1 1 1313 841 1407
37 2 2 1 1 1620 894 1638
38 2 2 1 1 948 911 1479
39 2 2 1 1 872 1195 1339
40 2 2 1 1 1162 539 1343
41 2 2 1 1 1573 1572 1586
42 2 2 1 1 1580 1647 1714
43 2 2 1 1 814 968 1457
44 2 2 1 1 1015 1016 1132
45 2 2 1 1 1571 1570 1572
46 2 2 1 1 1324 1003 1426
47 2 2 1 1 1524 1523 1525
48 2 2 1 1 1213 1727 1729
49 2 2 1 1 813 963 964
50 2 2 1 1 537 1213 1729
51 2 2 1 1 1196 892 1296
52 2 2 1 1 72 71 1803
53 2 2 1 1 1150 531 1306
54 2 2 1 1 814 813 968
55 2 2 1 1 1263 1033 1897
56 2 2 1 1 1009 1007 1250
57 2 2 1 1 970 1184 1239
58 2 2 1 1 851 1220 1272
59 2 2 1 1 556 1174 1384
60 2 2 1 1 849 850 1260
61 2 2 1 1 1216 1300 1420
62 2 2 1 1 746 747 798
63 2 2 1 1 1029 913 1677
64 2 2 1 1 961 1209 1408
65 2 2 1 1 660 1248 1269
66 2 2 1 1 1077 1071 1831
67 2 2 1 1 757 755 1258
68 2 2 1 1 1193 1194 1506
69 2 2 1 1 1059 1058 1874
70 2 2 1 1 1153 1227 1228
71 2 2 1 1 693 971 972
72 2 2 1 1 1149 950 1835
73 2 2 1 1 874 1195 1215
74 2 2 1 1 1210 1104 1268
75 2 2 1 1 790 1372 1512
76 2 2 1 1 1288 1190 1325
77 2 2 1 1 1195 872 1215
78 2 2 1 1 841 1313 1314
79 2 2 1 1 962 975 976
80 2 2 1 1 1093 1553 1870
81 2 2 1 1 556 559 1430
82 2 2 1 1 784 782 1450
83 2 2 1 1 904 905 906
84 2 2 1 1 860 858 981
85 2 2 1 1 1159 1003 1322
86 2 2 1 1 909 911 948
87 2 2 1 1 531 1189 1306
88 2 2 1 1 898 664 1652
89 2 2 1 1 1062 1663 1881
90 2 2 1 1 534 1146 1318
91 2 2 1 1 545 1172 1284
92 2 2 1 1 968 964 983
93 2 2 1 1 820 816 955
94 2 2 1 1 807 806 813
95 2 2 1 1 1129 636 1815
96 2 2 1 1 1119 900 1205
97 2 2 1 1 1564 542 1610
98 2 2 1 1 1028 1443 1629
99 2 2 1 1 1162 936 1344
100 2 2 1 1 809 817 962
101 2 2 1 1 1176 1783 1785
102 2 2 1 1 927 1235 1280
103 2 2 1 1 537 1204 1465
104 2 2 1 1 782 785 1450
105 2 2 1 1 1152 1307 1821
106 2 2 1 1 585 587 1407
107 2 2 1 1 1237 1361 1362
108 2 2 1 1 799 798 806
109 2 2 1 1 715 718 719
110 2 2 1 1 1066 1061 1823
111 2 2 1 1 535 556 1384
112 2 2 1 1 1073 1071 1077
113 2 2 1 1 944 950 1149
114 2 2 1 1 1099 1523 1524
115 2 2 1 1 1184 1186 1711
116 2 2 1 1 1799 658 1806
117 2 2 1 1 1104 1109 1825
118 2 2 1 1 1097 1095 1175
119 2 2 1 1 1546 1544 1584
120 2 2 1 1 964 966 1721
121 2 2 1 1 1259 927 1280
122 2 2 1 1 746 745 747
123 2 2 1 1 534 1144 1146
124 2 2 1 1 747 903 1310
125 2 2 1 1 743 745 746
126 2 2 1 1 1170 899 1452
127 2 2 1 1 586 583 1433
128 2 2 1 1 1183 707 1184
129 2 2 1 1 977 1300 1389
130 2 2 1 1 568 571 1699
131 2 2 1 1 976 975 1197
132 2 2 1 1 1575 1573 1589
133 2 2 1 1 915 906 919
134 2 2 1 1 960 849 1260
135 2 2 1 1 1399 1057 1475
136 2 2 1 1 964 963 966
137 2 2 1 1 803 809 812
138 2 2 1 1 655 650 693
139 2 2 1 1 950 949 1296
140 2 2 1 1 1017 1009 1250
141 2 2 1 1 626 595 1308
142 2 2 1 1 850 1211 1260
143 2 2 1 1 715 646 718
144 2 2 1 1 1903 1660 1906
145 2 2 1 1 1151 675 1308
146 2 2 1 1 1103 1633 1856
147 2 2 1 1 533 1161 1168
148 2 2 1 1 874 870 1195
149 2 2 1 1 1065 1061 1066
150 2 2 1 1 843 663 1261
151 2 2 1 1 934 936 1162
152 2 2 1 1 693 972 1170
153 2 2 1 1 971 643 1599
154 2 2 1 1 813 806 963
155 2 2 1 1 630 610 1667
156 2 2 1 1 678 956 1517
157 2 2 1 1 1144 534 1199
158 2 2 1 1 798 747 1310
159 2 2 1 1 1209 51 1408
160 2 2 1 1 1523 1521 1540
161 2 2 1 1 983 964 1030
162 2 2 1 1 1099 1533 1851
163 2 2 1 1 852 851 1272
164 2 2 1 1 596 585 1407
165 2 2 1 1 89 88 1786
166 2 2 1 1 740 1116 1285
167 2 2 1 1 1198 545 1739
168 2 2 1 1 803 804 809
169 2 2 1 1 806 798 808
170 2 2 1 1 684 1129 1218
171 2 2 1 1 1518 1702 1885
172 2 2 1 1 674 1269 1484
173 2 2 1 1 1277 1057 1399
174 2 2 1 1 711 1126 1658
175 2 2 1 1 920 919 1120
176 2 2 1 1 903 801 904
177 2 2 1 1 1482 1340 1616
178 2 2 1 1 58 59 1264
179 2 2 1 1 659 1789 1861
180 2 2 1 1 996 994 1207
181 2 2 1 1 854 812 855
182 2 2 1 1 719 718 1903
183 2 2 1 1 545 55 1172
184 2 2 1 1 776 1333 1356
185 2 2 1 1 906 905 907
186 2 2 1 1 907 909 947
187 2 2 1 1 816 814 823
188 2 2 1 1 675 1151 1241
189 2 2 1 1 650 643 971
190 2 2 1 1 766 1234 1620
191 2 2 1 1 781 803 853
192 2 2 1 1 1163 563 1684
193 2 2 1 1 919 973 1141
194 2 2 1 1 1221 879 1321
195 2 2 1 1 1189 531 1289
196 2 2 1 1 1176 1177 1783
197 2 2 1 1 809 810 817
198 2 2 1 1 750 752 801
199 2 2 1 1 1023 69 1504
200 2 2 1 1 1211 850 1212
201 2 2 1 1 928 1138 1863
202 2 2 1 1 904 801 905
203 2 2 1 1 858 856 863
204 2 2 1 1 856 855 1156
205 2 2 1 1 583 581 1433
206 2 2 1 1 858 863 981
207 2 2 1 1 919 906 973
208 2 2 1 1 1003 1000 1426
209 2 2 1 1 838 820 847
210 2 2 1 1 1383 873 1665
211 2 2 1 1 794 1330 1331
212 2 2 1 1 1245 1246 1612
213 2 2 1 1 548 1169 1692
214 2 2 1 1 947 909 948
215 2 2 1 1 854 855 856
216 2 2 1 1 1292 1254 1847
217 2 2 1 1 911 913 951
218 2 2 1 1 1338 1214 1750
219 2 2 1 1 62 534 1318
220 2 2 1 1 922 1139 1636
221 2 2 1 1 605 601 627
222 2 2 1 1 718 720 1903
223 2 2 1 1 610 997 1667
224 2 2 1 1 600 597 601
225 2 2 1 1 566 567 568
226 2 2 1 1 1372 1373 1512
227 2 2 1 1 562 565 566
228 2 2 1 1 1156 855 1157
229 2 2 1 1 1130 922 1636
230 2 2 1 1 1056 1058 1059
231 2 2 1 1 993 630 994
232 2 2 1 1 593 589 597
233 2 2 1 1 747 750 903
234 2 2 1 1 577 573 589
235 2 2 1 1 557 561 562
236 2 2 1 1 1532 1530 1607
237 2 2 1 1 997 627 998
238 2 2 1 1 957 1559 1560
239 2 2 1 1 951 913 1029
240 2 2 1 1 847 820 1910
241 2 2 1 1 1161 1424 1750
242 2 2 1 1 1035 1033 1263
243 2 2 1 1 54 545 1198
244 2 2 1 1 1358 1149 1379
245 2 2 1 1 1354 1374 1676
246 2 2 1 1 568 569 571
247 2 2 1 1 996 1207 1257
248 2 2 1 1 1279 760 1476
249 2 2 1 1 981 863 1179
250 2 2 1 1 758 760 1279
251 2 2 1 1 531 1150 1317
252 2 2 1 1 1798 658 1799
253 2 2 1 1 916 922 1130
254 2 2 1 1 571 572 573
255 2 2 1 1 1196 1604 1638
256 2 2 1 1 1135 888 1646
257 2 2 1 1 1562 542 1564
258 2 2 1 1 1758 1053 1759
259 2 2 1 1 73 72 1803
260 2 2 1 1 1153 1228 1487
261 2 2 1 1 5 818 1657
262 2 2 1 1 1103 1570 1571
263 2 2 1 1 789 1332 1333
264 2 2 1 1 994 995 1136
265 2 2 1 1 720 742 743
266 2 2 1 1 1428 966 1509
267 2 2 1 1 986 722 1670
268 2 2 1 1 978 891 1134
269 2 2 1 1 870 868 1114
270 2 2 1 1 1517 1247 1869
271 2 2 1 1 1519 1518 1885
272 2 2 1 1 1424 550 1750
273 2 2 1 1 554 1214 1338
274 2 2 1 1 684 639 1129
275 2 2 1 1 1307 1152 1617
276 2 2 1 1 822 980 1659
277 2 2 1 1 1061 1105 1823
278 2 2 1 1 678 671 1889
279 2 2 1 1 922 925 1139
280 2 2 1 1 1109 1495 1825
281 2 2 1 1 1143 732 1766
282 2 2 1 1 1225 568 1699
283 2 2 1 1 555 544 557
284 2 2 1 1 998 999 1000
285 2 2 1 1 1449 716 1814
286 2 2 1 1 756 758 797
287 2 2 1 1 1321 879 1461
288 2 2 1 1 928 931 1138
289 2 2 1 1 1092 1068 1877
290 2 2 1 1 1216 603 1866
291 2 2 1 1 1237 878 1385
292 2 2 1 1 913 916 1677
293 2 2 1 1 1264 59 1731
294 2 2 1 1 1013 1015 1019
295 2 2 1 1 1490 924 1843
296 2 2 1 1 1204 1202 1465
297 2 2 1 1 1608 652 1637
298 2 2 1 1 937 942 1148
299 2 2 1 1 899 1170 1399
300 2 2 1 1 721 1903 1906
301 2 2 1 1 868 865 1115
302 2 2 1 1 1220 549 1272
303 2 2 1 1 641 639 684
304 2 2 1 1 931 934 1137
305 2 2 1 1 823 1413 1414
306 2 2 1 1 595 670 1308
307 2 2 1 1 813 964 968
308 2 2 1 1 777 794 1331
309 2 2 1 1 760 762 796
310 2 2 1 1 880 875 1165
311 2 2 1 1 636 634 1815
312 2 2 1 1 1507 1311 1812
313 2 2 1 1 898 899 1905
314 2 2 1 1 655 693 1452
315 2 2 1 1 968 983 984
316 2 2 1 1 1553 1093 1884
317 2 2 1 1 1169 548 1648
318 2 2 1 1 639 636 1129
319 2 2 1 1 722 719 1670
320 2 2 1 1 801 752 1471
321 2 2 1 1 699 664 898
322 2 2 1 1 536 1263 1897
323 2 2 1 1 1190 1288 1761
324 2 2 1 1 582 669 1173
325 2 2 1 1 816 823 1415
326 2 2 1 1 942 944 1147
327 2 2 1 1 1311 695 1812
328 2 2 1 1 789 1333 1355
329 2 2 1 1 891 888 1135
330 2 2 1 1 1340 796 1616
331 2 2 1 1 1555 1557 1714
332 2 2 1 1 1193 1097 1818
333 2 2 1 1 764 766 795
334 2 2 1 1 582 584 669
335 2 2 1 1 755 793 1258
336 2 2 1 1 539 1162 1344
337 2 2 1 1 1003 1159 1232
338 2 2 1 1 1147 944 1149
339 2 2 1 1 1103 1569 1570
340 2 2 1 1 664 657 1652
341 2 2 1 1 612 610 630
342 2 2 1 1 1071 1106 1831
343 2 2 1 1 1068 1066 1877
344 2 2 1 1 1293 619 1649
345 2 2 1 1 617 612 993
346 2 2 1 1 807 813 814
347 2 2 1 1 693 650 971
348 2 2 1 1 1112 1110 1495
349 2 2 1 1 1184 707 1185
350 2 2 1 1 1073 1077 1884
351 2 2 1 1 768 770 791
352 2 2 1 1 797 758 1279
353 2 2 1 1 1548 1546 1585
354 2 2 1 1 957 1560 1590
355 2 2 1 1 997 998 1232
356 2 2 1 1 1307 669 1821
357 2 2 1 1 1088 1781 1790
358 2 2 1 1 1207 793 1257
359 2 2 1 1 777 779 794
360 2 2 1 1 1161 533 1424
361 2 2 1 1 754 756 1270
362 2 2 1 1 1656 1613 1833
363 2 2 1 1 1580 1559 1639
364 2 2 1 1 799 806 807
365 2 2 1 1 998 1000 1003
366 2 2 1 1 579 582 1173
367 2 2 1 1 1074 1645 1707
368 2 2 1 1 772 774 792
369 2 2 1 1 1241 827 1326
370 2 2 1 1 743 744 745
371 2 2 1 1 883 880 1164
372 2 2 1 1 746 798 799
373 2 2 1 1 1456 924 1488
374 2 2 1 1 1042 840 1878
375 2 2 1 1 1788 1784 1861
376 2 2 1 1 600 601 605
377 2 2 1 1 593 597 600
378 2 2 1 1 994 630 995
379 2 2 1 1 1530 1529 1637
380 2 2 1 1 1170 972 1277
381 2 2 1 1 577 589 593
382 2 2 1 1 795 766 1620
383 2 2 1 1 566 565 567
384 2 2 1 1 904 906 915
385 2 2 1 1 1322 786 1489
386 2 2 1 1 562 561 565
387 2 2 1 1 605 627 997
388 2 2 1 1 571 573 577
389 2 2 1 1 610 605 997
390 2 2 1 1 716 1437 1814
391 2 2 1 1 1137 934 1162
392 2 2 1 1 754 1270 1456
393 2 2 1 1 619 617 631
394 2 2 1 1 1503 5 1657
395 2 2 1 1 557 544 561
396 2 2 1 1 983 1030 1448
397 2 2 1 1 1554 1552 1556
398 2 2 1 1 1075 1565 1609
399 2 2 1 1 762 764 1251
400 2 2 1 1 568 567 569
401 2 2 1 1 1100 1765 1853
402 2 2 1 1 915 919 920
403 2 2 1 1 1235 616 1363
404 2 2 1 1 887 884 1236
405 2 2 1 1 1389 1300 1390
406 2 2 1 1 762 1251 1492
407 2 2 1 1 820 955 1910
408 2 2 1 1 766 768 1234
409 2 2 1 1 614 1259 1280
410 2 2 1 1 566 568 570
411 2 2 1 1 1156 1157 1216
412 2 2 1 1 993 994 996
413 2 2 1 1 770 772 1221
414 2 2 1 1 161 160 1625
415 2 2 1 1 1781 1088 1830
416 2 2 1 1 1444 1443 1747
417 2 2 1 1 571 569 572
418 2 2 1 1 1065 1066 1068
419 2 2 1 1 1254 1292 1696
420 2 2 1 1 1396 607 1401
421 2 2 1 1 1539 1063 1735
422 2 2 1 1 1274 548 1692
423 2 2 1 1 537 66 1213
424 2 2 1 1 1134 1359 1371
425 2 2 1 1 1138 1137 1208
426 2 2 1 1 1552 1550 1559
427 2 2 1 1 870 1114 1195
428 2 2 1 1 1132 1255 1687
429 2 2 1 1 1212 850 1451
430 2 2 1 1 806 808 1859
431 2 2 1 1 675 1241 1326
432 2 2 1 1 781 783 803
433 2 2 1 1 612 630 993
434 2 2 1 1 589 573 1181
435 2 2 1 1 946 1251 1469
436 2 2 1 1 1115 865 1809
437 2 2 1 1 863 1156 1217
438 2 2 1 1 1290 535 1384
439 2 2 1 1 920 1120 1121
440 2 2 1 1 1005 1226 1250
441 2 2 1 1 1004 1450 1846
442 2 2 1 1 1436 1435 1850
443 2 2 1 1 699 898 1905
444 2 2 1 1 823 814 1457
445 2 2 1 1 1141 973 1163
446 2 2 1 1 560 1256 1352
447 2 2 1 1 1270 924 1456
448 2 2 1 1 1252 1499 1508
449 2 2 1 1 998 627 999
450 2 2 1 1 1136 995 1159
451 2 2 1 1 750 801 903
452 2 2 1 1 707 1183 1376
453 2 2 1 1 984 983 1256
454 2 2 1 1 1124 1121 1369
455 2 2 1 1 892 891 978
456 2 2 1 1 947 948 1243
457 2 2 1 1 937 1148 1854
458 2 2 1 1 1007 1005 1250
459 2 2 1 1 1413 1457 1893
460 2 2 1 1 1040 1425 1669
461 2 2 1 1 1406 1228 1622
462 2 2 1 1 1278 1171 1843
463 2 2 1 1 1056 1051 1917
464 2 2 1 1 951 1029 1342
465 2 2 1 1 900 1191 1192
466 2 2 1 1 1557 1555 1588
467 2 2 1 1 550 1338 1750
468 2 2 1 1 1766 732 1869
469 2 2 1 1 579 1173 1888
470 2 2 1 1 726 734 1248
471 2 2 1 1 1215 872 1351
472 2 2 1 1 1567 1075 1678
473 2 2 1 1 596 1407 1622
474 2 2 1 1 1053 1526 1759
475 2 2 1 1 1339 1195 1455
476 2 2 1 1 793 1207 1258
477 2 2 1 1 1233 1039 1649
478 2 2 1 1 1165 875 1813
479 2 2 1 1 1087 1085 1856
480 2 2 1 1 538 20 1895
481 2 2 1 1 695 1311 1334
482 2 2 1 1 1578 1575 1592
483 2 2 1 1 857 856 858
484 2 2 1 1 878 1237 1630
485 2 2 1 1 1368 607 1427
486 2 2 1 1 863 856 1156
487 2 2 1 1 1221 772 1632
488 2 2 1 1 812 809 1842
489 2 2 1 1 1236 883 1238
490 2 2 1 1 853 812 854
491 2 2 1 1 1000 999 1001
492 2 2 1 1 599 1215 1351
493 2 2 1 1 950 1297 1298
494 2 2 1 1 884 883 1236
495 2 2 1 1 695 1334 1494
496 2 2 1 1 1248 1036 1269
497 2 2 1 1 1044 1042 1104
498 2 2 1 1 747 749 750
499 2 2 1 1 776 1356 1386
500 2 2 1 1 553 1459 1727
501 2 2 1 1 784 1249 1629
502 2 2 1 1 671 699 1889
503 2 2 1 1 720 743 1858
504 2 2 1 1 1214 554 1275
505 2 2 1 1 533 1168 1169
506 2 2 1 1 906 907 1891
507 2 2 1 1 1213 553 1727
508 2 2 1 1 617 993 1740
509 2 2 1 1 748 1400 1883
510 2 2 1 1 621 619 1293
511 2 2 1 1 1215 599 1347
512 2 2 1 1 950 1298 1835
513 2 2 1 1 1139 925 1676
514 2 2 1 1 20 1212 1895
515 2 2 1 1 1149 1358 1651
516 2 2 1 1 1412 717 1447
517 2 2 1 1 924 1270 1843
518 2 2 1 1 17 544 555
519 2 2 1 1 56 536 1172
520 2 2 1 1 714 646 715
521 2 2 1 1 1249 784 1450
522 2 2 1 1 1571 1572 1573
523 2 2 1 1 760 796 1476
524 2 2 1 1 685 1288 1325
525 2 2 1 1 887 1236 1237
526 2 2 1 1 988 986 1425
527 2 2 1 1 544 18 974
528 2 2 1 1 1018 1307 1617
529 2 2 1 1 931 1137 1138
530 2 2 1 1 907 908 909
531 2 2 1 1 91 90 1830
532 2 2 1 1 1290 902 1291
533 2 2 1 1 1675 1348 1807
534 2 2 1 1 881 880 883
535 2 2 1 1 781 853 1634
536 2 2 1 1 1120 919 1728
537 2 2 1 1 601 597 604
538 2 2 1 1 991 843 1261
539 2 2 1 1 859 858 860
540 2 2 1 1 591 1304 1651
541 2 2 1 1 1443 1028 1747
542 2 2 1 1 223 222 1345
543 2 2 1 1 1017 1250 1751
544 2 2 1 1 1114 868 1115
545 2 2 1 1 1204 1466 1756
546 2 2 1 1 1795 1796 1801
547 2 2 1 1 1608 1528 1760
548 2 2 1 1 711 1116 1286
549 2 2 1 1 1228 596 1622
550 2 2 1 1 1374 1139 1676
551 2 2 1 1 570 568 1225
552 2 2 1 1 1121 1120 1393
553 2 2 1 1 1663 1640 1881
554 2 2 1 1 1269 1038 1484
555 2 2 1 1 899 898 1452
556 2 2 1 1 994 1136 1207
557 2 2 1 1 869 868 870
558 2 2 1 1 1292 974 1696
559 2 2 1 1 1323 1322 1489
560 2 2 1 1 1641 1126 1749
561 2 2 1 1 623 621 646
562 2 2 1 1 1526 1053 1760
563 2 2 1 1 871 870 874
564 2 2 1 1 1200 1203 1224
565 2 2 1 1 1211 530 1260
566 2 2 1 1 750 751 752
567 2 2 1 1 1636 1364 1698
568 2 2 1 1 787 1349 1838
569 2 2 1 1 1181 573 1873
570 2 2 1 1 1067 1582 1591
571 2 2 1 1 809 804 810
572 2 2 1 1 1520 1519 1521
573 2 2 1 1 545 1284 1285
574 2 2 1 1 1416 1414 1447
575 2 2 1 1 909 910 911
576 2 2 1 1 631 1233 1649
577 2 2 1 1 890 888 891
578 2 2 1 1 861 860 864
579 2 2 1 1 1425 986 1669
580 2 2 1 1 944 949 950
581 2 2 1 1 903 904 1140
582 2 2 1 1 1099 1059 1874
583 2 2 1 1 1228 1406 1487
584 2 2 1 1 1100 1210 1472
585 2 2 1 1 6 169 1265
586 2 2 1 1 1103 1085 1596
587 2 2 1 1 1543 1542 1544
588 2 2 1 1 942 943 944
589 2 2 1 1 942 1147 1148
590 2 2 1 1 1528 1608 1637
591 2 2 1 1 911 912 913
592 2 2 1 1 1119 1205 1515
593 2 2 1 1 803 783 804
594 2 2 1 1 888 887 1646
595 2 2 1 1 1606 1098 1911
596 2 2 1 1 562 566 1182
597 2 2 1 1 720 718 742
598 2 2 1 1 1258 1207 1899
599 2 2 1 1 1068 1092 1561
600 2 2 1 1 1529 1528 1637
601 2 2 1 1 1094 1574 1577
602 2 2 1 1 615 1364 1636
603 2 2 1 1 127 126 1590
604 2 2 1 1 913 914 916
605 2 2 1 1 1278 797 1279
606 2 2 1 1 1058 1056 1917
607 2 2 1 1 1437 1436 1850
608 2 2 1 1 752 753 754
609 2 2 1 1 1001 1004 1373
610 2 2 1 1 792 774 1710
611 2 2 1 1 1162 1343 1685
612 2 2 1 1 1817 659 1861
613 2 2 1 1 1133 981 1405
614 2 2 1 1 829 827 1241
615 2 2 1 1 886 884 887
616 2 2 1 1 1522 1521 1523
617 2 2 1 1 541 53 1198
618 2 2 1 1 931 933 934
619 2 2 1 1 743 746 980
620 2 2 1 1 1112 1495 1697
621 2 2 1 1 17 18 544
622 2 2 1 1 54 55 545
623 2 2 1 1 934 935 936
624 2 2 1 1 1217 1383 1665
625 2 2 1 1 916 917 922
626 2 2 1 1 1471 752 1478
627 2 2 1 1 65 66 537
628 2 2 1 1 56 57 536
629 2 2 1 1 15 16 535
630 2 2 1 1 62 63 534
631 2 2 1 1 52 53 541
632 2 2 1 1 19 20 538
633 2 2 1 1 936 1154 1344
634 2 2 1 1 654 650 655
635 2 2 1 1 902 1290 1384
636 2 2 1 1 972 971 1295
637 2 2 1 1 1116 1117 1285
638 2 2 1 1 717 1412 1421
639 2 2 1 1 1413 823 1457
640 2 2 1 1 1118 1656 1833
641 2 2 1 1 791 770 1221
642 2 2 1 1 1173 669 1307
643 2 2 1 1 877 875 880
644 2 2 1 1 13 14 1291
645 2 2 1 1 922 923 925
646 2 2 1 1 980 822 1660
647 2 2 1 1 1530 1532 1881
648 2 2 1 1 1134 891 1135
649 2 2 1 1 1170 1277 1399
650 2 2 1 1 555 557 1848
651 2 2 1 1 675 626 1308
652 2 2 1 1 852 1272 1273
653 2 2 1 1 627 601 1516
654 2 2 1 1 1085 1078 1596
655 2 2 1 1 21 1211 1212
656 2 2 1 1 24 547 1229
657 2 2 1 1 714 1219 1815
658 2 2 1 1 925 926 927
659 2 2 1 1 718 646 1718
660 2 2 1 1 754 755 756
661 2 2 1 1 950 1296 1297
662 2 2 1 1 732 1517 1869
663 2 2 1 1 1090 89 1786
664 2 2 1 1 1499 896 1508
665 2 2 1 1 1099 1522 1523
666 2 2 1 1 1150 1155 1317
667 2 2 1 1 646 621 1293
668 2 2 1 1 1335 1220 1485
669 2 2 1 1 867 865 868
670 2 2 1 1 791 1320 1621
671 2 2 1 1 1543 1544 1546
672 2 2 1 1 1360 990 1606
673 2 2 1 1 559 556 1848
674 2 2 1 1 1207 1136 1899
675 2 2 1 1 854 857 1206
676 2 2 1 1 679 678 1876
677 2 2 1 1 557 562 1867
678 2 2 1 1 1369 1121 1717
679 2 2 1 1 1026 1166 1193
680 2 2 1 1 1574 1573 1575
681 2 2 1 1 823 1414 1415
682 2 2 1 1 1359 1134 1671
683 2 2 1 1 548 1274 1892
684 2 2 1 1 737 704 1242
685 2 2 1 1 1473 1472 1518
686 2 2 1 1 1164 880 1165
687 2 2 1 1 969 833 1734
688 2 2 1 1 978 1134 1706
689 2 2 1 1 743 742 744
690 2 2 1 1 726 1248 1496
691 2 2 1 1 1415 1414 1416
692 2 2 1 1 531 47 1289
693 2 2 1 1 556 535 1908
694 2 2 1 1 1329 1181 1764
695 2 2 1 1 1255 1153 1487
696 2 2 1 1 937 941 942
697 2 2 1 1 1229 547 1231
698 2 2 1 1 796 1340 1476
699 2 2 1 1 787 1244 1824
700 2 2 1 1 756 757 758
701 2 2 1 1 665 664 671
702 2 2 1 1 1051 1050 1853
703 2 2 1 1 925 927 1259
704 2 2 1 1 1004 1006 1450
705 2 2 1 1 768 791 1234
706 2 2 1 1 1469 1251 1619
707 2 2 1 1 20 21 1212
708 2 2 1 1 774 777 1331
709 2 2 1 1 1538 1535 1539
710 2 2 1 1 1307 1018 1618
711 2 2 1 1 1547 1546 1548
712 2 2 1 1 1309 586 1433
713 2 2 1 1 1536 1537 1877
714 2 2 1 1 662 657 664
715 2 2 1 1 1301 1309 1433
716 2 2 1 1 704 730 1242
717 2 2 1 1 1309 1301 1431
718 2 2 1 1 607 1396 1427
719 2 2 1 1 1200 1202 1203
720 2 2 1 1 1592 1079 1614
721 2 2 1 1 108 107 1598
722 2 2 1 1 648 643 650
723 2 2 1 1 1010 1013 1880
724 2 2 1 1 587 1313 1407
725 2 2 1 1 1304 591 1357
726 2 2 1 1 673 671 678
727 2 2 1 1 1289 48 1468
728 2 2 1 1 1466 1204 1729
729 2 2 1 1 1050 1048 1853
730 2 2 1 1 758 759 760
731 2 2 1 1 606 605 610
732 2 2 1 1 1244 787 1838
733 2 2 1 1 975 817 1142
734 2 2 1 1 764 795 1251
735 2 2 1 1 928 930 931
736 2 2 1 1 1188 1468 1711
737 2 2 1 1 1093 1569 1596
738 2 2 1 1 1553 1552 1554
739 2 2 1 1 1369 1368 1427
740 2 2 1 1 1540 649 1624
741 2 2 1 1 1551 1553 1831
742 2 2 1 1 1132 1016 1255
743 2 2 1 1 976 1197 1643
744 2 2 1 1 22 530 1211
745 2 2 1 1 1209 961 1713
746 2 2 1 1 530 1229 1230
747 2 2 1 1 760 761 762
748 2 2 1 1 1172 536 1462
749 2 2 1 1 1139 1374 1636
750 2 2 1 1 715 719 722
751 2 2 1 1 883 1164 1807
752 2 2 1 1 529 50 1209
753 2 2 1 1 774 1331 1710
754 2 2 1 1 1551 1550 1552
755 2 2 1 1 1572 1570 1576
756 2 2 1 1 1147 1149 1651
757 2 2 1 1 737 1242 1886
758 2 2 1 1 597 589 1180
759 2 2 1 1 1374 615 1636
760 2 2 1 1 762 763 764
761 2 2 1 1 672 1586 1598
762 2 2 1 1 1092 1537 1542
763 2 2 1 1 730 1174 1242
764 2 2 1 1 1247 1158 1869
765 2 2 1 1 1580 1081 1647
766 2 2 1 1 1206 794 1634
767 2 2 1 1 1317 1155 1497
768 2 2 1 1 1269 674 1481
769 2 2 1 1 55 56 1172
770 2 2 1 1 911 951 1479
771 2 2 1 1 1248 660 1496
772 2 2 1 1 16 17 555
773 2 2 1 1 1127 1182 1860
774 2 2 1 1 792 1305 1445
775 2 2 1 1 529 1209 1239
776 2 2 1 1 1108 1585 1845
777 2 2 1 1 720 1660 1903
778 2 2 1 1 1061 1059 1851
779 2 2 1 1 669 584 1227
780 2 2 1 1 1240 829 1241
781 2 2 1 1 966 1125 1509
782 2 2 1 1 764 765 766
783 2 2 1 1 680 679 1876
784 2 2 1 1 1314 969 1734
785 2 2 1 1 67 553 1213
786 2 2 1 1 1036 1037 1038
787 2 2 1 1 1141 1163 1684
788 2 2 1 1 734 1032 1248
789 2 2 1 1 1400 1243 1883
790 2 2 1 1 1205 900 1905
791 2 2 1 1 684 1218 1510
792 2 2 1 1 805 1324 1426
793 2 2 1 1 530 23 1229
794 2 2 1 1 1848 556 1908
795 2 2 1 1 1259 614 1676
796 2 2 1 1 573 572 574
797 2 2 1 1 535 16 1908
798 2 2 1 1 1352 1256 1402
799 2 2 1 1 1348 540 1807
800 2 2 1 1 656 655 657
801 2 2 1 1 611 610 612
802 2 2 1 1 1263 58 1264
803 2 2 1 1 766 767 768
804 2 2 1 1 1205 899 1399
805 2 2 1 1 22 23 530
806 2 2 1 1 49 50 529
807 2 2 1 1 791 1221 1321
808 2 2 1 1 574 712 1873
809 2 2 1 1 549 1220 1335
810 2 2 1 1 16 555 1908
811 2 2 1 1 1238 1375 1630
812 2 2 1 1 1297 978 1302
813 2 2 1 1 613 612 617
814 2 2 1 1 1070 1068 1826
815 2 2 1 1 1148 1147 1304
816 2 2 1 1 1707 1645 1725
817 2 2 1 1 1059 1099 1851
818 2 2 1 1 756 797 1270
819 2 2 1 1 803 812 853
820 2 2 1 1 1544 1542 1654
821 2 2 1 1 1565 1075 1567
822 2 2 1 1 1256 560 1417
823 2 2 1 1 547 1252 1508
824 2 2 1 1 1156 1216 1217
825 2 2 1 1 768 769 770
826 2 2 1 1 1035 1264 1319
827 2 2 1 1 890 891 892
828 2 2 1 1 747 745 749
829 2 2 1 1 542 1562 1588
830 2 2 1 1 1024 1799 1836
831 2 2 1 1 1613 541 1833
832 2 2 1 1 1320 791 1321
833 2 2 1 1 1814 1437 1887
834 2 2 1 1 19 538 1696
835 2 2 1 1 66 67 1213
836 2 2 1 1 1136 1159 1726
837 2 2 1 1 64 1465 1916
838 2 2 1 1 1537 1535 1538
839 2 2 1 1 879 1221 1632
840 2 2 1 1 1579 1771 1772
841 2 2 1 1 998 1003 1232
842 2 2 1 1 1032 1036 1248
843 2 2 1 1 1823 1536 1877
844 2 2 1 1 1593 1108 1708
845 2 2 1 1 1078 1073 1884
846 2 2 1 1 1597 1572 1725
847 2 2 1 1 1178 1102 1247
848 2 2 1 1 1122 1121 1124
849 2 2 1 1 770 771 772
850 2 2 1 1 574 576 712
851 2 2 1 1 854 856 857
852 2 2 1 1 1111 1265 1268
853 2 2 1 1 1242 1128 1886
854 2 2 1 1 1198 1117 1833
855 2 2 1 1 1782 1781 1829
856 2 2 1 1 1841 64 1916
857 2 2 1 1 681 713 1406
858 2 2 1 1 1036 1038 1269
859 2 2 1 1 955 1416 1887
860 2 2 1 1 14 1290 1291
861 2 2 1 1 1238 1336 1375
862 2 2 1 1 1222 1444 1747
863 2 2 1 1 532 1335 1485
864 2 2 1 1 1441 714 1815
865 2 2 1 1 1032 1034 1036
866 2 2 1 1 752 754 1478
867 2 2 1 1 1114 1115 1332
868 2 2 1 1 1797 1796 1798
869 2 2 1 1 1126 1286 1749
870 2 2 1 1 1291 902 1459
871 2 2 1 1 1595 1573 1716
872 2 2 1 1 1587 1474 1625
873 2 2 1 1 1000 1001 1372
874 2 2 1 1 1264 551 1319
875 2 2 1 1 1784 1787 1861
876 2 2 1 1 1577 1575 1578
877 2 2 1 1 53 54 1198
878 2 2 1 1 1360 1606 1911
879 2 2 1 1 945 1298 1353
880 2 2 1 1 794 779 1634
881 2 2 1 1 815 814 816
882 2 2 1 1 925 1259 1676
883 2 2 1 1 1137 1162 1685
884 2 2 1 1 1261 663 1664
885 2 2 1 1 222 539 1345
886 2 2 1 1 802 1257 1486
887 2 2 1 1 1106 1071 1826
888 2 2 1 1 863 1217 1665
889 2 2 1 1 886 887 888
890 2 2 1 1 818 1446 1657
891 2 2 1 1 616 1235 1682
892 2 2 1 1 1097 1175 1868
893 2 2 1 1 841 1314 1734
894 2 2 1 1 1085 1103 1856
895 2 2 1 1 1585 1108 1593
896 2 2 1 1 772 773 774
897 2 2 1 1 1224 1203 1703
898 2 2 1 1 819 816 820
899 2 2 1 1 1060 1059 1061
900 2 2 1 1 864 860 1691
901 2 2 1 1 1145 1200 1224
902 2 2 1 1 1246 697 1612
903 2 2 1 1 21 22 1211
904 2 2 1 1 1017 1329 1673
905 2 2 1 1 536 57 1263
906 2 2 1 1 777 778 779
907 2 2 1 1 620 622 1507
908 2 2 1 1 1093 1596 1884
909 2 2 1 1 774 775 777
910 2 2 1 1 907 905 908
911 2 2 1 1 1038 1144 1145
912 2 2 1 1 857 858 859
913 2 2 1 1 50 51 1209
914 2 2 1 1 1055 1051 1056
915 2 2 1 1 631 617 1740
916 2 2 1 1 1570 1566 1615
917 2 2 1 1 966 963 1125
918 2 2 1 1 1332 789 1350
919 2 2 1 1 842 1311 1507
920 2 2 1 1 24 25 547
921 2 2 1 1 1215 1347 1813
922 2 2 1 1 1302 590 1872
923 2 2 1 1 881 883 884
924 2 2 1 1 530 1230 1260
925 2 2 1 1 1041 840 1042
926 2 2 1 1 1787 1791 1792
927 2 2 1 1 1371 893 1706
928 2 2 1 1 602 1389 1390
929 2 2 1 1 1167 1026 1193
930 2 2 1 1 1117 1198 1739
931 2 2 1 1 1565 1564 1609
932 2 2 1 1 649 1540 1623
933 2 2 1 1 796 762 1492
934 2 2 1 1 1188 1289 1468
935 2 2 1 1 26 532 1252
936 2 2 1 1 877 880 881
937 2 2 1 1 987 986 988
938 2 2 1 1 1171 1278 1491
939 2 2 1 1 1316 855 1842
940 2 2 1 1 1373 1004 1846
941 2 2 1 1 1077 1553 1884
942 2 2 1 1 852 1273 1274
943 2 2 1 1 1234 894 1620
944 2 2 1 1 853 854 1206
945 2 2 1 1 538 1253 1254
946 2 2 1 1 1054 1626 1743
947 2 2 1 1 23 24 1229
948 2 2 1 1 547 25 1252
949 2 2 1 1 894 1234 1621
950 2 2 1 1 966 1428 1896
951 2 2 1 1 13 1291 1732
952 2 2 1 1 1234 791 1621
953 2 2 1 1 772 792 1632
954 2 2 1 1 560 1410 1417
955 2 2 1 1 1618 712 1888
956 2 2 1 1 1318 1146 1319
957 2 2 1 1 1028 1629 1811
958 2 2 1 1 1186 1188 1711
959 2 2 1 1 1226 604 1250
960 2 2 1 1 1416 1447 1814
961 2 2 1 1 869 870 871
962 2 2 1 1 1134 1135 1671
963 2 2 1 1 955 1415 1416
964 2 2 1 1 1257 793 1486
965 2 2 1 1 1520 1522 1874
966 2 2 1 1 1164 1165 1675
967 2 2 1 1 840 838 1600
968 2 2 1 1 1501 1502 1503
969 2 2 1 1 867 868 869
970 2 2 1 1 871 874 875
971 2 2 1 1 618 617 619
972 2 2 1 1 786 1322 1324
973 2 2 1 1 1257 802 1463
974 2 2 1 1 67 68 553
975 2 2 1 1 60 61 551
976 2 2 1 1 1001 1002 1004
977 2 2 1 1 947 1480 1891
978 2 2 1 1 981 1179 1681
979 2 2 1 1 1230 1229 1231
980 2 2 1 1 859 860 861
981 2 2 1 1 779 780 781
982 2 2 1 1 1203 1202 1204
983 2 2 1 1 972 1295 1360
984 2 2 1 1 1386 1356 1387
985 2 2 1 1 579 581 582
986 2 2 1 1 1243 1400 1824
987 2 2 1 1 648 650 654
988 2 2 1 1 1238 883 1807
989 2 2 1 1 1513 1154 1690
990 2 2 1 1 1280 1235 1363
991 2 2 1 1 855 812 1842
992 2 2 1 1 1445 1305 1470
993 2 2 1 1 757 1258 1730
994 2 2 1 1 750 749 751
995 2 2 1 1 1296 978 1297
996 2 2 1 1 1184 1185 1186
997 2 2 1 1 944 943 949
998 2 2 1 1 797 1278 1843
999 2 2 1 1 996 1257 1463
1000 2 2 1 1 861 864 865
1001 2 2 1 1 71 1023 1803
1002 2 2 1 1 1134 1371 1706
1003 2 2 1 1 708 687 827
1004 2 2 1 1 1224 1483 1484
1005 2 2 1 1 47 48 1289
1006 2 2 1 1 640 639 641
1007 2 2 1 1 555 1848 1908
1008 2 2 1 1 1182 1127 1454
1009 2 2 1 1 638 636 639
1010 2 2 1 1 749 745 1432
1011 2 2 1 1 1774 1779 1839
1012 2 2 1 1 15 535 1290
1013 2 2 1 1 689 691 1281
1014 2 2 1 1 942 941 943
1015 2 2 1 1 561 974 1292
1016 2 2 1 1 1607 1530 1637
1017 2 2 1 1 909 908 910
1018 2 2 1 1 1397 1197 1434
1019 2 2 1 1 703 1650 1699
1020 2 2 1 1 1783 1782 1817
1021 2 2 1 1 828 827 829
1022 2 2 1 1 562 1182 1454
1023 2 2 1 1 1024 73 1803
1024 2 2 1 1 938 1513 1690
1025 2 2 1 1 899 1205 1905
1026 2 2 1 1 582 583 584
1027 2 2 1 1 907 947 1891
1028 2 2 1 1 1345 1154 1513
1029 2 2 1 1 601 604 1882
1030 2 2 1 1 25 26 1252
1031 2 2 1 1 948 1367 1883
1032 2 2 1 1 1205 1399 1837
1033 2 2 1 1 61 62 1318
1034 2 2 1 1 549 1271 1272
1035 2 2 1 1 837 820 838
1036 2 2 1 1 1572 1576 1725
1037 2 2 1 1 1669 986 1670
1038 2 2 1 1 752 751 753
1039 2 2 1 1 614 1280 1762
1040 2 2 1 1 1063 1539 1640
1041 2 2 1 1 865 864 1809
1042 2 2 1 1 911 910 912
1043 2 2 1 1 1457 984 1893
1044 2 2 1 1 1390 976 1643
1045 2 2 1 1 1145 1224 1484
1046 2 2 1 1 916 1130 1677
1047 2 2 1 1 643 641 1599
1048 2 2 1 1 46 47 531
1049 2 2 1 1 549 29 1271
1050 2 2 1 1 29 30 1271
1051 2 2 1 1 36 37 533
1052 2 2 1 1 28 29 549
1053 2 2 1 1 26 27 532
1054 2 2 1 1 38 39 550
1055 2 2 1 1 43 44 546
1056 2 2 1 1 43 546 1275
1057 2 2 1 1 42 43 1275
1058 2 2 1 1 41 42 554
1059 2 2 1 1 554 42 1275
1060 2 2 1 1 32 33 552
1061 2 2 1 1 33 34 1276
1062 2 2 1 1 34 35 548
1063 2 2 1 1 552 33 1276
1064 2 2 1 1 34 548 1276
1065 2 2 1 1 1082 1589 1595
1066 2 2 1 1 913 912 914
1067 2 2 1 1 1013 1028 1880
1068 2 2 1 1 1337 552 1741
1069 2 2 1 1 1161 846 1168
1070 2 2 1 1 561 544 974
1071 2 2 1 1 934 933 935
1072 2 2 1 1 63 64 1841
1073 2 2 1 1 691 723 1281
1074 2 2 1 1 723 738 741
1075 2 2 1 1 660 1269 1481
1076 2 2 1 1 584 596 1227
1077 2 2 1 1 551 1264 1731
1078 2 2 1 1 57 58 1263
1079 2 2 1 1 619 631 1649
1080 2 2 1 1 1556 1580 1714
1081 2 2 1 1 1330 1419 1477
1082 2 2 1 1 655 1452 1652
1083 2 2 1 1 676 737 1429
1084 2 2 1 1 743 980 1858
1085 2 2 1 1 936 935 937
1086 2 2 1 1 916 914 917
1087 2 2 1 1 95 94 1777
1088 2 2 1 1 827 687 1326
1089 2 2 1 1 1160 979 1214
1090 2 2 1 1 1214 1275 1915
1091 2 2 1 1 836 979 1160
1092 2 2 1 1 931 930 933
1093 2 2 1 1 892 978 1296
1094 2 2 1 1 708 827 828
1095 2 2 1 1 851 728 895
1096 2 2 1 1 754 753 755
1097 2 2 1 1 64 65 1465
1098 2 2 1 1 623 646 714
1099 2 2 1 1 702 729 733
1100 2 2 1 1 600 605 606
1101 2 2 1 1 979 846 1161
1102 2 2 1 1 1764 1181 1873
1103 2 2 1 1 1741 552 1857
1104 2 2 1 1 1179 863 1665
1105 2 2 1 1 620 619 621
1106 2 2 1 1 76 75 1806
1107 2 2 1 1 836 846 979
1108 2 2 1 1 1474 161 1625
1109 2 2 1 1 577 593 703
1110 2 2 1 1 1178 1247 1879
1111 2 2 1 1 1542 1538 1654
1112 2 2 1 1 974 18 1890
1113 2 2 1 1 922 917 923
1114 2 2 1 1 735 694 835
1115 2 2 1 1 805 1426 1511
1116 2 2 1 1 723 741 1281
1117 2 2 1 1 741 738 1150
1118 2 2 1 1 14 15 1290
1119 2 2 1 1 851 895 1220
1120 2 2 1 1 836 835 846
1121 2 2 1 1 1173 1618 1888
1122 2 2 1 1 1283 834 1294
1123 2 2 1 1 1036 1034 1037
1124 2 2 1 1 729 851 852
1125 2 2 1 1 729 728 851
1126 2 2 1 1 1189 1187 1190
1127 2 2 1 1 1328 1163 1838
1128 2 2 1 1 817 1021 1142
1129 2 2 1 1 1218 1129 1219
1130 2 2 1 1 702 728 729
1131 2 2 1 1 1150 738 1155
1132 2 2 1 1 925 923 926
1133 2 2 1 1 1518 1266 1701
1134 2 2 1 1 1038 1037 1144
1135 2 2 1 1 692 690 701
1136 2 2 1 1 845 833 969
1137 2 2 1 1 702 701 728
1138 2 2 1 1 701 1283 1294
1139 2 2 1 1 735 835 836
1140 2 2 1 1 713 680 1687
1141 2 2 1 1 723 735 738
1142 2 2 1 1 1046 1700 1701
1143 2 2 1 1 785 1514 1846
1144 2 2 1 1 927 926 928
1145 2 2 1 1 691 694 723
1146 2 2 1 1 1195 1114 1455
1147 2 2 1 1 997 1232 1667
1148 2 2 1 1 938 1304 1357
1149 2 2 1 1 691 690 692
1150 2 2 1 1 723 694 735
1151 2 2 1 1 1157 855 1316
1152 2 2 1 1 654 655 656
1153 2 2 1 1 1549 1548 1913
1154 2 2 1 1 1071 1070 1826
1155 2 2 1 1 692 701 702
1156 2 2 1 1 1201 1841 1916
1157 2 2 1 1 691 692 694
1158 2 2 1 1 1084 1078 1085
1159 2 2 1 1 668 1483 1703
1160 2 2 1 1 732 1143 1688
1161 2 2 1 1 836 1160 1282
1162 2 2 1 1 895 728 1294
1163 2 2 1 1 689 690 691
1164 2 2 1 1 1334 958 1494
1165 2 2 1 1 875 874 1813
1166 2 2 1 1 1168 846 1303
1167 2 2 1 1 756 755 757
1168 2 2 1 1 46 531 1317
1169 2 2 1 1 740 727 1749
1170 2 2 1 1 1217 1216 1866
1171 2 2 1 1 735 836 1282
1172 2 2 1 1 689 688 690
1173 2 2 1 1 738 735 1282
1174 2 2 1 1 702 733 1287
1175 2 2 1 1 834 828 896
1176 2 2 1 1 1227 596 1228
1177 2 2 1 1 688 687 708
1178 2 2 1 1 1082 1595 1871
1179 2 2 1 1 1006 1008 1249
1180 2 2 1 1 1155 738 1282
1181 2 2 1 1 116 115 1609
1182 2 2 1 1 1372 790 1898
1183 2 2 1 1 1383 1217 1866
1184 2 2 1 1 1302 978 1706
1185 2 2 1 1 1091 1178 1192
1186 2 2 1 1 1474 1587 1628
1187 2 2 1 1 1603 1125 1859
1188 2 2 1 1 1329 1017 1751
1189 2 2 1 1 1787 1784 1791
1190 2 2 1 1 51 52 1408
1191 2 2 1 1 689 1281 1288
1192 2 2 1 1 686 688 689
1193 2 2 1 1 1159 995 1232
1194 2 2 1 1 1194 1794 1797
1195 2 2 1 1 1287 733 1303
1196 2 2 1 1 809 962 1842
1197 2 2 1 1 710 683 830
1198 2 2 1 1 28 549 1335
1199 2 2 1 1 532 27 1335
1200 2 2 1 1 1565 1567 1615
1201 2 2 1 1 540 1336 1807
1202 2 2 1 1 1010 1012 1013
1203 2 2 1 1 831 830 841
1204 2 2 1 1 686 667 687
1205 2 2 1 1 708 828 834
1206 2 2 1 1 641 684 1599
1207 2 2 1 1 629 675 1326
1208 2 2 1 1 701 690 1283
1209 2 2 1 1 900 1299 1905
1210 2 2 1 1 692 702 1287
1211 2 2 1 1 676 704 737
1212 2 2 1 1 690 688 1283
1213 2 2 1 1 30 31 1337
1214 2 2 1 1 39 40 1338
1215 2 2 1 1 970 969 1183
1216 2 2 1 1 1019 1015 1020
1217 2 2 1 1 52 541 1408
1218 2 2 1 1 835 694 1287
1219 2 2 1 1 1019 1020 1852
1220 2 2 1 1 1237 1236 1630
1221 2 2 1 1 741 1150 1306
1222 2 2 1 1 657 655 1652
1223 2 2 1 1 1550 1549 1913
1224 2 2 1 1 683 681 1406
1225 2 2 1 1 694 692 1287
1226 2 2 1 1 688 708 1283
1227 2 2 1 1 1445 879 1632
1228 2 2 1 1 758 757 759
1229 2 2 1 1 628 666 707
1230 2 2 1 1 566 570 1182
1231 2 2 1 1 835 1287 1303
1232 2 2 1 1 1529 1530 1531
1233 2 2 1 1 1330 794 1419
1234 2 2 1 1 1649 1039 1718
1235 2 2 1 1 1064 1061 1065
1236 2 2 1 1 1164 1675 1807
1237 2 2 1 1 681 680 713
1238 2 2 1 1 730 824 1174
1239 2 2 1 1 1582 1583 1591
1240 2 2 1 1 708 834 1283
1241 2 2 1 1 802 749 1432
1242 2 2 1 1 1173 1307 1618
1243 2 2 1 1 1254 992 1847
1244 2 2 1 1 686 687 688
1245 2 2 1 1 919 1141 1728
1246 2 2 1 1 1414 1412 1447
1247 2 2 1 1 1563 1562 1564
1248 2 2 1 1 830 1406 1622
1249 2 2 1 1 834 896 1315
1250 2 2 1 1 573 574 1873
1251 2 2 1 1 667 629 1326
1252 2 2 1 1 1035 1263 1264
1253 2 2 1 1 1145 1199 1200
1254 2 2 1 1 1186 1185 1187
1255 2 2 1 1 760 759 761
1256 2 2 1 1 1004 1005 1006
1257 2 2 1 1 744 1233 1432
1258 2 2 1 1 900 1192 1299
1259 2 2 1 1 1294 834 1315
1260 2 2 1 1 1177 1175 1780
1261 2 2 1 1 588 586 1309
1262 2 2 1 1 1105 1061 1851
1263 2 2 1 1 1402 1256 1712
1264 2 2 1 1 762 761 763
1265 2 2 1 1 1096 1095 1097
1266 2 2 1 1 728 701 1294
1267 2 2 1 1 1473 1518 1519
1268 2 2 1 1 686 689 1288
1269 2 2 1 1 1107 1593 1708
1270 2 2 1 1 1219 714 1719
1271 2 2 1 1 567 565 700
1272 2 2 1 1 533 37 1424
1273 2 2 1 1 38 550 1424
1274 2 2 1 1 764 763 765
1275 2 2 1 1 1586 672 1716
1276 2 2 1 1 606 610 611
1277 2 2 1 1 1169 1168 1391
1278 2 2 1 1 604 1226 1882
1279 2 2 1 1 1780 1781 1782
1280 2 2 1 1 685 686 1288
1281 2 2 1 1 1332 1115 1333
1282 2 2 1 1 1086 1085 1087
1283 2 2 1 1 1206 857 1419
1284 2 2 1 1 1735 651 1828
1285 2 2 1 1 1190 1187 1325
1286 2 2 1 1 846 835 1303
1287 2 2 1 1 1188 1187 1189
1288 2 2 1 1 766 765 767
1289 2 2 1 1 1091 1191 1666
1290 2 2 1 1 1372 1001 1373
1291 2 2 1 1 541 1198 1833
1292 2 2 1 1 1775 1089 1790
1293 2 2 1 1 1186 1187 1188
1294 2 2 1 1 611 612 613
1295 2 2 1 1 947 1243 1244
1296 2 2 1 1 983 1448 1712
1297 2 2 1 1 1188 1189 1289
1298 2 2 1 1 703 593 1493
1299 2 2 1 1 45 46 1317
1300 2 2 1 1 1367 948 1479
1301 2 2 1 1 1589 1082 1594
1302 2 2 1 1 992 724 1246
1303 2 2 1 1 808 798 1310
1304 2 2 1 1 533 1169 1648
1305 2 2 1 1 1591 1544 1654
1306 2 2 1 1 126 957 1590
1307 2 2 1 1 845 969 970
1308 2 2 1 1 1442 784 1629
1309 2 2 1 1 629 626 675
1310 2 2 1 1 768 767 769
1311 2 2 1 1 817 810 1021
1312 2 2 1 1 1537 1538 1542
1313 2 2 1 1 685 667 686
1314 2 2 1 1 1200 1201 1202
1315 2 2 1 1 1597 1076 1680
1316 2 2 1 1 48 49 1468
1317 2 2 1 1 65 537 1465
1318 2 2 1 1 895 1294 1315
1319 2 2 1 1 1151 1240 1241
1320 2 2 1 1 725 826 848
1321 2 2 1 1 1072 1071 1073
1322 2 2 1 1 705 706 1466
1323 2 2 1 1 1322 1003 1324
1324 2 2 1 1 551 61 1318
1325 2 2 1 1 1531 1530 1534
1326 2 2 1 1 970 1183 1184
1327 2 2 1 1 1117 1118 1833
1328 2 2 1 1 770 769 771
1329 2 2 1 1 1208 1137 1686
1330 2 2 1 1 646 1293 1718
1331 2 2 1 1 1589 1573 1595
1332 2 2 1 1 1768 1769 1770
1333 2 2 1 1 1189 1190 1306
1334 2 2 1 1 584 585 596
1335 2 2 1 1 734 1031 1032
1336 2 2 1 1 779 781 1634
1337 2 2 1 1 1220 895 1485
1338 2 2 1 1 744 1039 1233
1339 2 2 1 1 1672 800 1726
1340 2 2 1 1 962 976 1316
1341 2 2 1 1 860 1133 1691
1342 2 2 1 1 666 667 685
1343 2 2 1 1 682 709 711
1344 2 2 1 1 1285 1117 1739
1345 2 2 1 1 892 1196 1638
1346 2 2 1 1 963 806 1859
1347 2 2 1 1 27 28 1335
1348 2 2 1 1 1001 999 1002
1349 2 2 1 1 852 1274 1453
1350 2 2 1 1 569 567 1245
1351 2 2 1 1 724 697 1246
1352 2 2 1 1 908 905 1471
1353 2 2 1 1 1271 30 1337
1354 2 2 1 1 550 39 1338
1355 2 2 1 1 959 960 1151
1356 2 2 1 1 682 711 1658
1357 2 2 1 1 1237 1362 1646
1358 2 2 1 1 1255 713 1687
1359 2 2 1 1 1246 1245 1847
1360 2 2 1 1 1239 1209 1713
1361 2 2 1 1 1159 1322 1323
1362 2 2 1 1 973 906 1891
1363 2 2 1 1 904 915 1140
1364 2 2 1 1 666 629 667
1365 2 2 1 1 1569 1103 1596
1366 2 2 1 1 5 1503 1504
1367 2 2 1 1 594 625 644
1368 2 2 1 1 595 588 670
1369 2 2 1 1 1236 1238 1630
1370 2 2 1 1 546 1497 1820
1371 2 2 1 1 649 1623 1755
1372 2 2 1 1 729 852 1453
1373 2 2 1 1 546 44 1497
1374 2 2 1 1 920 1121 1122
1375 2 2 1 1 830 683 1406
1376 2 2 1 1 848 849 959
1377 2 2 1 1 1366 1367 1479
1378 2 2 1 1 889 888 890
1379 2 2 1 1 1199 534 1841
1380 2 2 1 1 903 1140 1310
1381 2 2 1 1 687 667 1326
1382 2 2 1 1 838 847 1600
1383 2 2 1 1 781 782 783
1384 2 2 1 1 808 1603 1859
1385 2 2 1 1 534 63 1841
1386 2 2 1 1 987 988 1606
1387 2 2 1 1 642 641 643
1388 2 2 1 1 1203 1440 1703
1389 2 2 1 1 587 594 1313
1390 2 2 1 1 613 617 618
1391 2 2 1 1 19 1696 1890
1392 2 2 1 1 864 1356 1809
1393 2 2 1 1 1187 1185 1325
1394 2 2 1 1 825 724 992
1395 2 2 1 1 638 639 640
1396 2 2 1 1 1462 536 1897
1397 2 2 1 1 670 588 1309
1398 2 2 1 1 772 771 773
1399 2 2 1 1 1446 818 1752
1400 2 2 1 1 842 952 1311
1401 2 2 1 1 737 1261 1429
1402 2 2 1 1 1145 1144 1199
1403 2 2 1 1 1159 1323 1726
1404 2 2 1 1 1626 1624 1743
1405 2 2 1 1 1273 1272 1741
1406 2 2 1 1 1779 1175 1839
1407 2 2 1 1 1450 785 1846
1408 2 2 1 1 628 629 666
1409 2 2 1 1 1579 1772 1773
1410 2 2 1 1 844 833 845
1411 2 2 1 1 582 581 583
1412 2 2 1 1 628 707 1376
1413 2 2 1 1 970 1239 1713
1414 2 2 1 1 1151 960 1240
1415 2 2 1 1 1100 1472 1473
1416 2 2 1 1 1243 948 1883
1417 2 2 1 1 614 1354 1676
1418 2 2 1 1 1168 1303 1391
1419 2 2 1 1 839 838 840
1420 2 2 1 1 1416 1814 1887
1421 2 2 1 1 901 731 1131
1422 2 2 1 1 1102 1178 1693
1423 2 2 1 1 1444 1222 1464
1424 2 2 1 1 107 672 1598
1425 2 2 1 1 1252 532 1499
1426 2 2 1 1 1160 1214 1915
1427 2 2 1 1 710 830 831
1428 2 2 1 1 1311 1312 1334
1429 2 2 1 1 1253 992 1254
1430 2 2 1 1 1569 1566 1570
1431 2 2 1 1 746 799 980
1432 2 2 1 1 975 1142 1446
1433 2 2 1 1 1660 720 1858
1434 2 2 1 1 1379 1149 1835
1435 2 2 1 1 1242 1174 1430
1436 2 2 1 1 1768 1770 1771
1437 2 2 1 1 1313 644 1314
1438 2 2 1 1 779 778 780
1439 2 2 1 1 777 775 778
1440 2 2 1 1 774 773 775
1441 2 2 1 1 36 533 1648
1442 2 2 1 1 548 35 1648
1443 2 2 1 1 885 884 886
1444 2 2 1 1 714 715 1719
1445 2 2 1 1 711 736 1116
1446 2 2 1 1 1356 1333 1809
1447 2 2 1 1 959 849 960
1448 2 2 1 1 1304 1147 1651
1449 2 2 1 1 745 744 1432
1450 2 2 1 1 1514 1373 1846
1451 2 2 1 1 628 626 629
1452 2 2 1 1 807 814 815
1453 2 2 1 1 959 1151 1827
1454 2 2 1 1 1440 1439 1703
1455 2 2 1 1 632 663 842
1456 2 2 1 1 1650 1225 1699
1457 2 2 1 1 1605 1098 1606
1458 2 2 1 1 1251 946 1492
1459 2 2 1 1 622 621 623
1460 2 2 1 1 4 60 1731
1461 2 2 1 1 1 13 1732
1462 2 2 1 1 68 1 1732
1463 2 2 1 1 59 4 1731
1464 2 2 1 1 1474 1628 1662
1465 2 2 1 1 1549 1551 1831
1466 2 2 1 1 1299 1192 1879
1467 2 2 1 1 1079 1592 1594
1468 2 2 1 1 1410 1411 1417
1469 2 2 1 1 867 869 1305
1470 2 2 1 1 1109 1042 1878
1471 2 2 1 1 594 644 1313
1472 2 2 1 1 1216 1157 1300
1473 2 2 1 1 842 843 952
1474 2 2 1 1 725 848 1301
1475 2 2 1 1 539 1344 1345
1476 2 2 1 1 1203 1204 1756
1477 2 2 1 1 1288 1281 1761
1478 2 2 1 1 1032 1033 1034
1479 2 2 1 1 1629 1249 1811
1480 2 2 1 1 698 725 1301
1481 2 2 1 1 625 626 628
1482 2 2 1 1 2 32 1745
1483 2 2 1 1 40 3 1746
1484 2 2 1 1 3 41 1746
1485 2 2 1 1 31 2 1745
1486 2 2 1 1 1180 589 1181
1487 2 2 1 1 656 657 661
1488 2 2 1 1 1272 1271 1741
1489 2 2 1 1 1468 529 1711
1490 2 2 1 1 951 1342 1674
1491 2 2 1 1 1284 740 1285
1492 2 2 1 1 936 937 1854
1493 2 2 1 1 876 875 877
1494 2 2 1 1 1594 1082 1635
1495 2 2 1 1 677 645 1418
1496 2 2 1 1 1303 733 1391
1497 2 2 1 1 1286 740 1749
1498 2 2 1 1 693 1170 1452
1499 2 2 1 1 848 826 849
1500 2 2 1 1 37 38 1424
1501 2 2 1 1 844 845 961
1502 2 2 1 1 640 641 642
1503 2 2 1 1 956 1247 1517
1504 2 2 1 1 949 1113 1196
1505 2 2 1 1 1174 824 1384
1506 2 2 1 1 1131 1466 1729
1507 2 2 1 1 1276 548 1892
1508 2 2 1 1 662 664 665
1509 2 2 1 1 45 1317 1497
1510 2 2 1 1 551 1318 1319
1511 2 2 1 1 832 831 833
1512 2 2 1 1 669 1227 1821
1513 2 2 1 1 874 1215 1813
1514 2 2 1 1 1038 1145 1484
1515 2 2 1 1 1440 1203 1756
1516 2 2 1 1 1166 1026 1766
1517 2 2 1 1 1111 1268 1825
1518 2 2 1 1 625 595 626
1519 2 2 1 1 584 583 585
1520 2 2 1 1 711 709 736
1521 2 2 1 1 866 865 867
1522 2 2 1 1 979 1161 1750
1523 2 2 1 1 1117 736 1118
1524 2 2 1 1 1443 1442 1629
1525 2 2 1 1 604 597 1180
1526 2 2 1 1 1520 1521 1522
1527 2 2 1 1 818 1434 1752
1528 2 2 1 1 832 833 844
1529 2 2 1 1 739 727 740
1530 2 2 1 1 567 700 1245
1531 2 2 1 1 1222 1022 1738
1532 2 2 1 1 857 859 1419
1533 2 2 1 1 1473 1520 1765
1534 2 2 1 1 622 632 1507
1535 2 2 1 1 1006 1007 1008
1536 2 2 1 1 244 243 1348
1537 2 2 1 1 1516 601 1882
1538 2 2 1 1 731 705 1466
1539 2 2 1 1 1020 1022 1852
1540 2 2 1 1 242 241 1336
1541 2 2 1 1 1794 1792 1796
1542 2 2 1 1 1008 1010 1811
1543 2 2 1 1 1004 1002 1005
1544 2 2 1 1 49 529 1468
1545 2 2 1 1 243 242 540
1546 2 2 1 1 97 96 543
1547 2 2 1 1 1291 553 1732
1548 2 2 1 1 1138 1208 1682
1549 2 2 1 1 1571 1573 1574
1550 2 2 1 1 1151 1308 1827
1551 2 2 1 1 1366 951 1674
1552 2 2 1 1 252 251 1350
1553 2 2 1 1 250 249 1339
1554 2 2 1 1 1092 1542 1543
1555 2 2 1 1 180 179 560
1556 2 2 1 1 1605 988 1901
1557 2 2 1 1 1349 1328 1838
1558 2 2 1 1 118 117 542
1559 2 2 1 1 222 221 539
1560 2 2 1 1 1030 1720 1724
1561 2 2 1 1 246 245 1346
1562 2 2 1 1 1298 945 1835
1563 2 2 1 1 1553 1077 1831
1564 2 2 1 1 1528 1526 1760
1565 2 2 1 1 956 1299 1879
1566 2 2 1 1 248 247 1351
1567 2 2 1 1 251 250 598
1568 2 2 1 1 565 561 1292
1569 2 2 1 1 268 267 602
1570 2 2 1 1 710 831 832
1571 2 2 1 1 221 220 1343
1572 2 2 1 1 1301 848 1431
1573 2 2 1 1 1122 1124 1509
1574 2 2 1 1 254 253 1355
1575 2 2 1 1 232 231 590
1576 2 2 1 1 594 595 625
1577 2 2 1 1 264 263 603
1578 2 2 1 1 1088 91 1830
1579 2 2 1 1 1618 1018 1673
1580 2 2 1 1 1101 1577 1875
1581 2 2 1 1 1056 1059 1060
1582 2 2 1 1 237 236 592
1583 2 2 1 1 231 230 1353
1584 2 2 1 1 1391 733 1453
1585 2 2 1 1 197 196 563
1586 2 2 1 1 1690 1154 1854
1587 2 2 1 1 236 235 1359
1588 2 2 1 1 822 1668 1906
1589 2 2 1 1 1044 1104 1210
1590 2 2 1 1 618 619 620
1591 2 2 1 1 937 940 941
1592 2 2 1 1 1527 1526 1528
1593 2 2 1 1 235 234 1371
1594 2 2 1 1 647 643 648
1595 2 2 1 1 905 801 1471
1596 2 2 1 1 227 226 591
1597 2 2 1 1 208 207 1381
1598 2 2 1 1 226 225 1357
1599 2 2 1 1 238 237 1361
1600 2 2 1 1 239 238 1385
1601 2 2 1 1 253 252 789
1602 2 2 1 1 241 240 1375
1603 2 2 1 1 247 246 599
1604 2 2 1 1 229 228 1379
1605 2 2 1 1 207 206 564
1606 2 2 1 1 1050 1051 1055
1607 2 2 1 1 216 215 1363
1608 2 2 1 1 245 244 882
1609 2 2 1 1 213 212 1354
1610 2 2 1 1 256 255 1386
1611 2 2 1 1 234 233 893
1612 2 2 1 1 212 211 1374
1613 2 2 1 1 958 1334 1744
1614 2 2 1 1 219 218 1378
1615 2 2 1 1 1297 1302 1872
1616 2 2 1 1 228 227 1358
1617 2 2 1 1 1765 1051 1853
1618 2 2 1 1 722 986 987
1619 2 2 1 1 240 239 878
1620 2 2 1 1 206 205 1341
1621 2 2 1 1 255 254 776
1622 2 2 1 1 249 248 872
1623 2 2 1 1 571 577 1699
1624 2 2 1 1 214 213 614
1625 2 2 1 1 258 257 1380
1626 2 2 1 1 968 984 1457
1627 2 2 1 1 1543 1547 1561
1628 2 2 1 1 259 258 558
1629 2 2 1 1 210 209 1364
1630 2 2 1 1 217 216 616
1631 2 2 1 1 230 229 945
1632 2 2 1 1 644 625 1376
1633 2 2 1 1 1356 864 1691
1634 2 2 1 1 553 1291 1459
1635 2 2 1 1 225 224 938
1636 2 2 1 1 1535 1534 1640
1637 2 2 1 1 954 908 1471
1638 2 2 1 1 1194 1193 1818
1639 2 2 1 1 840 1600 1878
1640 2 2 1 1 709 683 710
1641 2 2 1 1 220 219 932
1642 2 2 1 1 1720 1030 1721
1643 2 2 1 1 849 826 850
1644 2 2 1 1 1093 1568 1569
1645 2 2 1 1 257 256 862
1646 2 2 1 1 211 210 615
1647 2 2 1 1 263 262 1383
1648 2 2 1 1 594 588 595
1649 2 2 1 1 1553 1554 1870
1650 2 2 1 1 260 259 1388
1651 2 2 1 1 1547 1548 1549
1652 2 2 1 1 896 828 1742
1653 2 2 1 1 205 204 1365
1654 2 2 1 1 587 588 594
1655 2 2 1 1 1473 1519 1520
1656 2 2 1 1 1013 1014 1015
1657 2 2 1 1 1140 915 1327
1658 2 2 1 1 682 683 709
1659 2 2 1 1 1233 631 1642
1660 2 2 1 1 1116 736 1117
1661 2 2 1 1 815 816 819
1662 2 2 1 1 261 260 1403
1663 2 2 1 1 848 959 1431
1664 2 2 1 1 819 820 837
1665 2 2 1 1 1144 1037 1146
1666 2 2 1 1 1304 938 1690
1667 2 2 1 1 209 208 918
1668 2 2 1 1 179 178 1410
1669 2 2 1 1 1185 707 1709
1670 2 2 1 1 1547 1106 1561
1671 2 2 1 1 196 195 1370
1672 2 2 1 1 661 657 662
1673 2 2 1 1 1311 952 1312
1674 2 2 1 1 1336 1238 1807
1675 2 2 1 1 262 261 873
1676 2 2 1 1 1154 936 1854
1677 2 2 1 1 733 729 1453
1678 2 2 1 1 928 929 930
1679 2 2 1 1 699 1299 1889
1680 2 2 1 1 585 586 587
1681 2 2 1 1 1305 792 1710
1682 2 2 1 1 1006 1249 1450
1683 2 2 1 1 201 200 1400
1684 2 2 1 1 1624 649 1902
1685 2 2 1 1 587 586 588
1686 2 2 1 1 181 180 1352
1687 2 2 1 1 1483 1224 1703
1688 2 2 1 1 600 606 1493
1689 2 2 1 1 1574 1575 1577
1690 2 2 1 1 625 628 1376
1691 2 2 1 1 265 264 1420
1692 2 2 1 1 725 825 826
1693 2 2 1 1 203 202 1398
1694 2 2 1 1 267 266 1389
1695 2 2 1 1 1106 1547 1549
1696 2 2 1 1 1200 1199 1201
1697 2 2 1 1 198 197 1328
1698 2 2 1 1 185 184 609
1699 2 2 1 1 1194 1797 1800
1700 2 2 1 1 1733 1231 1742
1701 2 2 1 1 1034 1033 1035
1702 2 2 1 1 705 677 706
1703 2 2 1 1 1539 1735 1828
1704 2 2 1 1 189 188 607
1705 2 2 1 1 1032 1031 1033
1706 2 2 1 1 1231 547 1508
1707 2 2 1 1 995 630 1667
1708 2 2 1 1 620 621 622
1709 2 2 1 1 1558 1557 1562
1710 2 2 1 1 1022 1631 1738
1711 2 2 1 1 1076 1597 1725
1712 2 2 1 1 993 996 1740
1713 2 2 1 1 825 992 1253
1714 2 2 1 1 1323 1672 1726
1715 2 2 1 1 199 198 1349
1716 2 2 1 1 182 181 1402
1717 2 2 1 1 204 203 788
1718 2 2 1 1 1197 975 1752
1719 2 2 1 1 1543 1546 1547
1720 2 2 1 1 1094 1577 1840
1721 2 2 1 1 1549 1550 1551
1722 2 2 1 1 665 671 673
1723 2 2 1 1 184 183 1404
1724 2 2 1 1 734 739 1031
1725 2 2 1 1 190 189 1368
1726 2 2 1 1 632 842 1507
1727 2 2 1 1 186 185 1394
1728 2 2 1 1 200 199 787
1729 2 2 1 1 188 187 1401
1730 2 2 1 1 195 194 921
1731 2 2 1 1 574 575 576
1732 2 2 1 1 193 192 608
1733 2 2 1 1 1165 1644 1675
1734 2 2 1 1 1406 713 1487
1735 2 2 1 1 1268 1104 1825
1736 2 2 1 1 194 193 1377
1737 2 2 1 1 1797 1799 1800
1738 2 2 1 1 1781 1776 1790
1739 2 2 1 1 682 681 683
1740 2 2 1 1 269 268 1397
1741 2 2 1 1 633 624 634
1742 2 2 1 1 191 190 1123
1743 2 2 1 1 192 191 1392
1744 2 2 1 1 99 98 1769
1745 2 2 1 1 1227 1153 1821
1746 2 2 1 1 178 177 985
1747 2 2 1 1 824 901 902
1748 2 2 1 1 183 182 965
1749 2 2 1 1 1393 1120 1704
1750 2 2 1 1 576 578 579
1751 2 2 1 1 1176 1097 1868
1752 2 2 1 1 187 186 967
1753 2 2 1 1 1316 976 1763
1754 2 2 1 1 1310 1140 1753
1755 2 2 1 1 1282 1160 1820
1756 2 2 1 1 266 265 977
1757 2 2 1 1 873 1403 1665
1758 2 2 1 1 1434 1197 1752
1759 2 2 1 1 1551 1552 1553
1760 2 2 1 1 202 201 748
1761 2 2 1 1 1051 1765 1917
1762 2 2 1 1 1251 795 1619
1763 2 2 1 1 951 1366 1479
1764 2 2 1 1 1295 684 1510
1765 2 2 1 1 585 583 586
1766 2 2 1 1 1247 956 1879
1767 2 2 1 1 1497 1155 1820
1768 2 2 1 1 1244 1243 1824
1769 2 2 1 1 1593 1107 1695
1770 2 2 1 1 1796 1792 1801
1771 2 2 1 1 947 1244 1480
1772 2 2 1 1 1008 1009 1010
1773 2 2 1 1 1592 1614 1767
1774 2 2 1 1 176 175 717
1775 2 2 1 1 1382 1677 1698
1776 2 2 1 1 177 176 1421
1777 2 2 1 1 980 799 1659
1778 2 2 1 1 1245 700 1847
1779 2 2 1 1 673 678 679
1780 2 2 1 1 744 742 1039
1781 2 2 1 1 1043 1042 1044
1782 2 2 1 1 1526 1525 1759
1783 2 2 1 1 579 580 581
1784 2 2 1 1 1011 1017 1673
1785 2 2 1 1 808 1310 1753
1786 2 2 1 1 954 1456 1488
1787 2 2 1 1 739 740 1284
1788 2 2 1 1 886 888 889
1789 2 2 1 1 647 648 674
1790 2 2 1 1 726 727 734
1791 2 2 1 1 642 643 647
1792 2 2 1 1 580 578 697
1793 2 2 1 1 574 572 575
1794 2 2 1 1 915 920 1327
1795 2 2 1 1 270 269 1434
1796 2 2 1 1 635 634 636
1797 2 2 1 1 1197 1397 1643
1798 2 2 1 1 1574 1094 1633
1799 2 2 1 1 1306 1190 1761
1800 2 2 1 1 1130 1636 1698
1801 2 2 1 1 593 600 1493
1802 2 2 1 1 175 174 1423
1803 2 2 1 1 679 680 681
1804 2 2 1 1 637 636 638
1805 2 2 1 1 1780 1776 1781
1806 2 2 1 1 698 1301 1900
1807 2 2 1 1 781 780 782
1808 2 2 1 1 1786 88 1816
1809 2 2 1 1 706 677 1418
1810 2 2 1 1 170 6 821
1811 2 2 1 1 1472 1266 1518
1812 2 2 1 1 1191 1091 1192
1813 2 2 1 1 1166 1097 1193
1814 2 2 1 1 881 884 885
1815 2 2 1 1 824 731 901
1816 2 2 1 1 576 575 578
1817 2 2 1 1 1131 731 1466
1818 2 2 1 1 1344 1154 1345
1819 2 2 1 1 734 727 739
1820 2 2 1 1 661 696 726
1821 2 2 1 1 1673 1329 1764
1822 2 2 1 1 1407 841 1622
1823 2 2 1 1 1270 797 1843
1824 2 2 1 1 572 569 1409
1825 2 2 1 1 1399 1475 1837
1826 2 2 1 1 579 578 580
1827 2 2 1 1 1773 1772 1775
1828 2 2 1 1 829 1733 1742
1829 2 2 1 1 569 1245 1409
1830 2 2 1 1 637 645 676
1831 2 2 1 1 1180 1181 1329
1832 2 2 1 1 576 579 1888
1833 2 2 1 1 5 270 818
1834 2 2 1 1 642 647 668
1835 2 2 1 1 1124 1369 1427
1836 2 2 1 1 1201 1199 1841
1837 2 2 1 1 115 114 1075
1838 2 2 1 1 1142 1021 1223
1839 2 2 1 1 1118 736 1422
1840 2 2 1 1 845 970 1713
1841 2 2 1 1 171 170 1435
1842 2 2 1 1 920 1122 1327
1843 2 2 1 1 824 902 1384
1844 2 2 1 1 1058 1520 1874
1845 2 2 1 1 730 731 824
1846 2 2 1 1 169 1046 1265
1847 2 2 1 1 871 875 876
1848 2 2 1 1 1128 1242 1430
1849 2 2 1 1 829 1240 1733
1850 2 2 1 1 654 656 660
1851 2 2 1 1 174 173 1449
1852 2 2 1 1 842 663 843
1853 2 2 1 1 1019 1222 1747
1854 2 2 1 1 949 943 1113
1855 2 2 1 1 1418 645 1438
1856 2 2 1 1 100 99 1083
1857 2 2 1 1 637 638 645
1858 2 2 1 1 889 890 894
1859 2 2 1 1 1554 1556 1557
1860 2 2 1 1 988 1605 1606
1861 2 2 1 1 1056 1060 1515
1862 2 2 1 1 952 843 953
1863 2 2 1 1 1157 1316 1763
1864 2 2 1 1 532 1485 1499
1865 2 2 1 1 44 45 1497
1866 2 2 1 1 1060 1061 1064
1867 2 2 1 1 927 928 1863
1868 2 2 1 1 1124 1427 1428
1869 2 2 1 1 1124 1428 1509
1870 2 2 1 1 841 830 1622
1871 2 2 1 1 670 1309 1431
1872 2 2 1 1 861 865 866
1873 2 2 1 1 172 171 1436
1874 2 2 1 1 94 1089 1777
1875 2 2 1 1 115 1075 1609
1876 2 2 1 1 1578 1767 1768
1877 2 2 1 1 1537 1092 1877
1878 2 2 1 1 1095 1087 1855
1879 2 2 1 1 725 724 825
1880 2 2 1 1 1148 1690 1854
1881 2 2 1 1 1022 1020 1025
1882 2 2 1 1 1293 1649 1718
1883 2 2 1 1 173 172 716
1884 2 2 1 1 794 1206 1419
1885 2 2 1 1 710 832 1422
1886 2 2 1 1 635 636 637
1887 2 2 1 1 1435 821 1850
1888 2 2 1 1 902 901 1459
1889 2 2 1 1 990 987 1606
1890 2 2 1 1 751 749 802
1891 2 2 1 1 704 705 730
1892 2 2 1 1 1512 1373 1514
1893 2 2 1 1 885 886 1320
1894 2 2 1 1 1603 808 1753
1895 2 2 1 1 698 724 725
1896 2 2 1 1 1540 1624 1626
1897 2 2 1 1 736 709 1422
1898 2 2 1 1 658 76 1806
1899 2 2 1 1 844 961 1613
1900 2 2 1 1 1511 1426 1898
1901 2 2 1 1 98 97 1770
1902 2 2 1 1 1035 1319 1754
1903 2 2 1 1 1177 1780 1782
1904 2 2 1 1 862 1386 1387
1905 2 2 1 1 741 1306 1761
1906 2 2 1 1 1576 1570 1615
1907 2 2 1 1 965 1402 1712
1908 2 2 1 1 996 1463 1642
1909 2 2 1 1 1122 1509 1603
1910 2 2 1 1 698 697 724
1911 2 2 1 1 218 217 1601
1912 2 2 1 1 999 627 1516
1913 2 2 1 1 709 710 1422
1914 2 2 1 1 1041 1042 1043
1915 2 2 1 1 937 935 940
1916 2 2 1 1 1422 832 1656
1917 2 2 1 1 1366 788 1367
1918 2 2 1 1 1006 1005 1007
1919 2 2 1 1 933 930 1340
1920 2 2 1 1 730 705 731
1921 2 2 1 1 1212 1451 1895
1922 2 2 1 1 676 677 704
1923 2 2 1 1 1319 1146 1754
1924 2 2 1 1 1127 991 1128
1925 2 2 1 1 755 753 793
1926 2 2 1 1 1235 1138 1682
1927 2 2 1 1 644 1376 1757
1928 2 2 1 1 810 804 811
1929 2 2 1 1 939 929 1278
1930 2 2 1 1 802 1432 1463
1931 2 2 1 1 876 877 879
1932 2 2 1 1 969 1314 1757
1933 2 2 1 1 101 100 1614
1934 2 2 1 1 990 1360 1510
1935 2 2 1 1 1559 1550 1560
1936 2 2 1 1 910 908 954
1937 2 2 1 1 94 93 1089
1938 2 2 1 1 850 826 1451
1939 2 2 1 1 953 991 1127
1940 2 2 1 1 538 1254 1696
1941 2 2 1 1 726 696 727
1942 2 2 1 1 707 666 1709
1943 2 2 1 1 914 912 924
1944 2 2 1 1 761 759 800
1945 2 2 1 1 866 897 1330
1946 2 2 1 1 960 1260 1862
1947 2 2 1 1 1524 1527 1533
1948 2 2 1 1 661 662 696
1949 2 2 1 1 633 634 635
1950 2 2 1 1 923 917 1171
1951 2 2 1 1 767 765 786
1952 2 2 1 1 1660 822 1906
1953 2 2 1 1 786 1324 1498
1954 2 2 1 1 967 1395 1396
1955 2 2 1 1 580 697 698
1956 2 2 1 1 928 926 929
1957 2 2 1 1 876 879 1445
1958 2 2 1 1 107 106 672
1959 2 2 1 1 866 867 897
1960 2 2 1 1 223 1345 1513
1961 2 2 1 1 1601 616 1682
1962 2 2 1 1 1073 1078 1084
1963 2 2 1 1 1018 1011 1673
1964 2 2 1 1 635 637 1429
1965 2 2 1 1 885 1320 1321
1966 2 2 1 1 1418 1438 1439
1967 2 2 1 1 704 677 705
1968 2 2 1 1 1376 1183 1757
1969 2 2 1 1 1679 1074 1707
1970 2 2 1 1 1520 1058 1765
1971 2 2 1 1 1065 1068 1070
1972 2 2 1 1 679 681 682
1973 2 2 1 1 783 782 784
1974 2 2 1 1 837 838 839
1975 2 2 1 1 953 843 991
1976 2 2 1 1 606 611 958
1977 2 2 1 1 1262 1766 1869
1978 2 2 1 1 1324 805 1498
1979 2 2 1 1 893 1302 1706
1980 2 2 1 1 1002 999 1516
1981 2 2 1 1 1142 1223 1500
1982 2 2 1 1 941 940 946
1983 2 2 1 1 1799 1024 1802
1984 2 2 1 1 1163 1480 1838
1985 2 2 1 1 1524 1525 1526
1986 2 2 1 1 1388 1179 1403
1987 2 2 1 1 1165 1347 1644
1988 2 2 1 1 775 773 790
1989 2 2 1 1 1312 952 1458
1990 2 2 1 1 1413 1412 1414
1991 2 2 1 1 104 103 1082
1992 2 2 1 1 1480 1244 1838
1993 2 2 1 1 87 86 659
1994 2 2 1 1 1118 1422 1656
1995 2 2 1 1 634 624 1441
1996 2 2 1 1 1411 985 1412
1997 2 2 1 1 897 867 1305
1998 2 2 1 1 1163 973 1480
1999 2 2 1 1 1845 1585 1909
2000 2 2 1 1 1005 1002 1226
2001 2 2 1 1 77 76 658
2002 2 2 1 1 103 102 1635
2003 2 2 1 1 120 119 1555
2004 2 2 1 1 771 769 805
2005 2 2 1 1 1432 1233 1463
2006 2 2 1 1 1177 1782 1783
2007 2 2 1 1 622 623 624
2008 2 2 1 1 1527 1528 1529
2009 2 2 1 1 1554 1557 1558
2010 2 2 1 1 1066 1823 1877
2011 2 2 1 1 1023 1505 1803
2012 2 2 1 1 952 953 1458
2013 2 2 1 1 125 124 1639
2014 2 2 1 1 684 1295 1599
2015 2 2 1 1 700 565 1292
2016 2 2 1 1 606 958 1493
2017 2 2 1 1 110 109 1076
2018 2 2 1 1 224 223 1513
2019 2 2 1 1 895 1315 1485
2020 2 2 1 1 102 101 1079
2021 2 2 1 1 126 125 957
2022 2 2 1 1 1315 896 1499
2023 2 2 1 1 676 645 677
2024 2 2 1 1 1099 1524 1533
2025 2 2 1 1 113 112 1679
2026 2 2 1 1 111 110 1645
2027 2 2 1 1 613 618 695
2028 2 2 1 1 145 144 1062
2029 2 2 1 1 1557 1556 1714
2030 2 2 1 1 121 120 1581
2031 2 2 1 1 123 122 1647
2032 2 2 1 1 1536 1535 1537
2033 2 2 1 1 1776 1775 1790
2034 2 2 1 1 996 1642 1740
2035 2 2 1 1 146 145 1541
2036 2 2 1 1 1022 1025 1912
2037 2 2 1 1 886 889 1320
2038 2 2 1 1 930 929 939
2039 2 2 1 1 833 831 1734
2040 2 2 1 1 1403 1179 1665
2041 2 2 1 1 1079 1594 1635
2042 2 2 1 1 124 123 1081
2043 2 2 1 1 1182 570 1860
2044 2 2 1 1 243 540 1348
2045 2 2 1 1 122 121 1080
2046 2 2 1 1 137 136 1067
2047 2 2 1 1 540 242 1336
2048 2 2 1 1 1000 1372 1426
2049 2 2 1 1 1556 1552 1580
2050 2 2 1 1 112 111 1074
2051 2 2 1 1 665 673 1126
2052 2 2 1 1 826 825 1451
2053 2 2 1 1 1063 1640 1663
2054 2 2 1 1 1677 1130 1698
2055 2 2 1 1 129 128 1107
2056 2 2 1 1 1013 1012 1014
2057 2 2 1 1 1525 1523 1626
2058 2 2 1 1 1558 1562 1563
2059 2 2 1 1 982 1437 1850
2060 2 2 1 1 1418 1439 1440
2061 2 2 1 1 136 135 1582
2062 2 2 1 1 1008 1007 1009
2063 2 2 1 1 1295 971 1599
2064 2 2 1 1 602 1390 1643
2065 2 2 1 1 529 1239 1711
2066 2 2 1 1 135 134 1545
2067 2 2 1 1 18 19 1890
2068 2 2 1 1 251 598 1350
2069 2 2 1 1 598 250 1339
2070 2 2 1 1 598 1339 1455
2071 2 2 1 1 1026 1025 1143
2072 2 2 1 1 539 221 1343
2073 2 2 1 1 1460 839 1669
2074 2 2 1 1 882 244 1348
2075 2 2 1 1 1794 1796 1797
2076 2 2 1 1 1336 241 1375
2077 2 2 1 1 117 116 1610
2078 2 2 1 1 1010 1011 1012
2079 2 2 1 1 1427 1396 1428
2080 2 2 1 1 984 1256 1417
2081 2 2 1 1 989 1218 1219
2082 2 2 1 1 35 36 1648
2083 2 2 1 1 623 714 1441
2084 2 2 1 1 1771 1579 1805
2085 2 2 1 1 144 143 1663
2086 2 2 1 1 789 252 1350
2087 2 2 1 1 1230 1231 1733
2088 2 2 1 1 1508 896 1742
2089 2 2 1 1 1183 969 1757
2090 2 2 1 1 1405 981 1681
2091 2 2 1 1 1506 1194 1800
2092 2 2 1 1 1225 1650 1914
2093 2 2 1 1 599 246 1346
2094 2 2 1 1 90 1090 1830
2095 2 2 1 1 590 1302 1705
2096 2 2 1 1 713 1255 1487
2097 2 2 1 1 245 882 1346
2098 2 2 1 1 247 599 1351
2099 2 2 1 1 632 633 663
2100 2 2 1 1 249 872 1339
2101 2 2 1 1 590 231 1353
2102 2 2 1 1 1330 897 1331
2103 2 2 1 1 592 236 1359
2104 2 2 1 1 253 789 1355
2105 2 2 1 1 872 248 1351
2106 2 2 1 1 90 89 1090
2107 2 2 1 1 237 592 1361
2108 2 2 1 1 1302 893 1705
2109 2 2 1 1 1359 235 1371
2110 2 2 1 1 591 226 1357
2111 2 2 1 1 207 564 1381
2112 2 2 1 1 776 254 1355
2113 2 2 1 1 1034 1035 1754
2114 2 2 1 1 227 591 1358
2115 2 2 1 1 238 1361 1385
2116 2 2 1 1 961 1408 1613
2117 2 2 1 1 234 893 1371
2118 2 2 1 1 563 196 1370
2119 2 2 1 1 240 878 1375
2120 2 2 1 1 230 945 1353
2121 2 2 1 1 575 572 1409
2122 2 2 1 1 220 932 1343
2123 2 2 1 1 1011 1009 1017
2124 2 2 1 1 228 1358 1379
2125 2 2 1 1 878 239 1385
2126 2 2 1 1 564 206 1341
2127 2 2 1 1 147 146 1532
2128 2 2 1 1 939 1278 1279
2129 2 2 1 1 255 776 1386
2130 2 2 1 1 1515 1205 1837
2131 2 2 1 1 945 229 1379
2132 2 2 1 1 614 213 1354
2133 2 2 1 1 1586 1597 1598
2134 2 2 1 1 616 216 1363
2135 2 2 1 1 114 113 1678
2136 2 2 1 1 225 938 1357
2137 2 2 1 1 560 179 1410
2138 2 2 1 1 1092 1543 1561
2139 2 2 1 1 603 263 1383
2140 2 2 1 1 1354 212 1374
2141 2 2 1 1 197 563 1328
2142 2 2 1 1 558 258 1380
2143 2 2 1 1 894 890 1638
2144 2 2 1 1 638 640 1438
2145 2 2 1 1 674 648 1481
2146 2 2 1 1 932 219 1378
2147 2 2 1 1 1800 1799 1802
2148 2 2 1 1 211 615 1374
2149 2 2 1 1 92 91 1088
2150 2 2 1 1 862 256 1386
2151 2 2 1 1 1305 869 1470
2152 2 2 1 1 180 560 1352
2153 2 2 1 1 1025 1026 1912
2154 2 2 1 1 1106 1549 1831
2155 2 2 1 1 666 685 1709
2156 2 2 1 1 1534 1530 1881
2157 2 2 1 1 257 862 1380
2158 2 2 1 1 887 1237 1646
2159 2 2 1 1 553 68 1732
2160 2 2 1 1 60 551 1731
2161 2 2 1 1 804 783 1442
2162 2 2 1 1 615 210 1364
2163 2 2 1 1 259 558 1388
2164 2 2 1 1 1382 1029 1677
2165 2 2 1 1 1797 1798 1799
2166 2 2 1 1 918 208 1381
2167 2 2 1 1 632 624 633
2168 2 2 1 1 1423 1449 1814
2169 2 2 1 1 1256 983 1712
2170 2 2 1 1 1196 1113 1604
2171 2 2 1 1 602 267 1389
2172 2 2 1 1 159 158 649
2173 2 2 1 1 1337 31 1745
2174 2 2 1 1 1338 40 1746
2175 2 2 1 1 264 603 1420
2176 2 2 1 1 86 85 1789
2177 2 2 1 1 209 918 1364
2178 2 2 1 1 989 1219 1719
2179 2 2 1 1 1341 205 1365
2180 2 2 1 1 78 77 1804
2181 2 2 1 1 1031 739 1462
2182 2 2 1 1 1562 1557 1588
2183 2 2 1 1 783 784 1442
2184 2 2 1 1 1016 1153 1255
2185 2 2 1 1 1084 1085 1086
2186 2 2 1 1 1640 1534 1881
2187 2 2 1 1 1070 1071 1072
2188 2 2 1 1 799 807 1659
2189 2 2 1 1 260 1388 1403
2190 2 2 1 1 570 1225 1914
2191 2 2 1 1 1121 1393 1717
2192 2 2 1 1 967 1396 1401
2193 2 2 1 1 1505 1800 1802
2194 2 2 1 1 622 624 632
2195 2 2 1 1 1552 1559 1580
2196 2 2 1 1 1103 1571 1633
2197 2 2 1 1 262 873 1383
2198 2 2 1 1 1485 1315 1499
2199 2 2 1 1 825 1253 1451
2200 2 2 1 1 1785 1787 1792
2201 2 2 1 1 839 1040 1669
2202 2 2 1 1 1180 1329 1751
2203 2 2 1 1 1820 1160 1915
2204 2 2 1 1 1299 699 1905
2205 2 2 1 1 1049 1048 1050
2206 2 2 1 1 1202 1201 1916
2207 2 2 1 1 268 602 1397
2208 2 2 1 1 637 676 1429
2209 2 2 1 1 130 129 1708
2210 2 2 1 1 1298 1297 1872
2211 2 2 1 1 1010 1009 1011
2212 2 2 1 1 1785 1792 1794
2213 2 2 1 1 1308 670 1827
2214 2 2 1 1 1040 840 1041
2215 2 2 1 1 873 261 1403
2216 2 2 1 1 1531 1534 1535
2217 2 2 1 1 1087 1095 1096
2218 2 2 1 1 1495 1109 1697
2219 2 2 1 1 1391 1453 1692
2220 2 2 1 1 162 161 1474
2221 2 2 1 1 955 1887 1910
2222 2 2 1 1 1023 1504 1505
2223 2 2 1 1 195 921 1370
2224 2 2 1 1 807 815 1659
2225 2 2 1 1 945 1379 1835
2226 2 2 1 1 233 232 1705
2227 2 2 1 1 879 877 1461
2228 2 2 1 1 877 881 1461
2229 2 2 1 1 198 1328 1349
2230 2 2 1 1 204 788 1365
2231 2 2 1 1 1408 541 1613
2232 2 2 1 1 1524 1526 1527
2233 2 2 1 1 155 154 1722
2234 2 2 1 1 1448 965 1712
2235 2 2 1 1 1367 788 1398
2236 2 2 1 1 648 654 1481
2237 2 2 1 1 1433 581 1900
2238 2 2 1 1 1456 954 1478
2239 2 2 1 1 1260 1230 1862
2240 2 2 1 1 1048 1044 1210
2241 2 2 1 1 989 987 990
2242 2 2 1 1 189 607 1368
2243 2 2 1 1 156 155 1054
2244 2 2 1 1 96 95 1778
2245 2 2 1 1 607 188 1401
2246 2 2 1 1 185 609 1394
2247 2 2 1 1 787 199 1349
2248 2 2 1 1 181 1352 1402
2249 2 2 1 1 609 184 1404
2250 2 2 1 1 143 142 1063
2251 2 2 1 1 782 780 785
2252 2 2 1 1 1419 859 1477
2253 2 2 1 1 139 138 1069
2254 2 2 1 1 1539 1535 1640
2255 2 2 1 1 200 787 1400
2256 2 2 1 1 217 616 1601
2257 2 2 1 1 1378 218 1601
2258 2 2 1 1 788 203 1398
2259 2 2 1 1 739 1284 1462
2260 2 2 1 1 178 985 1410
2261 2 2 1 1 1284 1172 1462
2262 2 2 1 1 930 939 1340
2263 2 2 1 1 921 194 1377
2264 2 2 1 1 41 554 1746
2265 2 2 1 1 32 552 1745
2266 2 2 1 1 1412 985 1421
2267 2 2 1 1 869 871 1470
2268 2 2 1 1 154 153 1052
2269 2 2 1 1 193 608 1377
2270 2 2 1 1 1301 1433 1900
2271 2 2 1 1 1148 1304 1690
2272 2 2 1 1 1123 190 1368
2273 2 2 1 1 645 638 1438
2274 2 2 1 1 608 192 1392
2275 2 2 1 1 1192 1178 1879
2276 2 2 1 1 953 1127 1860
2277 2 2 1 1 1626 1054 1627
2278 2 2 1 1 142 141 1735
2279 2 2 1 1 839 840 1040
2280 2 2 1 1 748 201 1400
2281 2 2 1 1 140 139 1736
2282 2 2 1 1 1253 538 1895
2283 2 2 1 1 191 1123 1392
2284 2 2 1 1 943 941 1469
2285 2 2 1 1 202 748 1398
2286 2 2 1 1 732 1688 1876
2287 2 2 1 1 599 1346 1347
2288 2 2 1 1 1411 1412 1413
2289 2 2 1 1 187 967 1401
2290 2 2 1 1 977 265 1420
2291 2 2 1 1 967 186 1394
2292 2 2 1 1 266 977 1389
2293 2 2 1 1 1012 1011 1018
2294 2 2 1 1 1779 1776 1780
2295 2 2 1 1 697 578 1612
2296 2 2 1 1 97 543 1770
2297 2 2 1 1 1361 592 1362
2298 2 2 1 1 1214 979 1750
2299 2 2 1 1 965 182 1402
2300 2 2 1 1 1055 1056 1515
2301 2 2 1 1 1395 1720 1721
2302 2 2 1 1 742 718 1718
2303 2 2 1 1 183 965 1404
2304 2 2 1 1 938 224 1513
2305 2 2 1 1 1277 972 1911
2306 2 2 1 1 1546 1584 1909
2307 2 2 1 1 1887 982 1910
2308 2 2 1 1 828 829 1742
2309 2 2 1 1 1483 674 1484
2310 2 2 1 1 106 105 1715
2311 2 2 1 1 685 1325 1709
2312 2 2 1 1 859 861 1477
2313 2 2 1 1 754 1456 1478
2314 2 2 1 1 941 946 1469
2315 2 2 1 1 1060 1119 1515
2316 2 2 1 1 1566 1565 1615
2317 2 2 1 1 1278 929 1491
2318 2 2 1 1 232 590 1705
2319 2 2 1 1 570 1458 1860
2320 2 2 1 1 1459 901 1727
2321 2 2 1 1 1047 1044 1048
2322 2 2 1 1 85 84 1788
2323 2 2 1 1 1146 1037 1754
2324 2 2 1 1 1226 1002 1516
2325 2 2 1 1 972 1360 1911
2326 2 2 1 1 1625 160 1755
2327 2 2 1 1 558 1380 1405
2328 2 2 1 1 79 78 1793
2329 2 2 1 1 815 819 822
2330 2 2 1 1 1465 1202 1916
2331 2 2 1 1 1398 748 1883
2332 2 2 1 1 150 149 1608
2333 2 2 1 1 893 233 1705
2334 2 2 1 1 765 763 1489
2335 2 2 1 1 1772 543 1778
2336 2 2 1 1 84 83 1784
2337 2 2 1 1 611 613 1494
2338 2 2 1 1 985 177 1421
2339 2 2 1 1 1016 1014 1152
2340 2 2 1 1 703 1493 1744
2341 2 2 1 1 1563 1564 1565
2342 2 2 1 1 853 1206 1634
2343 2 2 1 1 935 933 1482
2344 2 2 1 1 1577 1101 1840
2345 2 2 1 1 1132 1687 1907
2346 2 2 1 1 564 1341 1342
2347 2 2 1 1 918 1381 1382
2348 2 2 1 1 769 767 1498
2349 2 2 1 1 153 152 1758
2350 2 2 1 1 727 696 1749
2351 2 2 1 1 1281 741 1761
2352 2 2 1 1 552 1276 1857
2353 2 2 1 1 753 751 1486
2354 2 2 1 1 269 1397 1434
2355 2 2 1 1 542 117 1610
2356 2 2 1 1 176 717 1421
2357 2 2 1 1 1500 1503 1657
2358 2 2 1 1 1274 1273 1892
2359 2 2 1 1 837 839 1460
2360 2 2 1 1 1347 1165 1813
2361 2 2 1 1 1492 946 1616
2362 2 2 1 1 712 576 1888
2363 2 2 1 1 215 214 1762
2364 2 2 1 1 80 79 1795
2365 2 2 1 1 1119 1064 1191
2366 2 2 1 1 1060 1064 1119
2367 2 2 1 1 1363 215 1762
2368 2 2 1 1 722 987 989
2369 2 2 1 1 1179 1388 1681
2370 2 2 1 1 214 614 1762
2371 2 2 1 1 926 923 1491
2372 2 2 1 1 1811 1010 1880
2373 2 2 1 1 119 118 1819
2374 2 2 1 1 832 844 1656
2375 2 2 1 1 1446 1500 1657
2376 2 2 1 1 163 162 1662
2377 2 2 1 1 131 130 1108
2378 2 2 1 1 134 133 1602
2379 2 2 1 1 1340 939 1476
2380 2 2 1 1 917 914 1490
2381 2 2 1 1 647 674 1483
2382 2 2 1 1 976 1390 1763
2383 2 2 1 1 1332 1350 1808
2384 2 2 1 1 651 1736 1828
2385 2 2 1 1 866 1330 1477
2386 2 2 1 1 912 910 1488
2387 2 2 1 1 1365 788 1366
2388 2 2 1 1 1275 546 1915
2389 2 2 1 1 635 1429 1664
2390 2 2 1 1 717 175 1423
2391 2 2 1 1 141 140 651
2392 2 2 1 1 1783 1817 1861
2393 2 2 1 1 1767 1083 1768
2394 2 2 1 1 1325 1185 1709
2395 2 2 1 1 876 1445 1470
2396 2 2 1 1 1266 1046 1701
2397 2 2 1 1 1029 1382 1689
2398 2 2 1 1 109 108 1680
2399 2 2 1 1 148 147 1607
2400 2 2 1 1 157 156 1743
2401 2 2 1 1 1608 1760 1810
2402 2 2 1 1 620 1507 1812
2403 2 2 1 1 1083 99 1769
2404 2 2 1 1 624 623 1441
2405 2 2 1 1 93 92 1834
2406 2 2 1 1 1114 1332 1808
2407 2 2 1 1 706 1418 1440
2408 2 2 1 1 654 660 1481
2409 2 2 1 1 1768 1083 1769
2410 2 2 1 1 1155 1282 1820
2411 2 2 1 1 1447 1423 1814
2412 2 2 1 1 128 127 1694
2413 2 2 1 1 921 1377 1467
2414 2 2 1 1 1016 1152 1153
2415 2 2 1 1 552 1337 1745
2416 2 2 1 1 554 1338 1746
2417 2 2 1 1 885 1321 1461
2418 2 2 1 1 773 771 1511
2419 2 2 1 1 811 804 1442
2420 2 2 1 1 1650 1312 1914
2421 2 2 1 1 1049 1057 1098
2422 2 2 1 1 881 885 1461
2423 2 2 1 1 608 1392 1393
2424 2 2 1 1 1105 1533 1894
2425 2 2 1 1 634 1441 1815
2426 2 2 1 1 890 892 1638
2427 2 2 1 1 1362 1135 1646
2428 2 2 1 1 83 82 1832
2429 2 2 1 1 1098 1057 1277
2430 2 2 1 1 1123 1368 1369
2431 2 2 1 1 642 668 1748
2432 2 2 1 1 1604 795 1620
2433 2 2 1 1 1733 1240 1862
2434 2 2 1 1 668 647 1483
2435 2 2 1 1 989 990 1218
2436 2 2 1 1 633 635 1664
2437 2 2 1 1 1578 1768 1805
2438 2 2 1 1 545 1285 1739
2439 2 2 1 1 967 1394 1395
2440 2 2 1 1 543 96 1778
2441 2 2 1 1 1579 1101 1875
2442 2 2 1 1 763 761 1672
2443 2 2 1 1 844 1613 1656
2444 2 2 1 1 1208 1601 1682
2445 2 2 1 1 1577 1578 1875
2446 2 2 1 1 1404 965 1448
2447 2 2 1 1 1049 1050 1057
2448 2 2 1 1 818 270 1434
2449 2 2 1 1 1771 543 1772
2450 2 2 1 1 81 80 1801
2451 2 2 1 1 1466 706 1756
2452 2 2 1 1 1423 174 1449
2453 2 2 1 1 656 661 1496
2454 2 2 1 1 1065 1070 1666
2455 2 2 1 1 1410 985 1411
2456 2 2 1 1 1299 956 1889
2457 2 2 1 1 151 150 1810
2458 2 2 1 1 1067 1591 1653
2459 2 2 1 1 1387 1356 1691
2460 2 2 1 1 961 845 1713
2461 2 2 1 1 170 821 1435
2462 2 2 1 1 152 151 1053
2463 2 2 1 1 1792 1027 1801
2464 2 2 1 1 1262 1158 1822
2465 2 2 1 1 778 775 1512
2466 2 2 1 1 132 131 1845
2467 2 2 1 1 1353 1298 1872
2468 2 2 1 1 1785 1794 1818
2469 2 2 1 1 871 876 1470
2470 2 2 1 1 1439 1438 1748
2471 2 2 1 1 1573 1586 1716
2472 2 2 1 1 751 802 1486
2473 2 2 1 1 127 1590 1694
2474 2 2 1 1 1113 943 1469
2475 2 2 1 1 88 87 1816
2476 2 2 1 1 721 1670 1903
2477 2 2 1 1 1068 1561 1826
2478 2 2 1 1 581 580 1900
2479 2 2 1 1 1567 1679 1707
2480 2 2 1 1 1568 1566 1569
2481 2 2 1 1 1375 878 1630
2482 2 2 1 1 1583 1545 1584
2483 2 2 1 1 821 1112 1850
2484 2 2 1 1 1069 1653 1737
2485 2 2 1 1 1596 1078 1884
2486 2 2 1 1 1169 1391 1692
2487 2 2 1 1 831 841 1734
2488 2 2 1 1 1327 1122 1603
2489 2 2 1 1 933 1340 1482
2490 2 2 1 1 661 726 1496
2491 2 2 1 1 118 542 1819
2492 2 2 1 1 1760 1053 1810
2493 2 2 1 1 1563 1566 1568
2494 2 2 1 1 1089 1775 1777
2495 2 2 1 1 562 1454 1867
2496 2 2 1 1 663 633 1664
2497 2 2 1 1 167 166 1267
2498 2 2 1 1 1271 1337 1741
2499 2 2 1 1 1050 1055 1475
2500 2 2 1 1 696 662 1641
2501 2 2 1 1 160 159 1755
2502 2 2 1 1 164 163 1661
2503 2 2 1 1 171 1435 1436
2504 2 2 1 1 1064 1065 1666
2505 2 2 1 1 1232 995 1667
2506 2 2 1 1 138 137 1865
2507 2 2 1 1 1070 1072 1091
2508 2 2 1 1 1623 1587 1625
2509 2 2 1 1 954 1471 1478
2510 2 2 1 1 861 866 1477
2511 2 2 1 1 660 656 1496
2512 2 2 1 1 679 682 1658
2513 2 2 1 1 1047 1049 1605
2514 2 2 1 1 1453 1274 1692
2515 2 2 1 1 1333 1115 1809
2516 2 2 1 1 939 1279 1476
2517 2 2 1 1 1026 1143 1766
2518 2 2 1 1 1230 1733 1862
2519 2 2 1 1 1135 1362 1671
2520 2 2 1 1 1694 1590 1695
2521 2 2 1 1 901 1131 1727
2522 2 2 1 1 1138 1235 1863
2523 2 2 1 1 82 81 1027
2524 2 2 1 1 1314 644 1757
2525 2 2 1 1 717 1423 1447
2526 2 2 1 1 910 954 1488
2527 2 2 1 1 1558 1563 1568
2528 2 2 1 1 173 716 1449
2529 2 2 1 1 914 924 1490
2530 2 2 1 1 1360 1295 1510
2531 2 2 1 1 116 1609 1610
2532 2 2 1 1 1091 1072 1178
2533 2 2 1 1 577 703 1699
2534 2 2 1 1 1096 1097 1166
2535 2 2 1 1 1128 1430 1864
2536 2 2 1 1 1037 1034 1754
2537 2 2 1 1 923 1171 1491
2538 2 2 1 1 786 765 1489
2539 2 2 1 1 1047 1048 1049
2540 2 2 1 1 780 778 1514
2541 2 2 1 1 716 172 1436
2542 2 2 1 1 940 935 1482
2543 2 2 1 1 1043 1044 1047
2544 2 2 1 1 767 786 1498
2545 2 2 1 1 1152 1014 1617
2546 2 2 1 1 105 104 1871
2547 2 2 1 1 1358 591 1651
2548 2 2 1 1 1240 960 1862
2549 2 2 1 1 1175 1177 1868
2550 2 2 1 1 793 753 1486
2551 2 2 1 1 811 1443 1444
2552 2 2 1 1 1446 1142 1500
2553 2 2 1 1 665 1126 1641
2554 2 2 1 1 108 1598 1680
2555 2 2 1 1 761 800 1672
2556 2 2 1 1 613 695 1494
2557 2 2 1 1 1137 1685 1686
2558 2 2 1 1 578 575 1612
2559 2 2 1 1 1631 1501 1738
2560 2 2 1 1 796 1492 1616
2561 2 2 1 1 1031 1462 1897
2562 2 2 1 1 1531 1535 1536
2563 2 2 1 1 100 1083 1614
2564 2 2 1 1 1102 1086 1158
2565 2 2 1 1 958 611 1494
2566 2 2 1 1 74 73 1024
2567 2 2 1 1 929 926 1491
2568 2 2 1 1 1769 98 1770
2569 2 2 1 1 759 757 1730
2570 2 2 1 1 975 1446 1752
2571 2 2 1 1 1171 917 1490
2572 2 2 1 1 924 912 1488
2573 2 2 1 1 1451 1253 1895
2574 2 2 1 1 1015 1014 1016
2575 2 2 1 1 805 769 1498
2576 2 2 1 1 542 1588 1819
2577 2 2 1 1 1773 1775 1776
2578 2 2 1 1 1396 1395 1896
2579 2 2 1 1 668 1439 1748
2580 2 2 1 1 133 132 653
2581 2 2 1 1 991 1261 1886
2582 2 2 1 1 790 773 1511
2583 2 2 1 1 640 642 1748
2584 2 2 1 1 1523 1540 1626
2585 2 2 1 1 815 822 1659
2586 2 2 1 1 1509 1125 1603
2587 2 2 1 1 1439 668 1703
2588 2 2 1 1 1231 1508 1742
2589 2 2 1 1 811 1442 1443
2590 2 2 1 1 716 1436 1437
2591 2 2 1 1 1768 1771 1805
2592 2 2 1 1 771 805 1511
2593 2 2 1 1 1110 6 1111
2594 2 2 1 1 1571 1574 1633
2595 2 2 1 1 1126 673 1658
2596 2 2 1 1 1112 1697 1849
2597 2 2 1 1 1210 1100 1853
2598 2 2 1 1 1791 1027 1792
2599 2 2 1 1 1633 1094 1856
2600 2 2 1 1 775 790 1512
2601 2 2 1 1 1628 1519 1885
2602 2 2 1 1 1084 1086 1102
2603 2 2 1 1 1593 1695 1913
2604 2 2 1 1 1627 1052 1759
2605 2 2 1 1 1502 1501 1631
2606 2 2 1 1 800 759 1730
2607 2 2 1 1 1039 742 1718
2608 2 2 1 1 1111 6 1265
2609 2 2 1 1 1075 114 1678
2610 2 2 1 1 158 157 1902
2611 2 2 1 1 662 665 1641
2612 2 2 1 1 1518 1701 1702
2613 2 2 1 1 1525 1626 1627
2614 2 2 1 1 1175 1779 1780
2615 2 2 1 1 1101 1579 1774
2616 2 2 1 1 1777 1772 1778
2617 2 2 1 1 166 165 1904
2618 2 2 1 1 1452 898 1652
2619 2 2 1 1 1563 1565 1566
2620 2 2 1 1 149 148 652
2621 2 2 1 1 604 1180 1751
2622 2 2 1 1 1235 927 1863
2623 2 2 1 1 1102 1158 1247
2624 2 2 1 1 95 1777 1778
2625 2 2 1 1 792 1445 1632
2626 2 2 1 1 1505 1502 1506
2627 2 2 1 1 1331 897 1710
2628 2 2 1 1 1177 1176 1868
2629 2 2 1 1 1584 1545 1602
2630 2 2 1 1 821 6 1110
2631 2 2 1 1 1079 101 1614
2632 2 2 1 1 988 1425 1723
2633 2 2 1 1 1736 1737 1828
2634 2 2 1 1 1040 1041 1425
2635 2 2 1 1 1538 1539 1828
2636 2 2 1 1 1653 1654 1737
2637 2 2 1 1 1334 1312 1650
2638 2 2 1 1 1367 1398 1883
2639 2 2 1 1 1615 1567 1707
2640 2 2 1 1 1438 640 1748
2641 2 2 1 1 1072 1073 1693
2642 2 2 1 1 712 1618 1764
2643 2 2 1 1 1087 1096 1822
2644 2 2 1 1 1219 1129 1815
2645 2 2 1 1 992 1246 1847
2646 2 2 1 1 889 894 1621
2647 2 2 1 1 862 1387 1844
2648 2 2 1 1 658 1798 1804
2649 2 2 1 1 1770 543 1771
2650 2 2 1 1 1548 1585 1593
2651 2 2 1 1 1334 1650 1744
2652 2 2 1 1 1082 103 1635
2653 2 2 1 1 1107 1694 1695
2654 2 2 1 1 785 780 1514
2655 2 2 1 1 1683 1467 1728
2656 2 2 1 1 1128 991 1886
2657 2 2 1 1 1320 889 1621
2658 2 2 1 1 1489 763 1672
2659 2 2 1 1 1342 1029 1689
2660 2 2 1 1 168 167 1700
2661 2 2 1 1 1623 1625 1755
2662 2 2 1 1 1073 1084 1693
2663 2 2 1 1 1654 1538 1737
2664 2 2 1 1 1112 1849 1850
2665 2 2 1 1 75 74 1836
2666 2 2 1 1 120 1555 1581
2667 2 2 1 1 102 1079 1635
2668 2 2 1 1 1600 847 1697
2669 2 2 1 1 1505 1506 1800
2670 2 2 1 1 1167 1631 1912
2671 2 2 1 1 957 125 1639
2672 2 2 1 1 559 1848 1867
2673 2 2 1 1 1454 1127 1864
2674 2 2 1 1 110 1076 1645
2675 2 2 1 1 1049 1098 1605
2676 2 2 1 1 1397 602 1643
2677 2 2 1 1 1265 1046 1266
2678 2 2 1 1 1343 932 1685
2679 2 2 1 1 145 1062 1541
2680 2 2 1 1 1346 882 1644
2681 2 2 1 1 124 1081 1639
2682 2 2 1 1 1153 1152 1821
2683 2 2 1 1 1080 121 1581
2684 2 2 1 1 1158 1262 1869
2685 2 2 1 1 946 940 1616
2686 2 2 1 1 1057 1050 1475
2687 2 2 1 1 1081 123 1647
2688 2 2 1 1 122 1080 1647
2689 2 2 1 1 112 1074 1679
2690 2 2 1 1 1074 111 1645
2691 2 2 1 1 1218 990 1510
2692 2 2 1 1 1426 1372 1898
2693 2 2 1 1 1583 1544 1591
2694 2 2 1 1 618 620 1812
2695 2 2 1 1 1086 1087 1822
2696 2 2 1 1 1067 136 1582
2697 2 2 1 1 1096 1166 1262
2698 2 2 1 1 1250 604 1751
2699 2 2 1 1 1428 1396 1896
2700 2 2 1 1 1775 1772 1777
2701 2 2 1 1 1688 1143 1907
2702 2 2 1 1 811 1444 1611
2703 2 2 1 1 1586 1572 1597
2704 2 2 1 1 1540 1521 1623
2705 2 2 1 1 712 1764 1873
2706 2 2 1 1 1849 982 1850
2707 2 2 1 1 1579 1773 1774
2708 2 2 1 1 1678 113 1679
2709 2 2 1 1 1025 1020 1132
2710 2 2 1 1 821 1110 1112
2711 2 2 1 1 672 106 1715
2712 2 2 1 1 135 1545 1582
2713 2 2 1 1 1555 119 1819
2714 2 2 1 1 1431 959 1827
2715 2 2 1 1 1627 1054 1722
2716 2 2 1 1 1533 1105 1851
2717 2 2 1 1 1062 144 1663
2718 2 2 1 1 1125 963 1859
2719 2 2 1 1 652 1607 1637
2720 2 2 1 1 1100 1473 1765
2721 2 2 1 1 165 164 1045
2722 2 2 1 1 1133 1387 1691
2723 2 2 1 1 1390 1300 1763
2724 2 2 1 1 695 618 1812
2725 2 2 1 1 598 1455 1808
2726 2 2 1 1 1787 1783 1861
2727 2 2 1 1 1052 1627 1722
2728 2 2 1 1 673 679 1658
2729 2 2 1 1 1070 1091 1666
2730 2 2 1 1 575 1409 1612
2731 2 2 1 1 1802 1024 1803
2732 2 2 1 1 1191 1064 1666
2733 2 2 1 1 1249 1008 1811
2734 2 2 1 1 1533 1527 1894
2735 2 2 1 1 1347 1346 1644
2736 2 2 1 1 1532 146 1541
2737 2 2 1 1 721 1669 1670
2738 2 2 1 1 1141 1683 1728
2739 2 2 1 1 659 86 1789
2740 2 2 1 1 715 722 1719
2741 2 2 1 1 592 1359 1671
2742 2 2 1 1 1140 1327 1753
2743 2 2 1 1 1576 1707 1725
2744 2 2 1 1 77 658 1804
2745 2 2 1 1 1503 1502 1504
2746 2 2 1 1 1089 93 1834
2747 2 2 1 1 1076 109 1680
2748 2 2 1 1 1430 559 1864
2749 2 2 1 1 1604 1113 1619
2750 2 2 1 1 1033 1031 1897
2751 2 2 1 1 1504 1502 1505
2752 2 2 1 1 1455 1114 1808
2753 2 2 1 1 1588 1555 1819
2754 2 2 1 1 653 1584 1602
2755 2 2 1 1 563 1370 1684
2756 2 2 1 1 1261 737 1886
2757 2 2 1 1 882 1348 1675
2758 2 2 1 1 897 1305 1710
2759 2 2 1 1 1268 1266 1472
2760 2 2 1 1 1688 680 1876
2761 2 2 1 1 1178 1072 1693
2762 2 2 1 1 819 837 1668
2763 2 2 1 1 580 698 1900
2764 2 2 1 1 1429 1261 1664
2765 2 2 1 1 670 1431 1827
2766 2 2 1 1 1107 128 1694
2767 2 2 1 1 1362 592 1671
2768 2 2 1 1 104 1082 1871
2769 2 2 1 1 1721 966 1896
2770 2 2 1 1 1127 1128 1864
2771 2 2 1 1 1695 1560 1913
2772 2 2 1 1 1012 1018 1617
2773 2 2 1 1 129 1107 1708
2774 2 2 1 1 1047 1605 1901
2775 2 2 1 1 706 1440 1756
2776 2 2 1 1 1388 558 1681
2777 2 2 1 1 1798 1793 1804
2778 2 2 1 1 1381 564 1689
2779 2 2 1 1 837 1460 1668
2780 2 2 1 1 1444 1464 1611
2781 2 2 1 1 1080 1581 1714
2782 2 2 1 1 1113 1469 1619
2783 2 2 1 1 1341 1365 1674
2784 2 2 1 1 778 1512 1514
2785 2 2 1 1 940 1482 1616
2786 2 2 1 1 1370 921 1683
2787 2 2 1 1 1495 1111 1825
2788 2 2 1 1 1561 1106 1826
2789 2 2 1 1 1737 1538 1828
2790 2 2 1 1 1262 1166 1766
2791 2 2 1 1 137 1067 1865
2792 2 2 1 1 1176 1785 1818
2793 2 2 1 1 1458 953 1860
2794 2 2 1 1 1578 1592 1767
2795 2 2 1 1 932 1378 1686
2796 2 2 1 1 1529 1531 1655
2797 2 2 1 1 1653 1591 1654
2798 2 2 1 1 1364 918 1698
2799 2 2 1 1 169 168 1046
2800 2 2 1 1 1378 1208 1686
2801 2 2 1 1 87 659 1816
2802 2 2 1 1 1773 1776 1779
2803 2 2 1 1 1454 559 1867
2804 2 2 1 1 1382 1381 1689
2805 2 2 1 1 558 1405 1681
2806 2 2 1 1 1839 1095 1840
2807 2 2 1 1 1014 1012 1617
2808 2 2 1 1 1582 1545 1583
2809 2 2 1 1 1645 1076 1725
2810 2 2 1 1 143 1063 1663
2811 2 2 1 1 1405 1380 1844
2812 2 2 1 1 1493 958 1744
2813 2 2 1 1 1642 631 1740
2814 2 2 1 1 1521 1587 1623
2815 2 2 1 1 1558 1568 1870
2816 2 2 1 1 1342 1341 1674
2817 2 2 1 1 1365 1366 1674
2818 2 2 1 1 1377 608 1704
2819 2 2 1 1 564 1342 1689
2820 2 2 1 1 1350 598 1808
2821 2 2 1 1 1395 1721 1896
2822 2 2 1 1 1208 1378 1601
2823 2 2 1 1 918 1382 1698
2824 2 2 1 1 92 1088 1834
2825 2 2 1 1 1312 1458 1914
2826 2 2 1 1 1394 609 1720
2827 2 2 1 1 1380 862 1844
2828 2 2 1 1 1463 1233 1642
2829 2 2 1 1 1323 1489 1672
2830 2 2 1 1 1585 1546 1909
2831 2 2 1 1 1587 1519 1628
2832 2 2 1 1 1392 1123 1717
2833 2 2 1 1 696 1641 1749
2834 2 2 1 1 1265 1266 1268
2835 2 2 1 1 921 1467 1683
2836 2 2 1 1 1609 1564 1610
2837 2 2 1 1 1790 1089 1834
2838 2 2 1 1 1715 105 1871
2839 2 2 1 1 1400 787 1824
2840 2 2 1 1 546 1820 1915
2841 2 2 1 1 1554 1558 1870
2842 2 2 1 1 1084 1102 1693
2843 2 2 1 1 1545 134 1602
2844 2 2 1 1 800 1730 1899
2845 2 2 1 1 1575 1589 1594
2846 2 2 1 1 1517 732 1876
2847 2 2 1 1 1280 1363 1762
2848 2 2 1 1 1158 1086 1822
2849 2 2 1 1 159 649 1755
2850 2 2 1 1 810 811 1611
2851 2 2 1 1 1467 1377 1704
2852 2 2 1 1 1054 155 1722
2853 2 2 1 1 1736 1069 1737
2854 2 2 1 1 722 989 1719
2855 2 2 1 1 608 1393 1704
2856 2 2 1 1 1021 810 1611
2857 2 2 1 1 1592 1575 1594
2858 2 2 1 1 1799 1806 1836
2859 2 2 1 1 649 158 1902
2860 2 2 1 1 1090 1786 1829
2861 2 2 1 1 85 1788 1789
2862 2 2 1 1 721 1460 1669
2863 2 2 1 1 156 1054 1743
2864 2 2 1 1 609 1404 1724
2865 2 2 1 1 1223 1021 1464
2866 2 2 1 1 1393 1392 1717
2867 2 2 1 1 154 1052 1722
2868 2 2 1 1 822 819 1668
2869 2 2 1 1 1069 138 1865
2870 2 2 1 1 1614 1083 1767
2871 2 2 1 1 1794 1194 1818
2872 2 2 1 1 71 70 1023
2873 2 2 1 1 1793 78 1804
2874 2 2 1 1 1123 1369 1717
2875 2 2 1 1 1395 1394 1720
2876 2 2 1 1 1063 142 1735
2877 2 2 1 1 1448 1030 1724
2878 2 2 1 1 139 1069 1736
2879 2 2 1 1 962 1316 1842
2880 2 2 1 1 1628 1661 1662
2881 2 2 1 1 147 1532 1607
2882 2 2 1 1 1404 1448 1724
2883 2 2 1 1 1527 1529 1894
2884 2 2 1 1 653 1845 1909
2885 2 2 1 1 1096 1262 1822
2886 2 2 1 1 1133 1405 1844
2887 2 2 1 1 1222 1019 1852
2888 2 2 1 1 1598 1597 1680
2889 2 2 1 1 1300 1157 1763
2890 2 2 1 1 1816 659 1817
2891 2 2 1 1 1560 1550 1913
2892 2 2 1 1 1108 130 1708
2893 2 2 1 1 603 1383 1866
2894 2 2 1 1 1022 1222 1852
2895 2 2 1 1 1726 800 1899
2896 2 2 1 1 1052 1758 1759
2897 2 2 1 1 162 1474 1662
2898 2 2 1 1 1088 1790 1834
2899 2 2 1 1 1584 653 1909
2900 2 2 1 1 980 1660 1858
2901 2 2 1 1 1052 153 1758
2902 2 2 1 1 1578 1805 1875
2903 2 2 1 1 1590 1560 1695
2904 2 2 1 1 1796 1793 1798
2905 2 2 1 1 982 1849 1910
2906 2 2 1 1 157 1743 1902
2907 2 2 1 1 1110 1111 1495
2908 2 2 1 1 1437 982 1887
2909 2 2 1 1 1273 1741 1857
2910 2 2 1 1 1644 882 1675
2911 2 2 1 1 84 1784 1788
2912 2 2 1 1 590 1353 1872
2913 2 2 1 1 1067 1653 1865
2914 2 2 1 1 1048 1210 1853
2915 2 2 1 1 1467 1120 1728
2916 2 2 1 1 141 651 1735
2917 2 2 1 1 1650 703 1744
2918 2 2 1 1 795 1604 1619
2919 2 2 1 1 651 140 1736
2920 2 2 1 1 1041 1043 1723
2921 2 2 1 1 1806 75 1836
2922 2 2 1 1 1327 1603 1753
2923 2 2 1 1 1685 932 1686
2924 2 2 1 1 1171 1490 1843
2925 2 2 1 1 79 1793 1795
2926 2 2 1 1 1101 1774 1839
2927 2 2 1 1 1670 719 1903
2928 2 2 1 1 1055 1515 1837
2929 2 2 1 1 1791 1784 1832
2930 2 2 1 1 1120 1467 1704
2931 2 2 1 1 1701 1267 1702
2932 2 2 1 1 1475 1055 1837
2933 2 2 1 1 150 1608 1810
2934 2 2 1 1 1109 1600 1697
2935 2 2 1 1 1531 1536 1655
2936 2 2 1 1 1687 680 1688
2937 2 2 1 1 1460 721 1906
2938 2 2 1 1 1370 1683 1684
2939 2 2 1 1 1105 1655 1823
2940 2 2 1 1 1784 83 1832
2941 2 2 1 1 559 1454 1864
2942 2 2 1 1 1026 1167 1912
2943 2 2 1 1 1098 1277 1911
2944 2 2 1 1 1789 1788 1861
2945 2 2 1 1 1653 1069 1865
2946 2 2 1 1 1502 1167 1506
2947 2 2 1 1 1417 1411 1893
2948 2 2 1 1 1522 1099 1874
2949 2 2 1 1 1848 557 1867
2950 2 2 1 1 1411 1413 1893
2951 2 2 1 1 1541 1062 1881
2952 2 2 1 1 80 1795 1801
2953 2 2 1 1 1548 1593 1913
2954 2 2 1 1 152 1053 1758
2955 2 2 1 1 1529 1655 1894
2956 2 2 1 1 1387 1133 1844
2957 2 2 1 1 1618 1673 1764
2958 2 2 1 1 131 1108 1845
2959 2 2 1 1 1576 1615 1707
2960 2 2 1 1 1027 1791 1832
2961 2 2 1 1 1661 163 1662
2962 2 2 1 1 1053 151 1810
2963 2 2 1 1 1697 847 1849
2964 2 2 1 1 1840 1095 1855
2965 2 2 1 1 1805 1579 1875
2966 2 2 1 1 1700 1267 1701
2967 2 2 1 1 1631 1022 1912
2968 2 2 1 1 1458 570 1914
2969 2 2 1 1 672 1715 1716
2970 2 2 1 1 1655 1536 1823
2971 2 2 1 1 1600 1109 1878
2972 2 2 1 1 1101 1839 1840
2973 2 2 1 1 1720 609 1724
2974 2 2 1 1 1702 1267 1904
2975 2 2 1 1 1786 1782 1829
2976 2 2 1 1 1500 1501 1503
2977 2 2 1 1 1795 1793 1796
2978 2 2 1 1 1500 1223 1501
2979 2 2 1 1 1226 1516 1882
2980 2 2 1 1 82 1027 1832
2981 2 2 1 1 984 1417 1893
2982 2 2 1 1 1480 973 1891
2983 2 2 1 1 1696 974 1890
2984 2 2 1 1 133 653 1602
2985 2 2 1 1 1027 81 1801
2986 2 2 1 1 1425 1041 1723
2987 2 2 1 1 149 652 1608
2988 2 2 1 1 1464 1021 1611
2989 2 2 1 1 1774 1773 1779
2990 2 2 1 1 1687 1688 1907
2991 2 2 1 1 1855 1087 1856
2992 2 2 1 1 652 148 1607
2993 2 2 1 1 790 1511 1898
2994 2 2 1 1 653 132 1845
2995 2 2 1 1 1702 1045 1885
2996 2 2 1 1 1028 1811 1880
2997 2 2 1 1 1683 1141 1684
2998 2 2 1 1 1525 1627 1759
2999 2 2 1 1 1273 1857 1892
3000 2 2 1 1 1136 1726 1899
3001 2 2 1 1 74 1024 1836
3002 2 2 1 1 1568 1093 1870
3003 2 2 1 1 1045 1702 1904
3004 2 2 1 1 1267 166 1904
3005 2 2 1 1 1857 1276 1892
3006 2 2 1 1 1143 1025 1907
3007 2 2 1 1 1661 1628 1885
3008 2 2 1 1 1655 1105 1894
3009 2 2 1 1 167 1267 1700
3010 2 2 1 1 1464 1222 1738
3011 2 2 1 1 1167 1502 1631
3012 2 2 1 1 1094 1840 1855
3013 2 2 1 1 1786 1816 1817
3014 2 2 1 1 1043 1047 1901
3015 2 2 1 1 1045 164 1661
3016 2 2 1 1 988 1723 1901
3017 2 2 1 1 1668 1460 1906
3018 2 2 1 1 1025 1132 1907
3019 2 2 1 1 1567 1678 1679
3020 2 2 1 1 1730 1258 1899
3021 2 2 1 1 1765 1058 1917
3022 2 2 1 1 1094 1855 1856
3023 2 2 1 1 1223 1464 1738
3024 2 2 1 1 165 1045 1904
3025 2 2 1 1 1849 847 1910
3026 2 2 1 1 1501 1223 1738
3027 2 2 1 1 1715 1595 1716
3028 2 2 1 1 1829 1781 1830
3029 2 2 1 1 1505 1802 1803
3030 2 2 1 1 678 1517 1876
3031 2 2 1 1 1782 1786 1817
3032 2 2 1 1 1046 168 1700
3033 2 2 1 1 1723 1043 1901
3034 2 2 1 1 1595 1715 1871
3035 2 2 1 1 1045 1661 1885
3036 2 2 1 1 1090 1829 1830
3037 2 2 1 1 1743 1624 1902
3038 2 2 1 1 69 5 1504
3039 2 2 1 1 70 69 1023
3040 2 2 1 1 1097 1176 1818
3041 2 2 1 1 1544 1583 1584
3042 2 2 1 1 1785 1783 1787
3043 2 2 1 38 2470 2969 3028
3044 2 2 1 38 2798 2634 3001
3045 2 2 1 38 2599 2657 2861
3046 2 2 1 38 2338 2585 2685
3047 2 2 1 38 2556 2582 2895
3048 2 2 1 38 2345 2067 3278
3049 2 2 1 38 2628 2573 3100
3050 2 2 1 38 2970 2944 3103
3051 2 2 1 38 2249 2370 2522
3052 2 2 1 38 2921 2930 3270
3053 2 2 1 38 2344 2205 2804
3054 2 2 1 38 2515 2100 2675
3055 2 2 1 38 2563 1945 2819
3056 2 2 1 38 2409 2404 2521
3057 2 2 1 38 2402 2408 3136
3058 2 2 1 38 2689 2366 2809
3059 2 2 1 38 2060 2053 2088
3060 2 2 1 38 2948 2346 3028
3061 2 2 1 38 3116 2520 3118
3062 2 2 1 38 2505 2129 2675
3063 2 2 1 38 3036 2469 3103
3064 2 2 1 38 2089 2681 3236
3065 2 2 1 38 2417 2402 3136
3066 2 2 1 38 2419 2353 3110
3067 2 2 1 38 2750 2626 2774
3068 2 2 1 38 2593 1926 3118
3069 2 2 1 38 1992 2605 2809
3070 2 2 1 38 2722 2165 2744
3071 2 2 1 38 2910 2908 2976
3072 2 2 1 38 2351 2206 2364
3073 2 2 1 38 1952 2552 2717
3074 2 2 1 38 2493 2431 2498
3075 2 2 1 38 2289 2508 2580
3076 2 2 1 38 2564 2484 3228
3077 2 2 1 38 2993 3009 3027
3078 2 2 1 38 2702 2230 2796
3079 2 2 1 38 3009 2283 3027
3080 2 2 1 38 2337 2300 2868
3081 2 2 1 38 2261 2584 2728
3082 2 2 1 38 2551 1928 2732
3083 2 2 1 38 2962 2961 2975
3084 2 2 1 38 2969 3036 3103
3085 2 2 1 38 2203 2357 2846
3086 2 2 1 38 2404 2405 2521
3087 2 2 1 38 2960 2959 2961
3088 2 2 1 38 2713 2392 2815
3089 2 2 1 38 2913 2912 2914
3090 2 2 1 38 2602 3116 3118
3091 2 2 1 38 2202 2352 2353
3092 2 2 1 38 1926 2602 3118
3093 2 2 1 38 2585 2281 2685
3094 2 2 1 38 525 526 3192
3095 2 2 1 38 2539 1920 2695
3096 2 2 1 38 2203 2202 2357
3097 2 2 1 38 2652 2422 3286
3098 2 2 1 38 2398 2396 2639
3099 2 2 1 38 2359 2573 2628
3100 2 2 1 38 2240 2609 2661
3101 2 2 1 38 1945 2563 2773
3102 2 2 1 38 2238 2239 2649
3103 2 2 1 38 2605 2689 2809
3104 2 2 1 38 2135 2136 2187
3105 2 2 1 38 2418 2302 3066
3106 2 2 1 38 2350 2598 2797
3107 2 2 1 38 2049 2637 2658
3108 2 2 1 38 2466 2460 3220
3109 2 2 1 38 2146 2144 2647
3110 2 2 1 38 2582 2583 2895
3111 2 2 1 38 2448 2447 3263
3112 2 2 1 38 2542 2616 2617
3113 2 2 1 38 2082 2360 2361
3114 2 2 1 38 2538 2339 3224
3115 2 2 1 38 2263 2584 2604
3116 2 2 1 38 2599 2493 2657
3117 2 2 1 38 2179 2761 2901
3118 2 2 1 38 2677 2579 2714
3119 2 2 1 38 2584 2261 2604
3120 2 2 1 38 2230 2702 2703
3121 2 2 1 38 2351 2364 2365
3122 2 2 1 38 2482 2942 3259
3123 2 2 1 38 1945 1948 2819
3124 2 2 1 38 2173 2171 2839
3125 2 2 1 38 2293 2294 2295
3126 2 2 1 38 2249 2247 2370
3127 2 2 1 38 2548 2392 2711
3128 2 2 1 38 2298 2300 2337
3129 2 2 1 38 1920 2578 2695
3130 2 2 1 38 2287 2053 3041
3131 2 2 1 38 2451 3052 3270
3132 2 2 1 38 1923 2535 2707
3133 2 2 1 38 1934 2561 2673
3134 2 2 1 38 2357 2353 2372
3135 2 2 1 38 2209 2205 2344
3136 2 2 1 38 2196 2195 2202
3137 2 2 1 38 2518 2025 3204
3138 2 2 1 38 2508 2289 2594
3139 2 2 1 38 2953 1931 2999
3140 2 2 1 38 2417 2832 3018
3141 2 2 1 38 2551 2325 2733
3142 2 2 1 38 2198 2206 2351
3143 2 2 1 38 2565 3172 3174
3144 2 2 1 38 2316 2624 2669
3145 2 2 1 38 1926 2593 2854
3146 2 2 1 38 2171 2174 2839
3147 2 2 1 38 2541 2696 3210
3148 2 2 1 38 1974 1976 2796
3149 2 2 1 38 2626 2750 2751
3150 2 2 1 38 2188 2187 2195
3151 2 2 1 38 2104 2107 2108
3152 2 2 1 38 2455 2450 3212
3153 2 2 1 38 1924 1945 2773
3154 2 2 1 38 2462 2460 2466
3155 2 2 1 38 2333 2339 2538
3156 2 2 1 38 2488 2912 2913
3157 2 2 1 38 2573 2575 3100
3158 2 2 1 38 3188 2047 3195
3159 2 2 1 38 2493 2498 3214
3160 2 2 1 38 2486 2484 2564
3161 2 2 1 38 2935 2933 2973
3162 2 2 1 38 2353 2355 3110
3163 2 2 1 38 2648 2316 2669
3164 2 2 1 38 2135 2134 2136
3165 2 2 1 38 1923 2533 2535
3166 2 2 1 38 2136 2292 2699
3167 2 2 1 38 2132 2134 2135
3168 2 2 1 38 2559 2288 2841
3169 2 2 1 38 1975 1972 2822
3170 2 2 1 38 2572 2096 2573
3171 2 2 1 38 2366 2689 2778
3172 2 2 1 38 1957 1960 3088
3173 2 2 1 38 2365 2364 2586
3174 2 2 1 38 2964 2962 2978
3175 2 2 1 38 2304 2295 2308
3176 2 2 1 38 2349 2238 2649
3177 2 2 1 38 2788 2446 2864
3178 2 2 1 38 2353 2352 2355
3179 2 2 1 38 2192 2198 2201
3180 2 2 1 38 2044 2039 2082
3181 2 2 1 38 2339 2338 2685
3182 2 2 1 38 2406 2398 2639
3183 2 2 1 38 2015 1984 2697
3184 2 2 1 38 2239 2600 2649
3185 2 2 1 38 2104 2035 2107
3186 2 2 1 38 3292 3049 3295
3187 2 2 1 38 2540 2064 2697
3188 2 2 1 38 2492 3022 3245
3189 2 2 1 38 1922 2550 2557
3190 2 2 1 38 2263 2259 2584
3191 2 2 1 38 2454 2450 2455
3192 2 2 1 38 2232 2052 2650
3193 2 2 1 38 2323 2325 2551
3194 2 2 1 38 2082 2361 2559
3195 2 2 1 38 2360 2032 2988
3196 2 2 1 38 2202 2195 2352
3197 2 2 1 38 2019 1999 3056
3198 2 2 1 38 2067 2345 2906
3199 2 2 1 38 2533 1923 2588
3200 2 2 1 38 2187 2136 2699
3201 2 2 1 38 2598 309 2797
3202 2 2 1 38 2912 2910 2929
3203 2 2 1 38 2372 2353 2419
3204 2 2 1 38 2488 2922 3240
3205 2 2 1 38 2241 2240 2661
3206 2 2 1 38 1985 1974 2796
3207 2 2 1 38 508 509 3175
3208 2 2 1 38 2129 2505 2674
3209 2 2 1 38 2587 1934 3128
3210 2 2 1 38 2192 2193 2198
3211 2 2 1 38 2195 2187 2197
3212 2 2 1 38 2073 2518 2607
3213 2 2 1 38 2907 3091 3274
3214 2 2 1 38 2063 2658 2873
3215 2 2 1 38 2666 2446 2788
3216 2 2 1 38 2100 2515 3047
3217 2 2 1 38 2309 2308 2509
3218 2 2 1 38 2292 2190 2293
3219 2 2 1 38 2871 2729 3005
3220 2 2 1 38 316 317 2653
3221 2 2 1 38 2048 3178 3250
3222 2 2 1 38 2385 2383 2596
3223 2 2 1 38 2243 2201 2244
3224 2 2 1 38 2108 2107 3292
3225 2 2 1 38 1934 313 2561
3226 2 2 1 38 2165 2722 2745
3227 2 2 1 38 2295 2294 2296
3228 2 2 1 38 2296 2298 2336
3229 2 2 1 38 2205 2203 2212
3230 2 2 1 38 2064 2540 2630
3231 2 2 1 38 2039 2032 2360
3232 2 2 1 38 2155 2623 3009
3233 2 2 1 38 2170 2192 2242
3234 2 2 1 38 2552 1952 3073
3235 2 2 1 38 2308 2362 2530
3236 2 2 1 38 2610 2268 2710
3237 2 2 1 38 2578 1920 2678
3238 2 2 1 38 2565 2566 3172
3239 2 2 1 38 2198 2199 2206
3240 2 2 1 38 2139 2141 2190
3241 2 2 1 38 2412 528 2893
3242 2 2 1 38 2600 2239 2601
3243 2 2 1 38 2317 2527 3252
3244 2 2 1 38 2293 2190 2294
3245 2 2 1 38 2247 2245 2252
3246 2 2 1 38 2245 2244 2545
3247 2 2 1 38 1972 1970 2822
3248 2 2 1 38 2247 2252 2370
3249 2 2 1 38 2308 2295 2362
3250 2 2 1 38 2392 2389 2815
3251 2 2 1 38 2227 2209 2236
3252 2 2 1 38 2772 2262 3054
3253 2 2 1 38 2183 2719 2720
3254 2 2 1 38 2634 2635 3001
3255 2 2 1 38 1937 2558 3081
3256 2 2 1 38 2336 2298 2337
3257 2 2 1 38 2243 2244 2245
3258 2 2 1 38 2681 2643 3236
3259 2 2 1 38 2300 2302 2340
3260 2 2 1 38 2727 2603 3139
3261 2 2 1 38 320 1923 2707
3262 2 2 1 38 2311 2528 3025
3263 2 2 1 38 1994 1990 2016
3264 2 2 1 38 2107 2109 3292
3265 2 2 1 38 1999 2386 3056
3266 2 2 1 38 1989 1986 1990
3267 2 2 1 38 1955 1956 1957
3268 2 2 1 38 2761 2762 2901
3269 2 2 1 38 1951 1954 1955
3270 2 2 1 38 2545 2244 2546
3271 2 2 1 38 2519 2311 3025
3272 2 2 1 38 2445 2447 2448
3273 2 2 1 38 2382 2019 2383
3274 2 2 1 38 1982 1978 1986
3275 2 2 1 38 2136 2139 2292
3276 2 2 1 38 1966 1962 1978
3277 2 2 1 38 1946 1950 1951
3278 2 2 1 38 2921 2919 2996
3279 2 2 1 38 2386 2016 2387
3280 2 2 1 38 2346 2948 2949
3281 2 2 1 38 2340 2302 2418
3282 2 2 1 38 2236 2209 3299
3283 2 2 1 38 2550 2813 3139
3284 2 2 1 38 2424 2422 2652
3285 2 2 1 38 312 1934 2587
3286 2 2 1 38 2747 2538 2768
3287 2 2 1 38 2743 2763 3065
3288 2 2 1 38 1957 1958 1960
3289 2 2 1 38 2385 2596 2646
3290 2 2 1 38 2668 2149 2865
3291 2 2 1 38 2370 2252 2568
3292 2 2 1 38 2147 2149 2668
3293 2 2 1 38 1920 2539 2706
3294 2 2 1 38 3187 2047 3188
3295 2 2 1 38 2305 2311 2519
3296 2 2 1 38 1960 1961 1962
3297 2 2 1 38 2585 2993 3027
3298 2 2 1 38 2524 2277 3035
3299 2 2 1 38 2951 1931 2953
3300 2 2 1 38 3147 2442 3148
3301 2 2 1 38 524 525 3192
3302 2 2 1 38 2542 2617 2876
3303 2 2 1 38 11 2207 3046
3304 2 2 1 38 2492 2959 2960
3305 2 2 1 38 2178 2721 2722
3306 2 2 1 38 2383 2384 2525
3307 2 2 1 38 2109 2131 2132
3308 2 2 1 38 2817 2355 2898
3309 2 2 1 38 2375 2111 3059
3310 2 2 1 38 2367 2280 2523
3311 2 2 1 38 2259 2257 2503
3312 2 2 1 38 2906 2636 3258
3313 2 2 1 38 2908 2907 3274
3314 2 2 1 38 2813 1939 3139
3315 2 2 1 38 1943 2603 2727
3316 2 2 1 38 2073 2028 2518
3317 2 2 1 38 2696 2541 3006
3318 2 2 1 38 2211 2369 3048
3319 2 2 1 38 2450 2494 3212
3320 2 2 1 38 2067 2060 3278
3321 2 2 1 38 2311 2314 2528
3322 2 2 1 38 2498 2884 3214
3323 2 2 1 38 2532 2121 3155
3324 2 2 1 38 2614 1957 3088
3325 2 2 1 38 1944 1933 1946
3326 2 2 1 38 2387 2388 2389
3327 2 2 1 38 2838 2105 3203
3328 2 2 1 38 2145 2147 2186
3329 2 2 1 38 2710 2268 2850
3330 2 2 1 38 2317 2320 2527
3331 2 2 1 38 2481 2457 3266
3332 2 2 1 38 2605 1992 3255
3333 2 2 1 38 2626 2267 2774
3334 2 2 1 38 2302 2305 3066
3335 2 2 1 38 2653 317 3120
3336 2 2 1 38 2402 2404 2408
3337 2 2 1 38 2879 2313 3232
3338 2 2 1 38 2593 2591 2854
3339 2 2 1 38 2997 2041 3026
3340 2 2 1 38 2326 2331 2537
3341 2 2 1 38 2288 2559 2788
3342 2 2 1 38 2110 3292 3295
3343 2 2 1 38 2257 2254 2504
3344 2 2 1 38 2609 1938 2661
3345 2 2 1 38 2030 2028 2073
3346 2 2 1 38 2320 2323 2526
3347 2 2 1 38 2212 2802 2803
3348 2 2 1 38 1984 2059 2697
3349 2 2 1 38 2202 2353 2357
3350 2 2 1 38 2166 2183 2720
3351 2 2 1 38 2149 2151 2185
3352 2 2 1 38 2269 2264 2554
3353 2 2 1 38 2025 2023 3204
3354 2 2 1 38 2896 2700 3201
3355 2 2 1 38 2287 2288 3294
3356 2 2 1 38 2044 2082 2841
3357 2 2 1 38 2357 2372 2373
3358 2 2 1 38 2942 2482 3273
3359 2 2 1 38 2558 1937 3037
3360 2 2 1 38 2028 2025 2518
3361 2 2 1 38 2111 2108 3059
3362 2 2 1 38 2190 2141 2860
3363 2 2 1 38 2088 2053 2287
3364 2 2 1 38 1925 2652 3286
3365 2 2 1 38 2579 2677 3150
3366 2 2 1 38 1971 2058 2562
3367 2 2 1 38 2205 2212 2804
3368 2 2 1 38 2331 2333 2536
3369 2 2 1 38 2700 2084 3201
3370 2 2 1 38 2178 2722 2744
3371 2 2 1 38 2280 2277 2524
3372 2 2 1 38 2729 2185 3005
3373 2 2 1 38 2944 2946 3103
3374 2 2 1 38 2582 2486 3207
3375 2 2 1 38 2153 2155 2184
3376 2 2 1 38 1971 1973 2058
3377 2 2 1 38 2144 2182 2647
3378 2 2 1 38 1928 2551 2733
3379 2 2 1 38 2392 2548 2621
3380 2 2 1 38 2536 2333 2538
3381 2 2 1 38 2492 2958 2959
3382 2 2 1 38 2053 2046 3041
3383 2 2 1 38 2001 1999 2019
3384 2 2 1 38 2460 2495 3220
3385 2 2 1 38 2457 2455 3266
3386 2 2 1 38 2682 2008 3038
3387 2 2 1 38 2006 2001 2382
3388 2 2 1 38 2196 2202 2203
3389 2 2 1 38 2082 2039 2360
3390 2 2 1 38 2501 2499 2884
3391 2 2 1 38 2573 2096 2574
3392 2 2 1 38 2462 2466 3273
3393 2 2 1 38 2157 2159 2180
3394 2 2 1 38 2186 2147 2668
3395 2 2 1 38 2937 2935 2974
3396 2 2 1 38 2346 2949 2979
3397 2 2 1 38 2386 2387 2621
3398 2 2 1 38 2696 2058 3210
3399 2 2 1 38 2477 3170 3179
3400 2 2 1 38 2596 2182 2646
3401 2 2 1 38 2166 2168 2183
3402 2 2 1 38 2550 1922 2813
3403 2 2 1 38 2143 2145 2659
3404 2 2 1 38 3045 3002 3222
3405 2 2 1 38 2969 2948 3028
3406 2 2 1 38 2188 2195 2196
3407 2 2 1 38 2387 2389 2392
3408 2 2 1 38 1968 1971 2562
3409 2 2 1 38 2463 3034 3096
3410 2 2 1 38 2161 2163 2181
3411 2 2 1 38 2630 2216 2715
3412 2 2 1 38 2132 2133 2134
3413 2 2 1 38 2272 2269 2553
3414 2 2 1 38 2135 2187 2188
3415 2 2 1 38 2845 2313 2877
3416 2 2 1 38 2431 2229 3267
3417 2 2 1 38 3177 3173 3250
3418 2 2 1 38 1989 1990 1994
3419 2 2 1 38 1982 1986 1989
3420 2 2 1 38 2383 2019 2384
3421 2 2 1 38 2919 2918 3026
3422 2 2 1 38 2559 2361 2666
3423 2 2 1 38 1966 1978 1982
3424 2 2 1 38 2184 2155 3009
3425 2 2 1 38 1955 1954 1956
3426 2 2 1 38 2293 2295 2304
3427 2 2 1 38 2711 2175 2878
3428 2 2 1 38 1951 1950 1954
3429 2 2 1 38 1994 2016 2386
3430 2 2 1 38 1960 1962 1966
3431 2 2 1 38 1999 1994 2386
3432 2 2 1 38 2105 2826 3203
3433 2 2 1 38 2526 2323 2551
3434 2 2 1 38 2143 2659 2845
3435 2 2 1 38 2008 2006 2020
3436 2 2 1 38 2892 11 3046
3437 2 2 1 38 1946 1933 1950
3438 2 2 1 38 2372 2419 2837
3439 2 2 1 38 2943 2941 2945
3440 2 2 1 38 2464 2954 2998
3441 2 2 1 38 2151 2153 2640
3442 2 2 1 38 1957 1956 1958
3443 2 2 1 38 2489 3154 3242
3444 2 2 1 38 2304 2308 2309
3445 2 2 1 38 2624 2005 2752
3446 2 2 1 38 2276 2273 2625
3447 2 2 1 38 2778 2689 2779
3448 2 2 1 38 2151 2640 2881
3449 2 2 1 38 2209 2344 3299
3450 2 2 1 38 2155 2157 2623
3451 2 2 1 38 2003 2648 2669
3452 2 2 1 38 1955 1957 1959
3453 2 2 1 38 2545 2546 2605
3454 2 2 1 38 2382 2383 2385
3455 2 2 1 38 2159 2161 2610
3456 2 2 1 38 436 437 3014
3457 2 2 1 38 3170 2477 3219
3458 2 2 1 38 2833 2832 3136
3459 2 2 1 38 1960 1958 1961
3460 2 2 1 38 2454 2455 2457
3461 2 2 1 38 2643 2681 3085
3462 2 2 1 38 2785 1996 2790
3463 2 2 1 38 2928 2452 3124
3464 2 2 1 38 2663 1937 3081
3465 2 2 1 38 1926 324 2602
3466 2 2 1 38 2523 2748 2760
3467 2 2 1 38 2527 2526 2597
3468 2 2 1 38 2941 2939 2948
3469 2 2 1 38 2259 2503 2584
3470 2 2 1 38 2521 2644 3076
3471 2 2 1 38 2601 2239 2840
3472 2 2 1 38 2195 2197 3248
3473 2 2 1 38 2064 2630 2715
3474 2 2 1 38 2170 2172 2192
3475 2 2 1 38 2001 2019 2382
3476 2 2 1 38 1978 1962 2570
3477 2 2 1 38 2335 2640 2858
3478 2 2 1 38 2504 2254 3198
3479 2 2 1 38 2252 2545 2606
3480 2 2 1 38 2679 1924 2773
3481 2 2 1 38 2309 2509 2510
3482 2 2 1 38 2394 2615 2639
3483 2 2 1 38 2393 2839 3235
3484 2 2 1 38 2825 2824 3239
3485 2 2 1 38 2088 2287 3294
3486 2 2 1 38 2212 2203 2846
3487 2 2 1 38 2530 2362 2552
3488 2 2 1 38 1949 2645 2741
3489 2 2 1 38 2659 2313 2845
3490 2 2 1 38 2641 2888 2897
3491 2 2 1 38 2387 2016 2388
3492 2 2 1 38 2525 2384 2548
3493 2 2 1 38 2139 2190 2292
3494 2 2 1 38 2096 2572 2765
3495 2 2 1 38 2373 2372 2645
3496 2 2 1 38 2513 2510 2758
3497 2 2 1 38 2281 2280 2367
3498 2 2 1 38 2336 2337 2632
3499 2 2 1 38 2326 2537 3243
3500 2 2 1 38 2396 2394 2639
3501 2 2 1 38 2802 2846 3282
3502 2 2 1 38 2429 2814 3058
3503 2 2 1 38 2795 2617 3011
3504 2 2 1 38 2667 2560 3232
3505 2 2 1 38 2445 2440 3306
3506 2 2 1 38 2340 2418 2731
3507 2 2 1 38 2289 2580 2581
3508 2 2 1 38 2946 2944 2977
3509 2 2 1 38 1939 2727 3139
3510 2 2 1 38 3155 2121 3258
3511 2 2 1 38 1968 2562 3277
3512 2 2 1 38 2115 2123 2637
3513 2 2 1 38 2604 2261 2740
3514 2 2 1 38 2956 2464 3067
3515 2 2 1 38 1985 2796 3011
3516 2 2 1 38 2442 2915 3148
3517 2 2 1 38 2728 2584 2844
3518 2 2 1 38 2182 2596 2647
3519 2 2 1 38 2622 2428 3038
3520 2 2 1 38 2554 2264 3202
3521 2 2 1 38 2476 2474 3245
3522 2 2 1 38 1927 278 3284
3523 2 2 1 38 2084 2700 2723
3524 2 2 1 38 2967 2964 2981
3525 2 2 1 38 2246 2245 2247
3526 2 2 1 38 2267 2626 3019
3527 2 2 1 38 2757 1996 2816
3528 2 2 1 38 2252 2245 2545
3529 2 2 1 38 2610 2161 3021
3530 2 2 1 38 2201 2198 3231
3531 2 2 1 38 2625 2272 2627
3532 2 2 1 38 2242 2201 2243
3533 2 2 1 38 2389 2388 2390
3534 2 2 1 38 1988 2604 2740
3535 2 2 1 38 2339 2686 2687
3536 2 2 1 38 2273 2272 2625
3537 2 2 1 38 2084 2723 2883
3538 2 2 1 38 2637 2425 2658
3539 2 2 1 38 2433 2431 2493
3540 2 2 1 38 2136 2138 2139
3541 2 2 1 38 2165 2745 2775
3542 2 2 1 38 1942 2848 3116
3543 2 2 1 38 2173 2638 3018
3544 2 2 1 38 2060 2088 3278
3545 2 2 1 38 2109 2132 3247
3546 2 2 1 38 2603 1943 2664
3547 2 2 1 38 1922 2557 2558
3548 2 2 1 38 2295 2296 3280
3549 2 2 1 38 2602 1942 3116
3550 2 2 1 38 2006 2382 3129
3551 2 2 1 38 2137 2789 3272
3552 2 2 1 38 2010 2008 2682
3553 2 2 1 38 2604 1988 2736
3554 2 2 1 38 2339 2687 3224
3555 2 2 1 38 2528 2314 3065
3556 2 2 1 38 278 2601 3284
3557 2 2 1 38 2538 2747 3040
3558 2 2 1 38 2801 2106 2836
3559 2 2 1 38 2313 2659 3232
3560 2 2 1 38 275 1933 1944
3561 2 2 1 38 314 1925 2561
3562 2 2 1 38 2103 2035 2104
3563 2 2 1 38 2638 2173 2839
3564 2 2 1 38 2960 2961 2962
3565 2 2 1 38 2149 2185 2865
3566 2 2 1 38 2074 2677 2714
3567 2 2 1 38 2276 2625 2626
3568 2 2 1 38 2377 2375 2814
3569 2 2 1 38 1933 276 2363
3570 2 2 1 38 2407 2696 3006
3571 2 2 1 38 2320 2526 2527
3572 2 2 1 38 2296 2297 2298
3573 2 2 1 38 506 507 3219
3574 2 2 1 38 2679 2291 2680
3575 2 2 1 38 3064 2737 3196
3576 2 2 1 38 2270 2269 2272
3577 2 2 1 38 2170 2242 3023
3578 2 2 1 38 2509 2308 3117
3579 2 2 1 38 1990 1986 1993
3580 2 2 1 38 2380 2232 2650
3581 2 2 1 38 2248 2247 2249
3582 2 2 1 38 1980 2693 3040
3583 2 2 1 38 2832 2417 3136
3584 2 2 1 38 374 375 2734
3585 2 2 1 38 2406 2639 3140
3586 2 2 1 38 2503 2257 2504
3587 2 2 1 38 2593 2855 3145
3588 2 2 1 38 3184 3185 3190
3589 2 2 1 38 2997 2917 3149
3590 2 2 1 38 2100 2505 2675
3591 2 2 1 38 2617 1985 3011
3592 2 2 1 38 2763 2528 3065
3593 2 2 1 38 1959 1957 2614
3594 2 2 1 38 2510 2509 2782
3595 2 2 1 38 3052 3029 3270
3596 2 2 1 38 2658 2427 2873
3597 2 2 1 38 2288 2287 2841
3598 2 2 1 38 2383 2525 2596
3599 2 2 1 38 2258 2257 2259
3600 2 2 1 38 2681 2363 3085
3601 2 2 1 38 2712 2711 2878
3602 2 2 1 38 3030 2515 3138
3603 2 2 1 38 2012 2010 2035
3604 2 2 1 38 2915 2442 3149
3605 2 2 1 38 2260 2259 2263
3606 2 2 1 38 2589 2592 2613
3607 2 2 1 38 2600 1919 2649
3608 2 2 1 38 2139 2140 2141
3609 2 2 1 38 3025 2753 3087
3610 2 2 1 38 2176 2738 3227
3611 2 2 1 38 2570 1962 3262
3612 2 2 1 38 2456 2971 2980
3613 2 2 1 38 2198 2193 2199
3614 2 2 1 38 2909 2908 2910
3615 2 2 1 38 1934 2673 2674
3616 2 2 1 38 2805 2803 2836
3617 2 2 1 38 2298 2299 2300
3618 2 2 1 38 2020 2622 3038
3619 2 2 1 38 2279 2277 2280
3620 2 2 1 38 2250 2249 2253
3621 2 2 1 38 2814 2375 3058
3622 2 2 1 38 2333 2338 2339
3623 2 2 1 38 2292 2293 2529
3624 2 2 1 38 2488 2448 3263
3625 2 2 1 38 2617 2795 2876
3626 2 2 1 38 2489 2599 2861
3627 2 2 1 38 12 428 2654
3628 2 2 1 38 2492 2474 2985
3629 2 2 1 38 2932 2931 2933
3630 2 2 1 38 2331 2332 2333
3631 2 2 1 38 2331 2536 2537
3632 2 2 1 38 2917 2997 3026
3633 2 2 1 38 2300 2301 2302
3634 2 2 1 38 2508 2594 2904
3635 2 2 1 38 2192 2172 2193
3636 2 2 1 38 2277 2276 3035
3637 2 2 1 38 2995 2487 3300
3638 2 2 1 38 1951 1955 2571
3639 2 2 1 38 2109 2107 2131
3640 2 2 1 38 2647 2596 3288
3641 2 2 1 38 2457 2481 2950
3642 2 2 1 38 2918 2917 3026
3643 2 2 1 38 2483 2963 2966
3644 2 2 1 38 2004 2753 3025
3645 2 2 1 38 470 471 2979
3646 2 2 1 38 2302 2303 2305
3647 2 2 1 38 2667 2186 2668
3648 2 2 1 38 2447 2445 3306
3649 2 2 1 38 2826 2825 3239
3650 2 2 1 38 2141 2142 2143
3651 2 2 1 38 2390 2393 2762
3652 2 2 1 38 2181 2163 3099
3653 2 2 1 38 2551 2732 3074
3654 2 2 1 38 3206 2048 3250
3655 2 2 1 38 2522 2370 2794
3656 2 2 1 38 2218 2216 2630
3657 2 2 1 38 2275 2273 2276
3658 2 2 1 38 2911 2910 2912
3659 2 2 1 38 1930 311 2587
3660 2 2 1 38 2320 2322 2323
3661 2 2 1 38 2132 2135 2369
3662 2 2 1 38 2501 2884 3086
3663 2 2 1 38 275 276 1933
3664 2 2 1 38 312 313 1934
3665 2 2 1 38 2323 2324 2325
3666 2 2 1 38 2606 2772 3054
3667 2 2 1 38 2305 2306 2311
3668 2 2 1 38 2860 2141 2867
3669 2 2 1 38 323 324 1926
3670 2 2 1 38 314 315 1925
3671 2 2 1 38 273 274 1924
3672 2 2 1 38 320 321 1923
3673 2 2 1 38 310 311 1930
3674 2 2 1 38 277 278 1927
3675 2 2 1 38 2325 2543 2733
3676 2 2 1 38 2043 2039 2044
3677 2 2 1 38 2291 2679 2773
3678 2 2 1 38 2361 2360 2684
3679 2 2 1 38 2505 2506 2674
3680 2 2 1 38 2106 2801 2810
3681 2 2 1 38 2802 2212 2846
3682 2 2 1 38 2507 3045 3222
3683 2 2 1 38 2180 2159 2610
3684 2 2 1 38 2562 2058 2696
3685 2 2 1 38 2266 2264 2269
3686 2 2 1 38 271 272 2680
3687 2 2 1 38 2311 2312 2314
3688 2 2 1 38 2369 2211 3049
3689 2 2 1 38 2919 2921 3270
3690 2 2 1 38 2523 2280 2524
3691 2 2 1 38 2559 2666 2788
3692 2 2 1 38 1944 1946 3237
3693 2 2 1 38 2064 2015 2697
3694 2 2 1 38 2241 2661 2662
3695 2 2 1 38 2016 1990 2905
3696 2 2 1 38 2474 2467 2985
3697 2 2 1 38 279 2600 2601
3698 2 2 1 38 282 1936 2618
3699 2 2 1 38 2103 2608 3204
3700 2 2 1 38 2314 2315 2316
3701 2 2 1 38 2107 2035 3107
3702 2 2 1 38 2143 2144 2145
3703 2 2 1 38 2339 2685 2686
3704 2 2 1 38 2121 2906 3258
3705 2 2 1 38 2479 508 3175
3706 2 2 1 38 2888 2285 2897
3707 2 2 1 38 2488 2911 2912
3708 2 2 1 38 2539 2544 2706
3709 2 2 1 38 2035 2010 2682
3710 2 2 1 38 2724 2609 2874
3711 2 2 1 38 2256 2254 2257
3712 2 2 1 38 2180 2709 3010
3713 2 2 1 38 2932 2933 2935
3714 2 2 1 38 2749 2379 2995
3715 2 2 1 38 1948 1945 3237
3716 2 2 1 38 2596 2525 3288
3717 2 2 1 38 2243 2246 2595
3718 2 2 1 38 2068 2067 3265
3719 2 2 1 38 1946 1951 3256
3720 2 2 1 38 2758 2510 3106
3721 2 2 1 38 2415 2555 2582
3722 2 2 1 38 2963 2962 2964
3723 2 2 1 38 2212 2803 2804
3724 2 2 1 38 2748 2523 3060
3725 2 2 1 38 1937 2663 3281
3726 2 2 1 38 2126 2093 2631
3727 2 2 1 38 2862 2861 2907
3728 2 2 1 38 2553 2269 2554
3729 2 2 1 38 2358 2222 3123
3730 2 2 1 38 2367 2523 3095
3731 2 2 1 38 2132 2131 2133
3732 2 2 1 38 2115 2637 2885
3733 2 2 1 38 2804 2803 2805
3734 2 2 1 38 1920 305 2678
3735 2 2 1 38 1945 1924 3297
3736 2 2 1 38 2718 2570 3153
3737 2 2 1 38 2644 2542 2876
3738 2 2 1 38 2326 2330 2331
3739 2 2 1 38 2618 1936 2620
3740 2 2 1 38 2185 2729 2865
3741 2 2 1 38 2176 2633 3213
3742 2 2 1 38 2145 2146 2147
3743 2 2 1 38 2054 2053 2060
3744 2 2 1 38 2440 2439 3242
3745 2 2 1 38 2314 2316 2648
3746 2 2 1 38 2393 2395 2839
3747 2 2 1 38 2157 2180 2623
3748 2 2 1 38 2858 2640 3008
3749 2 2 1 38 278 279 2601
3750 2 2 1 38 2163 2166 2720
3751 2 2 1 38 2927 2924 2928
3752 2 2 1 38 2696 2407 3007
3753 2 2 1 38 2936 2935 2937
3754 2 2 1 38 2698 1975 2822
3755 2 2 1 38 2925 2926 3266
3756 2 2 1 38 2051 2046 2053
3757 2 2 1 38 2690 2698 2822
3758 2 2 1 38 2093 2119 2631
3759 2 2 1 38 2698 2690 2820
3760 2 2 1 38 1996 2785 2816
3761 2 2 1 38 2589 2591 2592
3762 2 2 1 38 2981 2468 3003
3763 2 2 1 38 489 490 2987
3764 2 2 1 38 2037 2032 2039
3765 2 2 1 38 2399 2402 3269
3766 2 2 1 38 1976 2702 2796
3767 2 2 1 38 2693 1980 2746
3768 2 2 1 38 2062 2060 2067
3769 2 2 1 38 2678 306 2857
3770 2 2 1 38 2855 2593 3118
3771 2 2 1 38 2439 2437 3242
3772 2 2 1 38 2147 2148 2149
3773 2 2 1 38 1995 1994 1999
3774 2 2 1 38 2633 2176 3227
3775 2 2 1 38 2364 2206 2531
3776 2 2 1 38 2153 2184 2640
3777 2 2 1 38 2317 2319 2320
3778 2 2 1 38 2577 2857 3100
3779 2 2 1 38 2482 2958 2985
3780 2 2 1 38 2942 2941 2943
3781 2 2 1 38 2758 2757 2816
3782 2 2 1 38 2929 2038 3013
3783 2 2 1 38 2940 2942 3220
3784 2 2 1 38 2521 2405 2644
3785 2 2 1 38 2365 2586 3032
3786 2 2 1 38 280 1919 2600
3787 2 2 1 38 2598 2350 3102
3788 2 2 1 38 1919 2618 2619
3789 2 2 1 38 2149 2150 2151
3790 2 2 1 38 2561 1925 2851
3791 2 2 1 38 2528 2763 3025
3792 2 2 1 38 2104 2108 2111
3793 2 2 1 38 2272 2553 3196
3794 2 2 1 38 1918 308 2598
3795 2 2 1 38 2163 2720 3099
3796 2 2 1 38 2940 2939 2941
3797 2 2 1 38 2961 2959 2965
3798 2 2 1 38 2536 2538 3040
3799 2 2 1 38 2126 2631 3275
3800 2 2 1 38 1986 1978 2569
3801 2 2 1 38 2763 2004 3025
3802 2 2 1 38 2151 2152 2153
3803 2 2 1 38 2061 2975 2987
3804 2 2 1 38 2481 2926 2931
3805 2 2 1 38 2119 2563 2631
3806 2 2 1 38 2636 2547 3258
3807 2 2 1 38 2969 2470 3036
3808 2 2 1 38 2595 2183 3023
3809 2 2 1 38 2706 2544 2886
3810 2 2 1 38 2658 2063 2870
3811 2 2 1 38 313 314 2561
3812 2 2 1 38 2300 2340 2868
3813 2 2 1 38 2637 2049 2885
3814 2 2 1 38 274 275 1944
3815 2 2 1 38 2516 2571 3249
3816 2 2 1 38 2181 2694 2834
3817 2 2 1 38 1918 2598 2628
3818 2 2 1 38 2497 2974 3234
3819 2 2 1 38 2109 3049 3292
3820 2 2 1 38 2450 2448 3240
3821 2 2 1 38 2058 1973 2616
3822 2 2 1 38 2629 2218 2630
3823 2 2 1 38 2355 2514 2898
3824 2 2 1 38 2153 2154 2155
3825 2 2 1 38 2069 2068 3265
3826 2 2 1 38 2703 2358 3123
3827 2 2 1 38 325 1942 2602
3828 2 2 1 38 2425 2426 2427
3829 2 2 1 38 2530 2552 3073
3830 2 2 1 38 2123 2421 2637
3831 2 2 1 38 2789 2632 3272
3832 2 2 1 38 2594 2289 3294
3833 2 2 1 38 2073 2607 2899
3834 2 2 1 38 2194 2713 2815
3835 2 2 1 38 1919 281 2618
3836 2 2 1 38 3237 1945 3297
3837 2 2 1 38 2648 2003 3065
3838 2 2 1 38 1962 1961 1963
3839 2 2 1 38 1924 274 3297
3840 2 2 1 38 2741 2645 2791
3841 2 2 1 38 2737 1929 3196
3842 2 2 1 38 2045 2044 2046
3843 2 2 1 38 2000 1999 2001
3844 2 2 1 38 2652 316 2653
3845 2 2 1 38 2155 2156 2157
3846 2 2 1 38 2594 2288 2788
3847 2 2 1 38 280 281 1919
3848 2 2 1 38 307 308 1918
3849 2 2 1 38 2180 2610 2710
3850 2 2 1 38 1963 2101 3262
3851 2 2 1 38 1938 2609 2724
3852 2 2 1 38 274 1944 3297
3853 2 2 1 38 2627 2764 3019
3854 2 2 1 38 2686 2367 2691
3855 2 2 1 38 2002 2001 2006
3856 2 2 1 38 2459 2457 3215
3857 2 2 1 38 2537 2536 2693
3858 2 2 1 38 3096 3034 3114
3859 2 2 1 38 2448 2488 3240
3860 2 2 1 38 2145 2186 2659
3861 2 2 1 38 2192 2201 2242
3862 2 2 1 38 2933 2931 3043
3863 2 2 1 38 2954 2464 2956
3864 2 2 1 38 2645 1949 2806
3865 2 2 1 38 1936 2641 2897
3866 2 2 1 38 2545 2605 2606
3867 2 2 1 38 2157 2158 2159
3868 2 2 1 38 2424 2653 2708
3869 2 2 1 38 2279 2280 2281
3870 2 2 1 38 2136 2134 2138
3871 2 2 1 38 1931 2951 2977
3872 2 2 1 38 2413 3188 3225
3873 2 2 1 38 3002 1930 3222
3874 2 2 1 38 2709 2180 2710
3875 2 2 1 38 3203 2826 3276
3876 2 2 1 38 277 1927 3085
3877 2 2 1 38 324 325 2602
3878 2 2 1 38 2525 2548 3115
3879 2 2 1 38 322 2854 3305
3880 2 2 1 38 2926 2924 2927
3881 2 2 1 38 2268 2610 3021
3882 2 2 1 38 2968 3160 3161
3883 2 2 1 38 2387 2392 2621
3884 2 2 1 38 2421 2425 2637
3885 2 2 1 38 3212 2925 3266
3886 2 2 1 38 2982 2497 3097
3887 2 2 1 38 2467 2462 3273
3888 2 2 1 38 2986 2961 3114
3889 2 2 1 38 2567 2491 2636
3890 2 2 1 38 2511 2510 2513
3891 2 2 1 38 2159 2160 2161
3892 2 2 1 38 1963 1965 2101
3893 2 2 1 38 2243 2245 2246
3894 2 2 1 38 2500 2654 2657
3895 2 2 1 38 2631 2517 3275
3896 2 2 1 38 2587 2506 3222
3897 2 2 1 38 3171 3170 3218
3898 2 2 1 38 3230 322 3305
3899 2 2 1 38 2070 2102 2795
3900 2 2 1 38 2425 2427 2658
3901 2 2 1 38 2344 2805 3276
3902 2 2 1 38 272 2679 2680
3903 2 2 1 38 2627 2725 2764
3904 2 2 1 38 2611 2833 3136
3905 2 2 1 38 1921 2724 2874
3906 2 2 1 38 2830 2103 3204
3907 2 2 1 38 2421 2423 2425
3908 2 2 1 38 2141 2143 2867
3909 2 2 1 38 2503 2504 2721
3910 2 2 1 38 3186 3185 3187
3911 2 2 1 38 2515 2675 3138
3912 2 2 1 38 2680 2291 2848
3913 2 2 1 38 2984 2962 3105
3914 2 2 1 38 2976 2863 3014
3915 2 2 1 38 2389 2390 2761
3916 2 2 1 38 2653 1940 2708
3917 2 2 1 38 3173 3176 3250
3918 2 2 1 38 2966 2964 2967
3919 2 2 1 38 311 312 2587
3920 2 2 1 38 2749 2995 3300
3921 2 2 1 38 2334 2687 2742
3922 2 2 1 38 2183 2168 3023
3923 2 2 1 38 2204 2203 2205
3924 2 2 1 38 2314 2648 3065
3925 2 2 1 38 2526 2551 3074
3926 2 2 1 38 2650 2052 3053
3927 2 2 1 38 375 1928 2734
3928 2 2 1 38 2191 2646 2875
3929 2 2 1 38 2495 2460 3215
3930 2 2 1 38 2252 2606 3054
3931 2 2 1 38 2275 2276 2277
3932 2 2 1 38 2207 2835 3046
3933 2 2 1 38 2005 2624 3071
3934 2 2 1 38 2486 2564 3257
3935 2 2 1 38 2230 2703 3123
3936 2 2 1 38 2474 2492 3245
3937 2 2 1 38 2974 2497 2982
3938 2 2 1 38 2161 2162 2163
3939 2 2 1 38 2613 2592 3092
3940 2 2 1 38 2208 2205 2209
3941 2 2 1 38 2449 2448 2450
3942 2 2 1 38 2253 2249 3080
3943 2 2 1 38 2534 2589 2613
3944 2 2 1 38 2635 2086 3001
3945 2 2 1 38 279 280 2600
3946 2 2 1 38 2406 2718 3062
3947 2 2 1 38 1925 315 2652
3948 2 2 1 38 2166 2167 2168
3949 2 2 1 38 2009 2011 2896
3950 2 2 1 38 2482 2985 3273
3951 2 2 1 38 2163 2164 2166
3952 2 2 1 38 2296 2294 2297
3953 2 2 1 38 2427 2533 2534
3954 2 2 1 38 2246 2247 2248
3955 2 2 1 38 308 309 2598
3956 2 2 1 38 2444 2440 2445
3957 2 2 1 38 2020 2006 3129
3958 2 2 1 38 2959 2955 3004
3959 2 2 1 38 2355 2352 2514
3960 2 2 1 38 2721 2178 2739
3961 2 2 1 38 2231 2700 2896
3962 2 2 1 38 282 283 1936
3963 2 2 1 38 2604 2736 3202
3964 2 2 1 38 2691 1979 3261
3965 2 2 1 38 2270 2272 2273
3966 2 2 1 38 1919 2619 2649
3967 2 2 1 38 2430 2229 2431
3968 2 2 1 38 3176 3180 3181
3969 2 2 1 38 2760 2282 3095
3970 2 2 1 38 1991 2778 2779
3971 2 2 1 38 2556 2415 2582
3972 2 2 1 38 2506 2587 3128
3973 2 2 1 38 2954 2953 2998
3974 2 2 1 38 2038 2929 3012
3975 2 2 1 38 2185 2151 2881
3976 2 2 1 38 2577 2678 2857
3977 2 2 1 38 284 1921 2641
3978 2 2 1 38 2266 2269 2270
3979 2 2 1 38 2376 2375 2377
3980 2 2 1 38 2560 2667 2880
3981 2 2 1 38 2705 2244 3231
3982 2 2 1 38 2762 2393 3235
3983 2 2 1 38 2466 2942 3273
3984 2 2 1 38 2241 2662 2663
3985 2 2 1 38 2623 2283 3009
3986 2 2 1 38 2242 2243 2595
3987 2 2 1 38 1927 2642 2643
3988 2 2 1 38 2443 3015 3132
3989 2 2 1 38 281 282 2618
3990 2 2 1 38 1936 283 2641
3991 2 2 1 38 2283 2623 3010
3992 2 2 1 38 2355 2817 3285
3993 2 2 1 38 271 2680 3121
3994 2 2 1 38 2623 2180 3010
3995 2 2 1 38 2161 2181 3021
3996 2 2 1 38 1949 2799 2806
3997 2 2 1 38 3007 2101 3277
3998 2 2 1 38 2707 2535 2708
3999 2 2 1 38 2417 3018 3200
4000 2 2 1 38 2575 2577 3100
4001 2 2 1 38 2615 1993 2639
4002 2 2 1 38 2805 2836 3203
4003 2 2 1 38 2258 2259 2260
4004 2 2 1 38 2523 2524 3060
4005 2 2 1 38 2344 2804 2805
4006 2 2 1 38 2646 2182 2875
4007 2 2 1 38 2909 2911 3263
4008 2 2 1 38 2553 2554 3064
4009 2 2 1 38 2229 2227 2989
4010 2 2 1 38 2890 2891 2892
4011 2 2 1 38 2256 2257 2258
4012 2 2 1 38 2260 2263 2264
4013 2 2 1 38 2007 2006 2008
4014 2 2 1 38 2175 2711 2713
4015 2 2 1 38 2646 2191 2852
4016 2 2 1 38 325 326 1942
4017 2 2 1 38 318 319 1940
4018 2 2 1 38 2390 2391 2393
4019 2 2 1 38 2336 2869 3280
4020 2 2 1 38 2370 2568 3070
4021 2 2 1 38 2619 2618 2620
4022 2 2 1 38 2248 2249 2250
4023 2 2 1 38 2168 2169 2170
4024 2 2 1 38 2592 2591 2593
4025 2 2 1 38 2361 2684 2749
4026 2 2 1 38 2775 2745 2776
4027 2 2 1 38 1968 1970 1971
4028 2 2 1 38 2632 2789 3213
4029 2 2 1 38 2037 2039 2043
4030 2 2 1 38 2627 2272 3196
4031 2 2 1 38 2902 2543 3079
4032 2 2 1 38 2669 2624 2752
4033 2 2 1 38 2244 2201 3231
4034 2 2 1 38 2834 2694 2859
4035 2 2 1 38 2146 2647 3119
4036 2 2 1 38 2139 2138 2140
4037 2 2 1 38 2685 2367 2686
4038 2 2 1 38 2573 2574 2575
4039 2 2 1 38 2333 2332 2338
4040 2 2 1 38 2186 2667 3232
4041 2 2 1 38 2385 2646 2852
4042 2 2 1 38 2250 2253 2254
4043 2 2 1 38 526 2412 3192
4044 2 2 1 38 2523 2760 3095
4045 2 2 1 38 2097 2076 2216
4046 2 2 1 38 2613 2872 2873
4047 2 2 1 38 305 306 2678
4048 2 2 1 38 2029 2028 2030
4049 2 2 1 38 1944 3237 3297
4050 2 2 1 38 2571 2516 2843
4051 2 2 1 38 2027 2025 2028
4052 2 2 1 38 2138 2134 2821
4053 2 2 1 38 3163 3168 3228
4054 2 2 1 38 273 1924 2679
4055 2 2 1 38 2078 2080 2670
4056 2 2 1 38 2331 2330 2332
4057 2 2 1 38 1950 2363 2681
4058 2 2 1 38 2996 2919 3026
4059 2 2 1 38 2298 2297 2299
4060 2 2 1 38 2786 2586 2823
4061 2 2 1 38 2092 3039 3088
4062 2 2 1 38 3172 3171 3206
4063 2 2 1 38 2217 2216 2218
4064 2 2 1 38 1951 2571 2843
4065 2 2 1 38 2413 524 3192
4066 2 2 1 38 2327 2902 3079
4067 2 2 1 38 2288 2594 3294
4068 2 2 1 38 1971 1972 1973
4069 2 2 1 38 2296 2336 3280
4070 2 2 1 38 2734 2543 2902
4071 2 2 1 38 1990 1993 3271
4072 2 2 1 38 283 284 2641
4073 2 2 1 38 2337 2756 3272
4074 2 2 1 38 2594 2788 3226
4075 2 2 1 38 319 320 2707
4076 2 2 1 38 1938 2660 2661
4077 2 2 1 38 2226 2209 2227
4078 2 2 1 38 2961 2965 3114
4079 2 2 1 38 3058 2375 3059
4080 2 2 1 38 2141 2140 2142
4081 2 2 1 38 2003 2669 3151
4082 2 2 1 38 2452 2928 3029
4083 2 2 1 38 2254 2253 3198
4084 2 2 1 38 2300 2299 2301
4085 2 2 1 38 2846 2373 3282
4086 2 2 1 38 2779 2365 3032
4087 2 2 1 38 2534 2613 2873
4088 2 2 1 38 2305 2519 3066
4089 2 2 1 38 2032 2030 2988
4090 2 2 1 38 304 305 1920
4091 2 2 1 38 1938 287 2660
4092 2 2 1 38 287 288 2660
4093 2 2 1 38 294 295 1922
4094 2 2 1 38 286 287 1938
4095 2 2 1 38 284 285 1921
4096 2 2 1 38 296 297 1939
4097 2 2 1 38 301 302 1935
4098 2 2 1 38 301 1935 2664
4099 2 2 1 38 300 301 2664
4100 2 2 1 38 299 300 1943
4101 2 2 1 38 1943 300 2664
4102 2 2 1 38 290 291 1941
4103 2 2 1 38 291 292 2665
4104 2 2 1 38 292 293 1937
4105 2 2 1 38 1941 291 2665
4106 2 2 1 38 292 1937 2665
4107 2 2 1 38 2471 2978 2984
4108 2 2 1 38 2302 2301 2303
4109 2 2 1 38 2402 2417 3269
4110 2 2 1 38 2726 1941 3130
4111 2 2 1 38 2550 2235 2557
4112 2 2 1 38 1950 1933 2363
4113 2 2 1 38 2323 2322 2324
4114 2 2 1 38 321 322 3230
4115 2 2 1 38 2080 2112 2670
4116 2 2 1 38 2112 2127 2130
4117 2 2 1 38 2049 2658 2870
4118 2 2 1 38 1973 1985 2616
4119 2 2 1 38 1940 2653 3120
4120 2 2 1 38 315 316 2652
4121 2 2 1 38 2008 2020 3038
4122 2 2 1 38 2945 2969 3103
4123 2 2 1 38 2719 2808 2866
4124 2 2 1 38 2044 2841 3041
4125 2 2 1 38 2065 2126 2818
4126 2 2 1 38 2132 2369 3247
4127 2 2 1 38 2325 2324 2326
4128 2 2 1 38 2305 2303 2306
4129 2 2 1 38 502 503 3166
4130 2 2 1 38 2216 2076 2715
4131 2 2 1 38 2549 2368 2603
4132 2 2 1 38 2603 2664 3304
4133 2 2 1 38 2225 2368 2549
4134 2 2 1 38 2320 2319 2322
4135 2 2 1 38 2281 2367 2685
4136 2 2 1 38 2097 2216 2217
4137 2 2 1 38 2240 2117 2284
4138 2 2 1 38 2143 2142 2144
4139 2 2 1 38 322 323 2854
4140 2 2 1 38 2012 2035 2103
4141 2 2 1 38 2091 2118 2122
4142 2 2 1 38 1989 1994 1995
4143 2 2 1 38 2368 2235 2550
4144 2 2 1 38 3153 2570 3262
4145 2 2 1 38 3130 1941 3246
4146 2 2 1 38 2568 2252 3054
4147 2 2 1 38 2009 2008 2010
4148 2 2 1 38 521 522 3195
4149 2 2 1 38 2225 2235 2368
4150 2 2 1 38 2863 436 3014
4151 2 2 1 38 1966 1982 2092
4152 2 2 1 38 2567 2636 3268
4153 2 2 1 38 2931 2927 3043
4154 2 2 1 38 2363 276 3279
4155 2 2 1 38 2311 2306 2312
4156 2 2 1 38 2124 2083 2224
4157 2 2 1 38 2194 2815 2900
4158 2 2 1 38 2112 2130 2670
4159 2 2 1 38 2130 2127 2539
4160 2 2 1 38 272 273 2679
4161 2 2 1 38 2240 2284 2609
4162 2 2 1 38 2225 2224 2235
4163 2 2 1 38 2562 3007 3277
4164 2 2 1 38 2672 2223 2683
4165 2 2 1 38 2425 2423 2426
4166 2 2 1 38 2118 2240 2241
4167 2 2 1 38 2118 2117 2240
4168 2 2 1 38 2578 2576 2579
4169 2 2 1 38 2717 2552 3227
4170 2 2 1 38 2206 2410 2531
4171 2 2 1 38 2607 2518 2608
4172 2 2 1 38 2091 2117 2118
4173 2 2 1 38 2539 2127 2544
4174 2 2 1 38 2314 2312 2315
4175 2 2 1 38 2907 2655 3090
4176 2 2 1 38 2427 2426 2533
4177 2 2 1 38 2081 2079 2090
4178 2 2 1 38 2234 2222 2358
4179 2 2 1 38 2091 2090 2117
4180 2 2 1 38 2090 2672 2683
4181 2 2 1 38 2124 2224 2225
4182 2 2 1 38 2102 2069 3076
4183 2 2 1 38 2112 2124 2127
4184 2 2 1 38 2435 3089 3090
4185 2 2 1 38 2174 2903 3235
4186 2 2 1 38 2316 2315 2317
4187 2 2 1 38 2080 2083 2112
4188 2 2 1 38 2584 2503 2844
4189 2 2 1 38 2386 2621 3056
4190 2 2 1 38 2327 2693 2746
4191 2 2 1 38 2080 2079 2081
4192 2 2 1 38 2112 2083 2124
4193 2 2 1 38 2546 2244 2705
4194 2 2 1 38 2043 2044 2045
4195 2 2 1 38 2938 2937 3302
4196 2 2 1 38 2460 2459 3215
4197 2 2 1 38 2081 2090 2091
4198 2 2 1 38 2590 3230 3305
4199 2 2 1 38 2080 2081 2083
4200 2 2 1 38 2473 2467 2474
4201 2 2 1 38 2057 2872 3092
4202 2 2 1 38 2121 2532 3077
4203 2 2 1 38 2225 2549 2671
4204 2 2 1 38 2284 2117 2683
4205 2 2 1 38 2078 2079 2080
4206 2 2 1 38 2723 2347 2883
4207 2 2 1 38 2264 2263 3202
4208 2 2 1 38 2557 2235 2692
4209 2 2 1 38 2145 2144 2146
4210 2 2 1 38 304 1920 2706
4211 2 2 1 38 2129 2116 3138
4212 2 2 1 38 2606 2605 3255
4213 2 2 1 38 2124 2225 2671
4214 2 2 1 38 2078 2077 2079
4215 2 2 1 38 2127 2124 2671
4216 2 2 1 38 2091 2122 2676
4217 2 2 1 38 2223 2217 2285
4218 2 2 1 38 2616 1985 2617
4219 2 2 1 38 2077 2076 2097
4220 2 2 1 38 2471 2984 3260
4221 2 2 1 38 2395 2397 2638
4222 2 2 1 38 2544 2127 2671
4223 2 2 1 38 481 482 2998
4224 2 2 1 38 2761 2179 3287
4225 2 2 1 38 2772 2606 3255
4226 2 2 1 38 2691 2367 3095
4227 2 2 1 38 2480 2567 2581
4228 2 2 1 38 2863 2976 3017
4229 2 2 1 38 2992 2514 3248
4230 2 2 1 38 2718 2406 3140
4231 2 2 1 38 3176 3173 3180
4232 2 2 1 38 309 310 2797
4233 2 2 1 38 2078 2670 2677
4234 2 2 1 38 2075 2077 2078
4235 2 2 1 38 2548 2384 2621
4236 2 2 1 38 2583 3183 3186
4237 2 2 1 38 2676 2122 2692
4238 2 2 1 38 2198 2351 3231
4239 2 2 1 38 2099 2072 2219
4240 2 2 1 38 286 1938 2724
4241 2 2 1 38 1921 285 2724
4242 2 2 1 38 2954 2956 3004
4243 2 2 1 38 1929 2725 3196
4244 2 2 1 38 2399 2401 2402
4245 2 2 1 38 2220 2219 2230
4246 2 2 1 38 2075 2056 2076
4247 2 2 1 38 2097 2217 2223
4248 2 2 1 38 2030 2073 2988
4249 2 2 1 38 2018 2064 2715
4250 2 2 1 38 2090 2079 2672
4251 2 2 1 38 2289 2688 3294
4252 2 2 1 38 2081 2091 2676
4253 2 2 1 38 2065 2093 2126
4254 2 2 1 38 2079 2077 2672
4255 2 2 1 38 288 289 2726
4256 2 2 1 38 297 298 2727
4257 2 2 1 38 2359 2358 2572
4258 2 2 1 38 2408 2404 2409
4259 2 2 1 38 310 1930 2797
4260 2 2 1 38 2224 2083 2676
4261 2 2 1 38 2408 2409 3241
4262 2 2 1 38 2626 2625 3019
4263 2 2 1 38 2130 2539 2695
4264 2 2 1 38 2046 2044 3041
4265 2 2 1 38 2939 2938 3302
4266 2 2 1 38 2072 2070 2795
4267 2 2 1 38 2083 2081 2676
4268 2 2 1 38 2077 2097 2672
4269 2 2 1 38 2834 2268 3021
4270 2 2 1 38 2147 2146 2148
4271 2 2 1 38 2017 2055 2096
4272 2 2 1 38 1955 1959 2571
4273 2 2 1 38 2224 2676 2692
4274 2 2 1 38 2918 2919 2920
4275 2 2 1 38 2719 2183 2808
4276 2 2 1 38 3038 2428 3107
4277 2 2 1 38 2453 2450 2454
4278 2 2 1 38 2553 3064 3196
4279 2 2 1 38 2070 2069 2102
4280 2 2 1 38 2119 2213 2563
4281 2 2 1 38 2971 2972 2980
4282 2 2 1 38 2097 2223 2672
4283 2 2 1 38 2191 2138 2821
4284 2 2 1 38 2562 2696 3007
4285 2 2 1 38 2643 2381 3236
4286 2 2 1 38 2075 2076 2077
4287 2 2 1 38 2308 2530 3117
4288 2 2 1 38 2803 2801 2836
4289 2 2 1 38 2952 2951 2953
4290 2 2 1 38 2219 2795 3011
4291 2 2 1 38 2223 2285 2704
4292 2 2 1 38 1962 1963 3262
4293 2 2 1 38 2056 2018 2715
4294 2 2 1 38 2424 2652 2653
4295 2 2 1 38 2534 2588 2589
4296 2 2 1 38 2575 2574 2576
4297 2 2 1 38 2149 2148 2150
4298 2 2 1 38 2393 2394 2395
4299 2 2 1 38 2133 2622 2821
4300 2 2 1 38 2289 2581 2688
4301 2 2 1 38 2683 2223 2704
4302 2 2 1 38 2566 2564 3169
4303 2 2 1 38 1977 1975 2698
4304 2 2 1 38 2494 2450 3240
4305 2 2 1 38 2791 2645 3101
4306 2 2 1 38 2151 2150 2152
4307 2 2 1 38 2485 2484 2486
4308 2 2 1 38 2117 2090 2683
4309 2 2 1 38 2862 2907 2908
4310 2 2 1 38 2075 2078 2677
4311 2 2 1 38 2496 2982 3097
4312 2 2 1 38 2608 2103 3108
4313 2 2 1 38 1956 1954 2089
4314 2 2 1 38 1922 295 2813
4315 2 2 1 38 296 1939 2813
4316 2 2 1 38 2153 2152 2154
4317 2 2 1 38 2975 2061 3105
4318 2 2 1 38 1995 1999 2000
4319 2 2 1 38 2558 2557 2780
4320 2 2 1 38 1993 2615 3271
4321 2 2 1 38 3169 3170 3171
4322 2 2 1 38 2074 2075 2677
4323 2 2 1 38 2721 2504 2722
4324 2 2 1 38 2475 2474 2476
4325 2 2 1 38 2595 2246 2808
4326 2 2 1 38 3124 2040 3217
4327 2 2 1 38 2579 2576 2714
4328 2 2 1 38 2235 2224 2692
4329 2 2 1 38 2577 2576 2578
4330 2 2 1 38 2155 2154 2156
4331 2 2 1 38 2480 2580 3055
4332 2 2 1 38 2761 2390 2762
4333 2 2 1 38 1930 2587 3222
4334 2 2 1 38 3164 2478 3179
4335 2 2 1 38 2575 2576 2577
4336 2 2 1 38 2000 2001 2002
4337 2 2 1 38 2336 2632 2633
4338 2 2 1 38 2372 2837 3101
4339 2 2 1 38 2577 2578 2678
4340 2 2 1 38 2092 1982 2882
4341 2 2 1 38 303 304 2706
4342 2 2 1 38 2756 2337 2868
4343 2 2 1 38 2978 2471 2983
4344 2 2 1 38 2381 2113 2635
4345 2 2 1 38 2197 2187 2699
4346 2 2 1 38 1922 2558 3037
4347 2 2 1 38 2980 2933 3043
4348 2 2 1 38 471 2346 2979
4349 2 2 1 38 2234 2358 2359
4350 2 2 1 38 2831 2173 3018
4351 2 2 1 38 2018 2015 2064
4352 2 2 1 38 2157 2156 2158
4353 2 2 1 38 2206 2199 2410
4354 2 2 1 38 2926 2927 2931
4355 2 2 1 38 2074 2056 2075
4356 2 2 1 38 2589 2590 2591
4357 2 2 1 38 2986 2465 3069
4358 2 2 1 38 306 307 2857
4359 2 2 1 38 323 1926 2854
4360 2 2 1 38 2284 2683 2704
4361 2 2 1 38 2540 2629 2630
4362 2 2 1 38 2114 2215 2237
4363 2 2 1 38 2461 2460 2462
4364 2 2 1 38 2094 2095 2855
4365 2 2 1 38 2711 2392 2713
4366 2 2 1 38 1940 319 2707
4367 2 2 1 38 2920 2919 2923
4368 2 2 1 38 2359 2572 2573
4369 2 2 1 38 2506 2507 3222
4370 2 2 1 38 2159 2158 2160
4371 2 2 1 38 2597 2526 3075
4372 2 2 1 38 2035 2682 3107
4373 2 2 1 38 2978 2962 2984
4374 2 2 1 38 3157 3158 3159
4375 2 2 1 38 2578 2579 2695
4376 2 2 1 38 1973 1974 1985
4377 2 2 1 38 2123 2420 2421
4378 2 2 1 38 2168 2170 3023
4379 2 2 1 38 2609 2284 2874
4380 2 2 1 38 2133 2428 2622
4381 2 2 1 38 3061 2189 3115
4382 2 2 1 38 2351 2365 2705
4383 2 2 1 38 2249 2522 3080
4384 2 2 1 38 2055 2056 2074
4385 2 2 1 38 2071 2098 2100
4386 2 2 1 38 2674 2506 3128
4387 2 2 1 38 2281 2585 3027
4388 2 2 1 38 2352 2195 3248
4389 2 2 1 38 285 286 2724
4390 2 2 1 38 2390 2388 2391
4391 2 2 1 38 2241 2663 2842
4392 2 2 1 38 1958 1956 2634
4393 2 2 1 38 2113 2086 2635
4394 2 2 1 38 2297 2294 2860
4395 2 2 1 38 2660 288 2726
4396 2 2 1 38 1939 297 2727
4397 2 2 1 38 2348 2349 2540
4398 2 2 1 38 2071 2100 3047
4399 2 2 1 38 2626 2751 3035
4400 2 2 1 38 2644 2102 3076
4401 2 2 1 38 2635 2634 3236
4402 2 2 1 38 2628 2598 3102
4403 2 2 1 38 2548 2711 2712
4404 2 2 1 38 2362 2295 3280
4405 2 2 1 38 2293 2304 2529
4406 2 2 1 38 2055 2018 2056
4407 2 2 1 38 2958 2492 2985
4408 2 2 1 38 11 2892 2893
4409 2 2 1 38 1983 2014 2033
4410 2 2 1 38 1984 1977 2059
4411 2 2 1 38 2625 2627 3019
4412 2 2 1 38 1935 2886 3209
4413 2 2 1 38 2038 3012 3144
4414 2 2 1 38 2118 2241 2842
4415 2 2 1 38 1935 302 2886
4416 2 2 1 38 2309 2510 2511
4417 2 2 1 38 2219 2072 2795
4418 2 2 1 38 2237 2238 2348
4419 2 2 1 38 2755 2756 2868
4420 2 2 1 38 2278 2277 2279
4421 2 2 1 38 2588 1923 3230
4422 2 2 1 38 2292 2529 2699
4423 2 2 1 38 2076 2056 2715
4424 2 2 1 38 2227 2236 2989
4425 2 2 1 38 2170 2171 2172
4426 2 2 1 38 2197 2992 3248
4427 2 2 1 38 1923 321 3230
4428 2 2 1 38 2376 2377 2995
4429 2 2 1 38 2031 2030 2032
4430 2 2 1 38 2592 2829 3092
4431 2 2 1 38 1976 1983 2702
4432 2 2 1 38 2002 2006 2007
4433 2 2 1 38 277 3085 3279
4434 2 2 1 38 2253 2745 3198
4435 2 2 1 38 2576 2574 2714
4436 2 2 1 38 2214 2113 2381
4437 2 2 1 38 2027 2028 2029
4438 2 2 1 38 2851 1925 3286
4439 2 2 1 38 2059 1977 2698
4440 2 2 1 38 2161 2160 2162
4441 2 2 1 38 2835 2207 3141
4442 2 2 1 38 2231 2341 2700
4443 2 2 1 38 2126 2650 2818
4444 2 2 1 38 2534 2533 2588
4445 2 2 1 38 2548 2712 3115
4446 2 2 1 38 3015 3013 3132
4447 2 2 1 38 2662 2661 3130
4448 2 2 1 38 3168 2564 3228
4449 2 2 1 38 2839 2174 3235
4450 2 2 1 38 2017 2018 2055
4451 2 2 1 38 2968 3161 3162
4452 2 2 1 38 2233 2222 2234
4453 2 2 1 38 1971 1970 1972
4454 2 2 1 38 2017 2096 2765
4455 2 2 1 38 2359 2628 3102
4456 2 2 1 38 2540 2349 2629
4457 2 2 1 38 2489 2861 2862
4458 2 2 1 38 2632 2337 3272
4459 2 2 1 38 2003 2743 3065
4460 2 2 1 38 2557 2692 2780
4461 2 2 1 38 2228 2227 2229
4462 2 2 1 38 2805 3203 3276
4463 2 2 1 38 2290 2120 2520
4464 2 2 1 38 2491 2567 3082
4465 2 2 1 38 2833 2611 2853
4466 2 2 1 38 490 2061 2987
4467 2 2 1 38 2641 1921 2888
4468 2 2 1 38 2549 2603 3304
4469 2 2 1 38 2099 2219 2220
4470 2 2 1 38 2700 2701 2723
4471 2 2 1 38 2642 2381 2643
4472 2 2 1 38 2958 2955 2959
4473 2 2 1 38 2135 2188 2369
4474 2 2 1 38 2364 2531 2835
4475 2 2 1 38 3049 2109 3247
4476 2 2 1 38 2768 2538 3224
4477 2 2 1 38 2631 2563 2819
4478 2 2 1 38 3157 3159 3160
4479 2 2 1 38 2702 2033 2703
4480 2 2 1 38 2168 2167 2169
4481 2 2 1 38 2166 2164 2167
4482 2 2 1 38 2163 2162 2164
4483 2 2 1 38 294 1922 3037
4484 2 2 1 38 1937 293 3037
4485 2 2 1 38 2274 2273 2275
4486 2 2 1 38 2103 2104 3108
4487 2 2 1 38 2100 2125 2505
4488 2 2 1 38 2745 2722 3198
4489 2 2 1 38 2348 2238 2349
4490 2 2 1 38 2693 2536 3040
4491 2 2 1 38 2134 2133 2821
4492 2 2 1 38 2903 2762 3235
4493 2 2 1 38 2017 2015 2018
4494 2 2 1 38 2196 2203 2204
4495 2 2 1 38 2348 2540 3216
4496 2 2 1 38 2829 2828 3092
4497 2 2 1 38 2021 2052 2231
4498 2 2 1 38 3039 2614 3088
4499 2 2 1 38 2994 2487 2995
4500 2 2 1 38 2640 2335 2881
4501 2 2 1 38 2011 2010 2012
4502 2 2 1 38 10 318 3120
4503 2 2 1 38 7 271 3121
4504 2 2 1 38 326 7 3121
4505 2 2 1 38 317 10 3120
4506 2 2 1 38 2863 3017 3051
4507 2 2 1 38 2938 2940 3220
4508 2 2 1 38 2688 2581 3268
4509 2 2 1 38 2468 2981 2983
4510 2 2 1 38 2799 2800 2806
4511 2 2 1 38 2256 2258 2694
4512 2 2 1 38 2498 2431 3267
4513 2 2 1 38 1983 2033 2702
4514 2 2 1 38 2605 2546 2689
4515 2 2 1 38 2231 2232 2341
4516 2 2 1 38 2114 2237 2690
4517 2 2 1 38 1928 2733 2734
4518 2 2 1 38 2592 2593 3145
4519 2 2 1 38 2677 2670 3150
4520 2 2 1 38 2421 2422 2423
4521 2 2 1 38 3018 2638 3200
4522 2 2 1 38 2087 2114 2690
4523 2 2 1 38 2014 2015 2017
4524 2 2 1 38 8 290 3134
4525 2 2 1 38 298 9 3135
4526 2 2 1 38 9 299 3135
4527 2 2 1 38 289 8 3134
4528 2 2 1 38 2569 1978 2570
4529 2 2 1 38 2045 2046 2050
4530 2 2 1 38 2661 2660 3130
4531 2 2 1 38 2857 1918 3100
4532 2 2 1 38 2340 2731 3063
4533 2 2 1 38 2673 2129 2674
4534 2 2 1 38 2325 2326 3243
4535 2 2 1 38 2265 2264 2266
4536 2 2 1 38 2983 2471 3024
4537 2 2 1 38 2066 2034 2807
4538 2 2 1 38 2692 2122 2780
4539 2 2 1 38 2675 2129 3138
4540 2 2 1 38 2082 2559 2841
4541 2 2 1 38 2237 2215 2238
4542 2 2 1 38 295 296 2813
4543 2 2 1 38 2233 2234 2350
4544 2 2 1 38 2029 2030 2031
4545 2 2 1 38 2345 2636 2906
4546 2 2 1 38 2338 2502 2585
4547 2 2 1 38 2563 2213 2773
4548 2 2 1 38 2520 2855 3118
4549 2 2 1 38 2665 1937 3281
4550 2 2 1 38 2051 2053 2054
4551 2 2 1 38 303 2706 2886
4552 2 2 1 38 1940 2707 2708
4553 2 2 1 38 2221 2220 2222
4554 2 2 1 38 2058 2616 3210
4555 2 2 1 38 2263 2604 3202
4556 2 2 1 38 2427 2534 2873
4557 2 2 1 38 2829 2592 3145
4558 2 2 1 38 2555 2415 3155
4559 2 2 1 38 2500 2657 3214
4560 2 2 1 38 2014 1984 2015
4561 2 2 1 38 1973 1972 1974
4562 2 2 1 38 2100 2098 2125
4563 2 2 1 38 2255 2254 2256
4564 2 2 1 38 2368 2550 3139
4565 2 2 1 38 2506 2125 2507
4566 2 2 1 38 2832 2831 3018
4567 2 2 1 38 1993 1986 2569
4568 2 2 1 38 2909 2910 2911
4569 2 2 1 38 2207 2823 3141
4570 2 2 1 38 2221 2222 2233
4571 2 2 1 38 2128 2116 2129
4572 2 2 1 38 1956 2089 2634
4573 2 2 1 38 2611 2411 3127
4574 2 2 1 38 2246 2248 2808
4575 2 2 1 38 2862 2909 3154
4576 2 2 1 38 2011 2021 2896
4577 2 2 1 38 2395 2396 2397
4578 2 2 1 38 353 354 2737
4579 2 2 1 38 2905 1990 3271
4580 2 2 1 38 2120 2094 2855
4581 2 2 1 38 2409 2411 3241
4582 2 2 1 38 355 356 2725
4583 2 2 1 38 3183 3181 3185
4584 2 2 1 38 2397 2399 3200
4585 2 2 1 38 2393 2391 2394
4586 2 2 1 38 307 1918 2857
4587 2 2 1 38 354 355 1929
4588 2 2 1 38 500 501 1932
4589 2 2 1 38 2680 1942 3121
4590 2 2 1 38 2527 2597 3071
4591 2 2 1 38 2960 2962 2963
4592 2 2 1 38 2540 2697 3216
4593 2 2 1 38 2755 2340 3063
4594 2 2 1 38 345 346 2739
4595 2 2 1 38 347 348 2728
4596 2 2 1 38 2481 2931 2932
4597 2 2 1 38 417 418 1949
4598 2 2 1 38 2994 2377 3290
4599 2 2 1 38 2738 2717 3227
4600 2 2 1 38 479 480 1931
4601 2 2 1 38 375 376 1928
4602 2 2 1 38 2419 3109 3113
4603 2 2 1 38 351 352 2735
4604 2 2 1 38 2687 2334 3224
4605 2 2 1 38 2942 2466 3220
4606 2 2 1 38 2917 2915 3149
4607 2 2 1 38 2345 2688 3268
4608 2 2 1 38 349 350 2740
4609 2 2 1 38 346 347 1987
4610 2 2 1 38 1954 1950 2681
4611 2 2 1 38 329 330 1991
4612 2 2 1 38 2099 2220 2221
4613 2 2 1 38 376 377 2732
4614 2 2 1 38 2690 2237 2820
4615 2 2 1 38 2511 2513 2898
4616 2 2 1 38 343 344 2744
4617 2 2 1 38 365 366 1979
4618 2 2 1 38 1983 1984 2014
4619 2 2 1 38 333 334 1992
4620 2 2 1 38 2477 506 3219
4621 2 2 1 38 3007 2407 3062
4622 2 2 1 38 2490 2966 3264
4623 2 2 1 38 2445 2448 2449
4624 2 2 1 38 360 361 1981
4625 2 2 1 38 366 367 2742
4626 2 2 1 38 2780 2122 2842
4627 2 2 1 38 400 401 1952
4628 2 2 1 38 3079 2543 3243
4629 2 2 1 38 361 362 2748
4630 2 2 1 38 2211 3057 3295
4631 2 2 1 38 2433 2493 2599
4632 2 2 1 38 2007 2008 2009
4633 2 2 1 38 2326 2329 2330
4634 2 2 1 38 2916 2915 2917
4635 2 2 1 38 362 363 2760
4636 2 2 1 38 2036 2032 2037
4637 2 2 1 38 2294 2190 2860
4638 2 2 1 38 370 371 1980
4639 2 2 1 38 389 390 2770
4640 2 2 1 38 371 372 2746
4641 2 2 1 38 359 360 2750
4642 2 2 1 38 358 359 2774
4643 2 2 1 38 344 345 2178
4644 2 2 1 38 356 357 2764
4645 2 2 1 38 350 351 1988
4646 2 2 1 38 368 369 2768
4647 2 2 1 38 390 391 1953
4648 2 2 1 38 2439 2440 2444
4649 2 2 1 38 381 382 2752
4650 2 2 1 38 352 353 2271
4651 2 2 1 38 384 385 2743
4652 2 2 1 38 341 342 2775
4653 2 2 1 38 363 364 2282
4654 2 2 1 38 385 386 2763
4655 2 2 1 38 2347 2723 3133
4656 2 2 1 38 378 379 2767
4657 2 2 1 38 2686 2691 3261
4658 2 2 1 38 369 370 2747
4659 2 2 1 38 3154 2440 3242
4660 2 2 1 38 2111 2375 2376
4661 2 2 1 38 357 358 2267
4662 2 2 1 38 391 392 2730
4663 2 2 1 38 342 343 2165
4664 2 2 1 38 348 349 2261
4665 2 2 1 38 1960 1966 3088
4666 2 2 1 38 383 384 2003
4667 2 2 1 38 339 340 2769
4668 2 2 1 38 2357 2373 2846
4669 2 2 1 38 2932 2936 2950
4670 2 2 1 38 338 339 1947
4671 2 2 1 38 387 388 2753
4672 2 2 1 38 380 381 2005
4673 2 2 1 38 367 368 2334
4674 2 2 1 38 2033 2014 2765
4675 2 2 1 38 2745 2253 3080
4676 2 2 1 38 1942 2680 2848
4677 2 2 1 38 372 373 2327
4678 2 2 1 38 2924 2923 3029
4679 2 2 1 38 2343 2297 2860
4680 2 2 1 38 2583 2582 3207
4681 2 2 1 38 2229 2989 3267
4682 2 2 1 38 2098 2072 2099
4683 2 2 1 38 377 378 2321
4684 2 2 1 38 3109 2419 3110
4685 2 2 1 38 2238 2215 2239
4686 2 2 1 38 2482 2957 2958
4687 2 2 1 38 340 341 2251
4688 2 2 1 38 386 387 2004
4689 2 2 1 38 334 335 2772
4690 2 2 1 38 1983 1977 1984
4691 2 2 1 38 2942 2943 3259
4692 2 2 1 38 337 338 2777
4693 2 2 1 38 2936 2937 2938
4694 2 2 1 38 2285 2217 3131
4695 2 2 1 38 392 393 2754
4696 2 2 1 38 1976 1977 1983
4697 2 2 1 38 2862 2908 2909
4698 2 2 1 38 2402 2403 2404
4699 2 2 1 38 2529 2304 2716
4700 2 2 1 38 2071 2072 2098
4701 2 2 1 38 2622 2020 3031
4702 2 2 1 38 2505 2125 2506
4703 2 2 1 38 2204 2205 2208
4704 2 2 1 38 336 337 2792
4705 2 2 1 38 2237 2348 2820
4706 2 2 1 38 2208 2209 2226
4707 2 2 1 38 2533 2426 2535
4708 2 2 1 38 2693 2327 3079
4709 2 2 1 38 388 389 2307
4710 2 2 1 38 418 419 2799
4711 2 2 1 38 2574 2096 3098
4712 2 2 1 38 2936 2495 2950
4713 2 2 1 38 401 402 2759
4714 2 2 1 38 2050 2046 2051
4715 2 2 1 38 2700 2341 2701
4716 2 2 1 38 2725 2627 3196
4717 2 2 1 38 335 336 2262
4718 2 2 1 38 2543 2325 3243
4719 2 2 1 38 2122 2118 2842
4720 2 2 1 38 2317 2318 2319
4721 2 2 1 38 2088 2688 3278
4722 2 2 1 38 1974 1975 1976
4723 2 2 1 38 2694 2181 3099
4724 2 2 1 38 2395 2638 2839
4725 2 2 1 38 396 397 2789
4726 2 2 1 38 3013 2038 3291
4727 2 2 1 38 1976 1975 1977
4728 2 2 1 38 416 417 2741
4729 2 2 1 38 2872 2613 3092
4730 2 2 1 38 1989 1995 2882
4731 2 2 1 38 2963 2964 2966
4732 2 2 1 38 2014 2017 2765
4733 2 2 1 38 332 333 2809
4734 2 2 1 38 2114 2214 2215
4735 2 2 1 38 394 395 2787
4736 2 2 1 38 330 331 2778
4737 2 2 1 38 2495 2936 2938
4738 2 2 1 38 2589 2588 2590
4739 2 2 1 38 399 400 2717
4740 2 2 1 38 412 413 1998
4741 2 2 1 38 2583 3186 3189
4742 2 2 1 38 3122 2620 3131
4743 2 2 1 38 2423 2422 2424
4744 2 2 1 38 2094 2066 2095
4745 2 2 1 38 2928 3124 3217
4746 2 2 1 38 408 409 1996
4747 2 2 1 38 2421 2420 2422
4748 2 2 1 38 2620 1936 2897
4749 2 2 1 38 2384 2019 3056
4750 2 2 1 38 2009 2010 2011
4751 2 2 1 38 2947 2946 2951
4752 2 2 1 38 2411 3020 3127
4753 2 2 1 38 2465 2986 3114
4754 2 2 1 38 2382 2385 3129
4755 2 2 1 38 2214 2381 2642
4756 2 2 1 38 2712 3061 3115
4757 2 2 1 38 398 399 2738
4758 2 2 1 38 415 416 2791
4759 2 2 1 38 393 394 2177
4760 2 2 1 38 2586 2364 3141
4761 2 2 1 38 2932 2935 2936
4762 2 2 1 38 2483 2966 3229
4763 2 2 1 38 2938 2939 2940
4764 2 2 1 38 2054 2060 2062
4765 2 2 1 38 413 414 2793
4766 2 2 1 38 2123 2128 2420
4767 2 2 1 38 407 408 2757
4768 2 2 1 38 2021 2231 2896
4769 2 2 1 38 411 412 2783
4770 2 2 1 38 397 398 2176
4771 2 2 1 38 409 410 2790
4772 2 2 1 38 402 403 2310
4773 2 2 1 38 1963 1964 1965
4774 2 2 1 38 404 405 1997
4775 2 2 1 38 2554 3033 3064
4776 2 2 1 38 2795 2102 2876
4777 2 2 1 38 2657 2493 3214
4778 2 2 1 38 403 404 2766
4779 2 2 1 38 3186 3188 3189
4780 2 2 1 38 3170 3165 3179
4781 2 2 1 38 2071 2070 2072
4782 2 2 1 38 328 329 2786
4783 2 2 1 38 2022 2013 2023
4784 2 2 1 38 406 407 2512
4785 2 2 1 38 405 406 2781
4786 2 2 1 38 498 499 3158
4787 2 2 1 38 2616 2542 3210
4788 2 2 1 38 419 420 2374
4789 2 2 1 38 2213 2290 2291
4790 2 2 1 38 414 415 2354
4791 2 2 1 38 2782 2509 3093
4792 2 2 1 38 1965 1967 1968
4793 2 2 1 38 2565 2486 3257
4794 2 2 1 38 410 411 2356
4795 2 2 1 38 2705 2365 3152
4796 2 2 1 38 2699 2529 3142
4797 2 2 1 38 2671 2549 3209
4798 2 2 1 38 331 332 2366
4799 2 2 1 38 2262 2792 3054
4800 2 2 1 38 2823 2586 3141
4801 2 2 1 38 2940 2941 2942
4802 2 2 1 38 395 396 2137
4803 2 2 1 38 2440 3154 3306
4804 2 2 1 38 2640 2184 3008
4805 2 2 1 38 2340 2755 2868
4806 2 2 1 38 2684 2073 2899
4807 2 2 1 38 1974 1972 1975
4808 2 2 1 38 2636 2345 3268
4809 2 2 1 38 2886 2544 3209
4810 2 2 1 38 2633 2632 3213
4811 2 2 1 38 2982 2496 3084
4812 2 2 1 38 3185 3181 3190
4813 2 2 1 38 2336 2633 2869
4814 2 2 1 38 2397 2398 2399
4815 2 2 1 38 2981 3003 3156
4816 2 2 1 38 421 422 2106
4817 2 2 1 38 2771 3066 3087
4818 2 2 1 38 420 421 2810
4819 2 2 1 38 2369 2188 3048
4820 2 2 1 38 2634 2089 3236
4821 2 2 1 38 2062 2067 2068
4822 2 2 1 38 2133 2131 2428
4823 2 2 1 38 2432 2431 2433
4824 2 2 1 38 2915 2914 3148
4825 2 2 1 38 1968 1969 1970
4826 2 2 1 38 2400 2406 3062
4827 2 2 1 38 2197 2699 3142
4828 2 2 1 38 2343 2845 2877
4829 2 2 1 38 2128 2129 2673
4830 2 2 1 38 2275 2277 2278
4831 2 2 1 38 2036 2037 2063
4832 2 2 1 38 2115 2116 2123
4833 2 2 1 38 2031 2032 2036
4834 2 2 1 38 1969 1967 2086
4835 2 2 1 38 1963 1961 1964
4836 2 2 1 38 2304 2309 2716
4837 2 2 1 38 327 328 2823
4838 2 2 1 38 2024 2023 2025
4839 2 2 1 38 2586 2786 3032
4840 2 2 1 38 2963 2483 3022
4841 2 2 1 38 2695 2579 3150
4842 2 2 1 38 2519 3025 3087
4843 2 2 1 38 1982 1989 2882
4844 2 2 1 38 422 423 2812
4845 2 2 1 38 2068 2069 2070
4846 2 2 1 38 2026 2025 2027
4847 2 2 1 38 3169 3165 3170
4848 2 2 1 38 2087 2690 3289
4849 2 2 1 38 2170 2169 2171
4850 2 2 1 38 3175 509 3205
4851 2 2 1 38 2095 2066 2807
4852 2 2 1 38 427 12 2210
4853 2 2 1 38 2861 2655 2907
4854 2 2 1 38 2580 2480 2581
4855 2 2 1 38 2555 2486 2582
4856 2 2 1 38 2270 2273 2274
4857 2 2 1 38 2213 2120 2290
4858 2 2 1 38 1965 1964 1967
4859 2 2 1 38 2520 2120 2855
4860 2 2 1 38 2733 2543 2734
4861 2 2 1 38 2123 2116 2128
4862 2 2 1 38 2050 2085 2115
4863 2 2 1 38 3062 2718 3153
4864 2 2 1 38 2796 2230 3011
4865 2 2 1 38 2659 2186 3232
4866 2 2 1 38 1961 1958 2798
4867 2 2 1 38 2788 2864 3226
4868 2 2 1 38 1968 1967 1969
4869 2 2 1 38 3162 3161 3164
4870 2 2 1 38 2218 3122 3131
4871 2 2 1 38 1958 2634 2798
4872 2 2 1 38 2026 2034 2065
4873 2 2 1 38 2569 2570 2718
4874 2 2 1 38 1965 1968 3277
4875 2 2 1 38 11 327 2207
4876 2 2 1 38 2031 2036 2057
4877 2 2 1 38 2513 2758 2816
4878 2 2 1 38 2590 2588 3230
4879 2 2 1 38 482 483 2464
4880 2 2 1 38 2531 2410 2612
4881 2 2 1 38 2507 2125 2811
4882 2 2 1 38 2234 2359 3102
4883 2 2 1 38 426 427 2824
4884 2 2 1 38 2309 2511 2716
4885 2 2 1 38 2213 2291 2773
4886 2 2 1 38 2447 2909 3263
4887 2 2 1 38 2119 2120 2213
4888 2 2 1 38 428 2435 2654
4889 2 2 1 38 2260 2264 2265
4890 2 2 1 38 2517 2631 2819
4891 2 2 1 38 2218 2629 3122
4892 2 2 1 38 2043 2045 2049
4893 2 2 1 38 423 424 2838
4894 2 2 1 38 2231 2052 2232
4895 2 2 1 38 2408 2611 3136
4896 2 2 1 38 2338 2332 2502
4897 2 2 1 38 2807 2034 2827
4898 2 2 1 38 497 498 2472
4899 2 2 1 38 2026 2027 2034
4900 2 2 1 38 2278 2279 2283
4901 2 2 1 38 2943 2945 2946
4902 2 2 1 38 2377 2994 2995
4903 2 2 1 38 2445 2449 2904
4904 2 2 1 38 2341 2232 2342
4905 2 2 1 38 2546 2705 3152
4906 2 2 1 38 1921 2874 2888
4907 2 2 1 38 302 303 2886
4908 2 2 1 38 2449 2450 2453
4909 2 2 1 38 2316 2317 3252
4910 2 2 1 38 2513 2816 2817
4911 2 2 1 38 2513 2817 2898
4912 2 2 1 38 2230 2219 3011
4913 2 2 1 38 2059 2698 2820
4914 2 2 1 38 2250 2254 2255
4915 2 2 1 38 425 426 2825
4916 2 2 1 38 503 2478 3166
4917 2 2 1 38 482 2464 2998
4918 2 2 1 38 2967 3156 3157
4919 2 2 1 38 2926 2481 3266
4920 2 2 1 38 2484 2476 3244
4921 2 2 1 38 2114 2113 2214
4922 2 2 1 38 2537 3079 3243
4923 2 2 1 38 2411 2409 2414
4924 2 2 1 38 2682 3038 3107
4925 2 2 1 38 424 425 2105
4926 2 2 1 38 2183 2595 2808
4927 2 2 1 38 2099 2221 2811
4928 2 2 1 38 2024 2025 2026
4929 2 2 1 38 2824 2210 3239
4930 2 2 1 38 2291 2290 2848
4931 2 2 1 38 2379 2376 2995
4932 2 2 1 38 2140 2138 2191
4933 2 2 1 38 2093 2094 2119
4934 2 2 1 38 2901 2762 2903
4935 2 2 1 38 2274 2275 2709
4936 2 2 1 38 2992 2197 3142
4937 2 2 1 38 2087 2113 2114
4938 2 2 1 38 2929 3013 3015
4939 2 2 1 38 2125 2098 2811
4940 2 2 1 38 2047 521 3195
4941 2 2 1 38 2233 2350 3002
4942 2 2 1 38 2900 2815 3287
4943 2 2 1 38 499 500 3159
4944 2 2 1 38 2424 2708 3143
4945 2 2 1 38 2566 3169 3171
4946 2 2 1 38 2251 2775 2776
4947 2 2 1 38 2130 2695 3150
4948 2 2 1 38 2965 2959 3004
4949 2 2 1 38 2354 2791 3101
4950 2 2 1 38 2385 2852 3031
4951 2 2 1 38 2511 2898 2992
4952 2 2 1 38 2087 2086 2113
4953 2 2 1 38 379 380 2990
4954 2 2 1 38 2388 2016 2905
4955 2 2 1 38 2098 2099 2811
4956 2 2 1 38 2430 2431 2432
4957 2 2 1 38 2326 2324 2329
4958 2 2 1 38 2811 2221 3045
4959 2 2 1 38 2755 2177 2756
4960 2 2 1 38 2395 2394 2396
4961 2 2 1 38 2322 2319 2729
4962 2 2 1 38 2119 2094 2120
4963 2 2 1 38 2601 2840 3284
4964 2 2 1 38 2065 2066 2093
4965 2 2 1 38 2708 2535 3143
4966 2 2 1 38 2516 2380 2517
4967 2 2 1 38 2144 2142 2182
4968 2 2 1 38 2624 2527 3071
4969 2 2 1 38 2033 2765 3146
4970 2 2 1 38 2199 2193 2200
4971 2 2 1 38 2328 2318 2667
4972 2 2 1 38 2191 2821 2852
4973 2 2 1 38 2265 2266 2268
4974 2 2 1 38 2358 2703 3146
4975 2 2 1 38 496 497 3003
4976 2 2 1 38 2379 2749 2899
4977 2 2 1 38 2948 2939 2949
4978 2 2 1 38 2299 2297 2343
4979 2 2 1 38 503 504 2478
4980 2 2 1 38 2239 2215 2840
4981 2 2 1 38 2342 2380 2516
4982 2 2 1 38 1927 2643 3085
4983 2 2 1 38 2115 2085 2116
4984 2 2 1 38 2096 2055 3098
4985 2 2 1 38 2303 2301 2313
4986 2 2 1 38 2150 2148 2189
4987 2 2 1 38 2255 2286 2719
4988 2 2 1 38 2349 2649 3251
4989 2 2 1 38 2913 2916 2922
4990 2 2 1 38 2050 2051 2085
4991 2 2 1 38 2022 2023 2024
4992 2 2 1 38 2312 2306 2560
4993 2 2 1 38 2156 2154 2175
4994 2 2 1 38 3049 2211 3295
4995 2 2 1 38 2175 2713 2887
4996 2 2 1 38 2356 2784 2785
4997 2 2 1 38 1969 2086 2087
4998 2 2 1 38 2317 2315 2318
4999 2 2 1 38 2265 2268 2834
5000 2 2 1 38 490 491 2061
5001 2 2 1 38 2255 2256 2286
5002 2 2 1 38 374 2734 2902
5003 2 2 1 38 2990 2005 3071
5004 2 2 1 38 2462 2467 2473
5005 2 2 1 38 2407 2400 3062
5006 2 2 1 38 2024 2026 2818
5007 2 2 1 38 2274 2709 2710
5008 2 2 1 38 2807 2827 2828
5009 2 2 1 38 2093 2066 2094
5010 2 2 1 38 2765 2572 3146
5011 2 2 1 38 3068 2463 3096
5012 2 2 1 38 2909 2447 3154
5013 2 2 1 38 2454 2457 2459
5014 2 2 1 38 2068 2070 2071
5015 2 2 1 38 2172 2171 2173
5016 2 2 1 38 2226 2227 2228
5017 2 2 1 38 2342 2232 2380
5018 2 2 1 38 1995 2000 2347
5019 2 2 1 38 2651 3155 3258
5020 2 2 1 38 2713 2194 2887
5021 2 2 1 38 2282 2691 3095
5022 2 2 1 38 2391 2388 2905
5023 2 2 1 38 2531 2612 2889
5024 2 2 1 38 2330 2329 2335
5025 2 2 1 38 3188 2413 3191
5026 2 2 1 38 2552 2869 3227
5027 2 2 1 38 2913 2914 2915
5028 2 2 1 38 2777 2568 2792
5029 2 2 1 38 2554 2736 3033
5030 2 2 1 38 2164 2162 2179
5031 2 2 1 38 2701 2341 2847
5032 2 2 1 38 2802 2801 2803
5033 2 2 1 38 493 494 2471
5034 2 2 1 38 2869 2633 3227
5035 2 2 1 38 510 511 2048
5036 2 2 1 38 2507 2811 3045
5037 2 2 1 38 2023 2013 2830
5038 2 2 1 38 2800 2374 2801
5039 2 2 1 38 2286 2256 2694
5040 2 2 1 38 2552 2362 2869
5041 2 2 1 38 3234 2974 3298
5042 2 2 1 38 2394 2391 2615
5043 2 2 1 38 520 521 2047
5044 2 2 1 38 494 495 3024
5045 2 2 1 38 477 478 2944
5046 2 2 1 38 2160 2158 2194
5047 2 2 1 38 2821 2622 2852
5048 2 2 1 38 2566 3171 3172
5049 2 2 1 38 2011 2012 2013
5050 2 2 1 38 2916 2917 2918
5051 2 2 1 38 2943 2946 2947
5052 2 2 1 38 2455 3212 3266
5053 2 2 1 38 2412 2894 3192
5054 2 2 1 38 2341 2342 2847
5055 2 2 1 38 472 473 3028
5056 2 2 1 38 2073 2684 2988
5057 2 2 1 38 2089 1954 2681
5058 2 2 1 38 1995 2347 2882
5059 2 2 1 38 487 488 2465
5060 2 2 1 38 373 374 2902
5061 2 2 1 38 2284 2704 2874
5062 2 2 1 38 495 496 2468
5063 2 2 1 38 471 472 2346
5064 2 2 1 38 2704 2285 2888
5065 2 2 1 38 2065 2034 2066
5066 2 2 1 38 2488 2913 2922
5067 2 2 1 38 484 485 3068
5068 2 2 1 38 486 487 3034
5069 2 2 1 38 2002 2007 2084
5070 2 2 1 38 452 453 2451
5071 2 2 1 38 2946 2945 3103
5072 2 2 1 38 476 477 2970
5073 2 2 1 38 474 475 3036
5074 2 2 1 38 2925 2924 2926
5075 2 2 1 38 3165 3164 3179
5076 2 2 1 38 2385 3031 3129
5077 2 2 1 38 451 452 2930
5078 2 2 1 38 2411 2414 3301
5079 2 2 1 38 2275 2278 2709
5080 2 2 1 38 2319 2318 2328
5081 2 2 1 38 2222 2220 3123
5082 2 2 1 38 2792 2568 3054
5083 2 2 1 38 2468 2983 3024
5084 2 2 1 38 473 474 2470
5085 2 2 1 38 2571 1959 3249
5086 2 2 1 38 354 1929 2737
5087 2 2 1 38 475 476 2469
5088 2 2 1 38 460 461 2456
5089 2 2 1 38 1929 355 2725
5090 2 2 1 38 2389 2761 2815
5091 2 2 1 38 2945 2941 2969
5092 2 2 1 38 485 486 2463
5093 2 2 1 38 2054 2062 2515
5094 2 2 1 38 2215 2214 2840
5095 2 2 1 38 2452 3029 3052
5096 2 2 1 38 3066 2519 3087
5097 2 2 1 38 468 469 2496
5098 2 2 1 38 2402 2401 2403
5099 2 2 1 38 2914 2912 3015
5100 2 2 1 38 2947 2951 2952
5101 2 2 1 38 2371 2826 3239
5102 2 2 1 38 2807 2828 2829
5103 2 2 1 38 461 462 2971
5104 2 2 1 38 2397 2396 2398
5105 2 2 1 38 2684 2360 2988
5106 2 2 1 38 1991 2779 3032
5107 2 2 1 38 1918 2628 3100
5108 2 2 1 38 462 463 2934
5109 2 2 1 38 276 277 3279
5110 2 2 1 38 346 1987 2739
5111 2 2 1 38 1987 347 2728
5112 2 2 1 38 1987 2728 2844
5113 2 2 1 38 2415 2414 2532
5114 2 2 1 38 1928 376 2732
5115 2 2 1 38 2849 2228 3058
5116 2 2 1 38 2271 353 2737
5117 2 2 1 38 3183 3185 3186
5118 2 2 1 38 2725 356 2764
5119 2 2 1 38 480 481 2999
5120 2 2 1 38 2399 2400 2401
5121 2 2 1 38 2816 2785 2817
5122 2 2 1 38 2373 2645 2806
5123 2 2 1 38 2378 2607 2608
5124 2 2 1 38 293 294 3037
5125 2 2 1 38 2012 2103 2830
5126 2 2 1 38 3160 2968 3194
5127 2 2 1 38 453 454 3052
5128 2 2 1 38 2178 345 2739
5129 2 2 1 38 2619 2620 3122
5130 2 2 1 38 2897 2285 3131
5131 2 2 1 38 2572 2358 3146
5132 2 2 1 38 2794 2370 3070
5133 2 2 1 38 2895 2583 3189
5134 2 2 1 38 2614 3039 3303
5135 2 2 1 38 1988 351 2735
5136 2 2 1 38 507 2479 3219
5137 2 2 1 38 1979 2691 3094
5138 2 2 1 38 2102 2644 2876
5139 2 2 1 38 352 2271 2735
5140 2 2 1 38 350 1988 2740
5141 2 2 1 38 2021 2022 2052
5142 2 2 1 38 348 2261 2728
5143 2 2 1 38 1979 366 2742
5144 2 2 1 38 2719 2286 2720
5145 2 2 1 38 1981 361 2748
5146 2 2 1 38 344 2178 2744
5147 2 2 1 38 2261 349 2740
5148 2 2 1 38 507 508 2479
5149 2 2 1 38 360 1981 2750
5150 2 2 1 38 2691 2282 3094
5151 2 2 1 38 2748 362 2760
5152 2 2 1 38 1980 371 2746
5153 2 2 1 38 390 1953 2770
5154 2 2 1 38 2165 343 2744
5155 2 2 1 38 2423 2424 3143
5156 2 2 1 38 370 1980 2747
5157 2 2 1 38 359 2750 2774
5158 2 2 1 38 2350 2797 3002
5159 2 2 1 38 363 2282 2760
5160 2 2 1 38 1952 401 2759
5161 2 2 1 38 357 2267 2764
5162 2 2 1 38 367 2334 2742
5163 2 2 1 38 1964 1961 2798
5164 2 2 1 38 377 2321 2732
5165 2 2 1 38 2400 2398 2406
5166 2 2 1 38 369 2747 2768
5167 2 2 1 38 2267 358 2774
5168 2 2 1 38 1953 391 2730
5169 2 2 1 38 450 451 2921
5170 2 2 1 38 2328 2667 2668
5171 2 2 1 38 342 2165 2775
5172 2 2 1 38 2904 2594 3226
5173 2 2 1 38 2334 368 2768
5174 2 2 1 38 2003 384 2743
5175 2 2 1 38 2975 2986 2987
5176 2 2 1 38 2005 381 2752
5177 2 2 1 38 483 484 3067
5178 2 2 1 38 372 2327 2746
5179 2 2 1 38 1949 418 2799
5180 2 2 1 38 2481 2932 2950
5181 2 2 1 38 1992 334 2772
5182 2 2 1 38 2743 385 2763
5183 2 2 1 38 400 1952 2717
5184 2 2 1 38 1947 339 2769
5185 2 2 1 38 2283 2279 3027
5186 2 2 1 38 2027 2029 2827
5187 2 2 1 38 2063 2037 2870
5188 2 2 1 38 2321 378 2767
5189 2 2 1 38 3189 3188 3191
5190 2 2 1 38 386 2004 2763
5191 2 2 1 38 505 506 2477
5192 2 2 1 38 2251 341 2775
5193 2 2 1 38 2694 2258 2859
5194 2 2 1 38 417 1949 2741
5195 2 2 1 38 2414 2415 3301
5196 2 2 1 38 2495 2938 3220
5197 2 2 1 38 2055 2074 3098
5198 2 2 1 38 2923 2919 3270
5199 2 2 1 38 340 2251 2769
5200 2 2 1 38 2276 2626 3035
5201 2 2 1 38 1942 326 3121
5202 2 2 1 38 318 1940 3120
5203 2 2 1 38 2193 2172 2831
5204 2 2 1 38 2004 387 2753
5205 2 2 1 38 338 1947 2777
5206 2 2 1 38 2771 2418 3066
5207 2 2 1 38 3186 3187 3188
5208 2 2 1 38 2307 389 2770
5209 2 2 1 38 2021 2013 2022
5210 2 2 1 38 2812 2838 3203
5211 2 2 1 38 2645 2372 3101
5212 2 2 1 38 2585 2502 2993
5213 2 2 1 38 1991 330 2778
5214 2 2 1 38 438 439 2038
5215 2 2 1 38 2726 289 3134
5216 2 2 1 38 2727 298 3135
5217 2 2 1 38 333 1992 2809
5218 2 2 1 38 511 512 3178
5219 2 2 1 38 388 2307 2753
5220 2 2 1 38 2378 2608 3108
5221 2 2 1 38 2730 392 2754
5222 2 2 1 38 519 520 3193
5223 2 2 1 38 2420 2128 2851
5224 2 2 1 38 2951 2946 2977
5225 2 2 1 38 2172 2173 2831
5226 2 2 1 38 2405 2542 2644
5227 2 2 1 38 2473 2474 2475
5228 2 2 1 38 3029 2923 3270
5229 2 2 1 38 2459 2460 2461
5230 2 2 1 38 2188 2196 3048
5231 2 2 1 38 337 2777 2792
5232 2 2 1 38 1959 2614 3303
5233 2 2 1 38 2510 2782 3106
5234 2 2 1 38 2356 2785 2790
5235 2 2 1 38 2894 3189 3191
5236 2 2 1 38 2011 2013 2021
5237 2 2 1 38 2941 2948 2969
5238 2 2 1 38 2492 2960 3022
5239 2 2 1 38 335 2262 2772
5240 2 2 1 38 2874 2704 2888
5241 2 2 1 38 2214 2642 2840
5242 2 2 1 38 3174 3176 3181
5243 2 2 1 38 2228 2429 3058
5244 2 2 1 38 2569 2718 3140
5245 2 2 1 38 3209 2549 3304
5246 2 2 1 38 2688 2088 3294
5247 2 2 1 38 2438 2437 2439
5248 2 2 1 38 2591 2590 3305
5249 2 2 1 38 329 1991 2786
5250 2 2 1 38 2026 2065 2818
5251 2 2 1 38 467 468 3097
5252 2 2 1 38 2687 2686 3261
5253 2 2 1 38 2399 2398 2400
5254 2 2 1 38 3174 3181 3183
5255 2 2 1 38 2697 2059 3216
5256 2 2 1 38 2429 2229 2430
5257 2 2 1 38 2262 336 2792
5258 2 2 1 38 2920 2923 2924
5259 2 2 1 38 2476 2484 2485
5260 2 2 1 38 2884 2498 3086
5261 2 2 1 38 2780 2842 3081
5262 2 2 1 38 435 436 2863
5263 2 2 1 38 2344 3276 3299
5264 2 2 1 38 2412 2893 2894
5265 2 2 1 38 402 2310 2759
5266 2 2 1 38 2196 2204 3048
5267 2 2 1 38 2334 2768 3224
5268 2 2 1 38 364 365 3094
5269 2 2 1 38 2268 2266 2850
5270 2 2 1 38 2266 2270 2850
5271 2 2 1 38 399 2717 2738
5272 2 2 1 38 393 2177 2754
5273 2 2 1 38 2797 1930 3002
5274 2 2 1 38 2913 2915 2916
5275 2 2 1 38 442 443 3111
5276 2 2 1 38 2837 2354 3101
5277 2 2 1 38 2756 2177 2787
5278 2 2 1 38 2037 2043 2870
5279 2 2 1 38 2822 1970 3289
5280 2 2 1 38 2845 2343 2867
5281 2 2 1 38 2649 2619 3251
5282 2 2 1 38 2437 2433 2599
5283 2 2 1 38 2378 2376 2379
5284 2 2 1 38 408 1996 2757
5285 2 2 1 38 441 442 2443
5286 2 2 1 38 501 502 3167
5287 2 2 1 38 1996 409 2790
5288 2 2 1 38 412 1998 2783
5289 2 2 1 38 2176 398 2738
5290 2 2 1 38 416 2741 2791
5291 2 2 1 38 1998 413 2793
5292 2 2 1 38 454 455 2452
5293 2 2 1 38 2171 2169 2174
5294 2 2 1 38 2808 2248 2866
5295 2 2 1 38 458 459 2458
5296 2 2 1 38 2928 2924 3029
5297 2 2 1 38 397 2176 2789
5298 2 2 1 38 380 2005 2990
5299 2 2 1 38 2767 379 2990
5300 2 2 1 38 2177 394 2787
5301 2 2 1 38 2128 2673 2851
5302 2 2 1 38 419 2374 2799
5303 2 2 1 38 2673 2561 2851
5304 2 2 1 38 2319 2328 2729
5305 2 2 1 38 2310 403 2766
5306 2 2 1 38 299 1943 3135
5307 2 2 1 38 290 1941 3134
5308 2 2 1 38 2801 2374 2810
5309 2 2 1 38 2258 2260 2859
5310 2 2 1 38 443 444 2441
5311 2 2 1 38 404 1997 2766
5312 2 2 1 38 2690 2822 3289
5313 2 2 1 38 2537 2693 3079
5314 2 2 1 38 2512 407 2757
5315 2 2 1 38 2034 2027 2827
5316 2 2 1 38 1997 405 2781
5317 2 2 1 38 2581 2567 3268
5318 2 2 1 38 2342 2516 3249
5319 2 2 1 38 3015 2443 3016
5320 2 2 1 38 455 456 3124
5321 2 2 1 38 2228 2229 2429
5322 2 2 1 38 2137 396 2789
5323 2 2 1 38 457 458 3125
5324 2 2 1 38 2642 1927 3284
5325 2 2 1 38 406 2512 2781
5326 2 2 1 38 2332 2330 2858
5327 2 2 1 38 395 2137 2787
5328 2 2 1 38 2121 3077 3265
5329 2 2 1 38 1988 2735 2736
5330 2 2 1 38 2800 2801 2802
5331 2 2 1 38 410 2356 2790
5332 2 2 1 38 2366 332 2809
5333 2 2 1 38 2356 411 2783
5334 2 2 1 38 331 2366 2778
5335 2 2 1 38 2401 2400 2407
5336 2 2 1 38 3168 3165 3169
5337 2 2 1 38 2086 1967 3001
5338 2 2 1 38 500 1932 3159
5339 2 2 1 38 2750 1981 2751
5340 2 2 1 38 2603 2368 3139
5341 2 2 1 38 2354 415 2791
5342 2 2 1 38 2444 2445 2904
5343 2 2 1 38 2784 3109 3110
5344 2 2 1 38 2131 2107 3107
5345 2 2 1 38 414 2354 2793
5346 2 2 1 38 2327 373 2902
5347 2 2 1 38 2666 2361 3300
5348 2 2 1 38 2935 2973 3298
5349 2 2 1 38 3276 2371 3299
5350 2 2 1 38 2217 2218 3131
5351 2 2 1 38 2872 2063 2873
5352 2 2 1 38 491 492 3104
5353 2 2 1 38 2074 2714 3098
5354 2 2 1 38 2248 2250 2866
5355 2 2 1 38 2143 2845 2867
5356 2 2 1 38 2330 2335 2858
5357 2 2 1 38 2449 2508 2904
5358 2 2 1 38 2955 2954 3004
5359 2 2 1 38 2667 2318 2880
5360 2 2 1 38 365 1979 3094
5361 2 2 1 38 1959 2847 3249
5362 2 2 1 38 2848 2290 3116
5363 2 2 1 38 2436 2433 2437
5364 2 2 1 38 512 513 3177
5365 2 2 1 38 2535 2426 3143
5366 2 2 1 38 2615 2391 2905
5367 2 2 1 38 2361 2749 3300
5368 2 2 1 38 3014 437 3144
5369 2 2 1 38 1947 2769 2794
5370 2 2 1 38 518 519 3182
5371 2 2 1 38 2204 2208 2211
5372 2 2 1 38 2854 2591 3305
5373 2 2 1 38 2787 2137 3272
5374 2 2 1 38 447 448 2997
5375 2 2 1 38 2282 364 3094
5376 2 2 1 38 2154 2152 2878
5377 2 2 1 38 3161 1932 3167
5378 2 2 1 38 513 514 3173
5379 2 2 1 38 2000 2002 2883
5380 2 2 1 38 2374 420 2810
5381 2 2 1 38 2405 2403 2541
5382 2 2 1 38 2092 2882 3133
5383 2 2 1 38 2952 2953 2954
5384 2 2 1 38 2242 2595 3023
5385 2 2 1 38 2324 2322 2871
5386 2 2 1 38 2966 2490 3229
5387 2 2 1 38 2521 3076 3296
5388 2 2 1 38 1953 2730 2731
5389 2 2 1 38 2307 2770 2771
5390 2 2 1 38 2158 2156 2887
5391 2 2 1 38 444 445 3147
5392 2 2 1 38 2116 2085 3138
5393 2 2 1 38 2670 2130 3150
5394 2 2 1 38 1941 2665 3246
5395 2 2 1 38 2142 2140 2875
5396 2 2 1 38 328 2786 2823
5397 2 2 1 38 1931 480 2999
5398 2 2 1 38 421 2106 2810
5399 2 2 1 38 2889 2892 3046
5400 2 2 1 38 2663 2662 3281
5401 2 2 1 38 2226 2228 2849
5402 2 2 1 38 2736 2554 3202
5403 2 2 1 38 2881 2335 3005
5404 2 2 1 38 2101 1965 3277
5405 2 2 1 38 382 383 3151
5406 2 2 1 38 517 518 3184
5407 2 2 1 38 2508 2453 2580
5408 2 2 1 38 2449 2453 2508
5409 2 2 1 38 2752 382 3151
5410 2 2 1 38 2111 2376 2378
5411 2 2 1 38 2568 2777 3070
5412 2 2 1 38 383 2003 3151
5413 2 2 1 38 2315 2312 2880
5414 2 2 1 38 3200 2399 3269
5415 2 2 1 38 478 479 3208
5416 2 2 1 38 2221 2233 3045
5417 2 2 1 38 2835 2889 3046
5418 2 2 1 38 434 435 3051
5419 2 2 1 38 466 467 2497
5420 2 2 1 38 463 464 2991
5421 2 2 1 38 2729 2328 2865
5422 2 2 1 38 2306 2303 2879
5423 2 2 1 38 2036 2063 2872
5424 2 2 1 38 2365 2779 3152
5425 2 2 1 38 2721 2739 3197
5426 2 2 1 38 2040 3125 3217
5427 2 2 1 38 2255 2719 2866
5428 2 2 1 38 2301 2299 2877
5429 2 2 1 38 2754 2177 2755
5430 2 2 1 38 2664 1935 3304
5431 2 2 1 38 2024 2818 3053
5432 2 2 1 38 2106 422 2812
5433 2 2 1 38 456 457 2040
5434 2 2 1 38 3172 3206 3250
5435 2 2 1 38 3156 2472 3157
5436 2 2 1 38 2714 2574 3098
5437 2 2 1 38 2265 2834 2859
5438 2 2 1 38 2655 2435 3090
5439 2 2 1 38 2418 2771 3078
5440 2 2 1 38 488 489 3069
5441 2 2 1 38 449 450 2996
5442 2 2 1 38 440 441 3132
5443 2 2 1 38 2997 3149 3199
5444 2 2 1 38 2009 2896 3201
5445 2 2 1 38 2472 498 3158
5446 2 2 1 38 2013 2012 2830
5447 2 2 1 38 504 505 3223
5448 2 2 1 38 2503 2721 3197
5449 2 2 1 38 2095 2807 2829
5450 2 2 1 38 2043 2049 2870
5451 2 2 1 38 3157 2472 3158
5452 2 2 1 38 2544 2671 3209
5453 2 2 1 38 2836 2812 3203
5454 2 2 1 38 469 470 3083
5455 2 2 1 38 2310 2766 2856
5456 2 2 1 38 2405 2541 2542
5457 2 2 1 38 1941 2726 3134
5458 2 2 1 38 1943 2727 3135
5459 2 2 1 38 2274 2710 2850
5460 2 2 1 38 2162 2160 2900
5461 2 2 1 38 2200 2193 2831
5462 2 2 1 38 3039 2701 3303
5463 2 2 1 38 2438 2446 2487
5464 2 2 1 38 2270 2274 2850
5465 2 2 1 38 1997 2781 2782
5466 2 2 1 38 2494 2922 3283
5467 2 2 1 38 2023 2830 3204
5468 2 2 1 38 2279 2281 3027
5469 2 2 1 38 2751 2524 3035
5470 2 2 1 38 514 515 3221
5471 2 2 1 38 2487 2446 2666
5472 2 2 1 38 2512 2757 2758
5473 2 2 1 38 2031 2057 3137
5474 2 2 1 38 2993 2184 3009
5475 2 2 1 38 3122 2629 3251
5476 2 2 1 38 2057 2036 2872
5477 2 2 1 38 2378 2379 2607
5478 2 2 1 38 2022 2024 3053
5479 2 2 1 38 2967 3157 3194
5480 2 2 1 38 1934 2674 3128
5481 2 2 1 38 2356 2783 2784
5482 2 2 1 38 1932 501 3167
5483 2 2 1 38 2968 2490 3264
5484 2 2 1 38 2152 2150 3061
5485 2 2 1 38 2233 3002 3045
5486 2 2 1 38 2597 2990 3071
5487 2 2 1 38 2966 2967 3264
5488 2 2 1 38 2793 2354 2837
5489 2 2 1 38 2438 2439 2446
5490 2 2 1 38 2207 327 2823
5491 2 2 1 38 3160 1932 3161
5492 2 2 1 38 516 517 3190
5493 2 2 1 38 2855 2095 3145
5494 2 2 1 38 2812 423 2838
5495 2 2 1 38 2045 2050 2885
5496 2 2 1 38 2454 2459 3055
5497 2 2 1 38 2799 2374 2800
5498 2 2 1 38 2688 2345 3278
5499 2 2 1 38 446 447 3199
5500 2 2 1 38 2456 2980 3042
5501 2 2 1 38 2776 2745 3080
5502 2 2 1 38 2350 2234 3102
5503 2 2 1 38 427 2210 2824
5504 2 2 1 38 445 446 2442
5505 2 2 1 38 3181 2416 3190
5506 2 2 1 38 2651 2547 3211
5507 2 2 1 38 2167 2164 2901
5508 2 2 1 38 465 466 3234
5509 2 2 1 38 2742 2687 3261
5510 2 2 1 38 3174 3183 3207
5511 2 2 1 38 2260 2265 2859
5512 2 2 1 38 2828 2827 3137
5513 2 2 1 38 2962 2975 3105
5514 2 2 1 38 2140 2191 2875
5515 2 2 1 38 470 2979 3083
5516 2 2 1 38 2502 2332 2858
5517 2 2 1 38 509 510 3205
5518 2 2 1 38 2110 3059 3292
5519 2 2 1 38 2457 2950 3215
5520 2 2 1 38 1970 1969 3289
5521 2 2 1 38 2956 3068 3096
5522 2 2 1 38 2957 2955 2958
5523 2 2 1 38 2764 2267 3019
5524 2 2 1 38 2972 2934 2973
5525 2 2 1 38 2210 2501 3239
5526 2 2 1 38 2458 3042 3126
5527 2 2 1 38 2985 2467 3273
5528 2 2 1 38 2558 2780 3081
5529 2 2 1 38 2220 2230 3123
5530 2 2 1 38 2716 2511 2992
5531 2 2 1 38 2322 2729 2871
5532 2 2 1 38 2050 2115 2885
5533 2 2 1 38 479 1931 3208
5534 2 2 1 38 3149 2442 3199
5535 2 2 1 38 2952 2955 2957
5536 2 2 1 38 2478 3164 3166
5537 2 2 1 38 1951 2843 3256
5538 2 2 1 38 2052 2022 3053
5539 2 2 1 38 430 431 2656
5540 2 2 1 38 2660 2726 3130
5541 2 2 1 38 2439 2444 2864
5542 2 2 1 38 2085 2051 3030
5543 2 2 1 38 437 438 3144
5544 2 2 1 38 433 434 3050
5545 2 2 1 38 426 2824 2825
5546 2 2 1 38 2453 2454 3055
5547 2 2 1 38 2621 2384 3056
5548 2 2 1 38 459 460 3254
5549 2 2 1 38 2459 2461 2480
5550 2 2 1 38 3012 2976 3014
5551 2 2 1 38 2343 2860 2867
5552 2 2 1 38 2250 2255 2866
5553 2 2 1 38 2049 2045 2885
5554 2 2 1 38 2068 2071 3047
5555 2 2 1 38 2436 2438 2994
5556 2 2 1 38 2842 2663 3081
5557 2 2 1 38 2722 2504 3198
5558 2 2 1 38 2328 2668 2865
5559 2 2 1 38 2415 2532 3155
5560 2 2 1 38 2619 3122 3251
5561 2 2 1 38 2524 2751 3060
5562 2 2 1 38 3083 2979 3084
5563 2 2 1 38 2290 2520 3116
5564 2 2 1 38 2527 2624 3252
5565 2 2 1 38 515 516 2416
5566 2 2 1 38 2703 2033 3146
5567 2 2 1 38 2106 2812 2836
5568 2 2 1 38 2299 2343 2877
5569 2 2 1 38 2947 2952 2957
5570 2 2 1 38 424 2105 2838
5571 2 2 1 38 2303 2313 2879
5572 2 2 1 38 2749 2684 2899
5573 2 2 1 38 481 2998 2999
5574 2 2 1 38 2480 2461 2567
5575 2 2 1 38 1966 2092 3088
5576 2 2 1 38 2485 2486 2555
5577 2 2 1 38 2517 2819 3253
5578 2 2 1 38 2426 2423 3143
5579 2 2 1 38 2312 2560 2880
5580 2 2 1 38 2175 2154 2878
5581 2 2 1 38 2436 2437 2438
5582 2 2 1 38 2169 2167 2903
5583 2 2 1 38 2105 425 2825
5584 2 2 1 38 2329 2324 2871
5585 2 2 1 38 2432 2433 2436
5586 2 2 1 38 2156 2175 2887
5587 2 2 1 38 2541 2403 3006
5588 2 2 1 38 492 493 3260
5589 2 2 1 38 2747 1980 3040
5590 2 2 1 38 2629 2349 3251
5591 2 2 1 38 2564 2566 3257
5592 2 2 1 38 2182 2142 2875
5593 2 2 1 38 2200 2832 2833
5594 2 2 1 38 2835 2531 2889
5595 2 2 1 38 2054 2515 3030
5596 2 2 1 38 489 2987 3069
5597 2 2 1 38 2150 2189 3061
5598 2 2 1 38 2002 2084 2883
5599 2 2 1 38 2526 3074 3075
5600 2 2 1 38 1967 1964 3001
5601 2 2 1 38 3020 2890 3127
5602 2 2 1 38 2185 2881 3005
5603 2 2 1 38 2420 2851 3286
5604 2 2 1 38 2920 2924 2925
5605 2 2 1 38 497 2472 3003
5606 2 2 1 38 2491 2475 2547
5607 2 2 1 38 2347 2000 2883
5608 2 2 1 38 523 524 2413
5609 2 2 1 38 2318 2315 2880
5610 2 2 1 38 3158 499 3159
5611 2 2 1 38 2148 2146 3119
5612 2 2 1 38 2364 2835 3141
5613 2 2 1 38 2560 2306 2879
5614 2 2 1 38 2313 2301 2877
5615 2 2 1 38 2840 2642 3284
5616 2 2 1 38 2404 2403 2405
5617 2 2 1 38 2194 2158 2887
5618 2 2 1 38 1931 2977 3208
5619 2 2 1 38 3162 3164 3165
5620 2 2 1 38 2785 2784 3285
5621 2 2 1 38 2057 2828 3137
5622 2 2 1 38 464 465 2042
5623 2 2 1 38 2380 2650 3275
5624 2 2 1 38 2179 2162 2900
5625 2 2 1 38 2029 2031 3137
5626 2 2 1 38 2912 2929 3015
5627 2 2 1 38 2204 2211 3048
5628 2 2 1 38 2898 2514 2992
5629 2 2 1 38 2828 2057 3092
5630 2 2 1 38 2620 2897 3131
5631 2 2 1 38 2200 2831 2832
5632 2 2 1 38 2105 2825 2826
5633 2 2 1 38 3157 3160 3194
5634 2 2 1 38 2160 2194 2900
5635 2 2 1 38 2499 12 2500
5636 2 2 1 38 2960 2963 3022
5637 2 2 1 38 2515 2062 3047
5638 2 2 1 38 2501 3086 3238
5639 2 2 1 38 2599 2489 3242
5640 2 2 1 38 3180 2416 3181
5641 2 2 1 38 3022 2483 3245
5642 2 2 1 38 2164 2179 2901
5643 2 2 1 38 3017 2908 3274
5644 2 2 1 38 2473 2475 2491
5645 2 2 1 38 2982 3084 3302
5646 2 2 1 38 3016 2441 3148
5647 2 2 1 38 2891 2890 3020
5648 2 2 1 38 2189 2148 3119
5649 2 2 1 38 2428 2131 3107
5650 2 2 1 38 2500 12 2654
5651 2 2 1 38 2464 483 3067
5652 2 2 1 38 439 440 3291
5653 2 2 1 38 2051 2054 3030
5654 2 2 1 38 2907 3090 3091
5655 2 2 1 38 2914 3015 3016
5656 2 2 1 38 2564 3168 3169
5657 2 2 1 38 2490 2968 3163
5658 2 2 1 38 3166 3161 3167
5659 2 2 1 38 431 432 3293
5660 2 2 1 38 2841 2287 3041
5661 2 2 1 38 2952 2954 2955
5662 2 2 1 38 448 449 2041
5663 2 2 1 38 1993 2569 3140
5664 2 2 1 38 2624 2316 3252
5665 2 2 1 38 2491 2547 2636
5666 2 2 1 38 502 3166 3167
5667 2 2 1 38 2181 2834 3021
5668 2 2 1 38 2894 2891 2895
5669 2 2 1 38 2720 2286 3099
5670 2 2 1 38 2566 2565 3257
5671 2 2 1 38 2973 2934 2991
5672 2 2 1 38 2210 12 2499
5673 2 2 1 38 2468 496 3003
5674 2 2 1 38 2377 2814 3112
5675 2 2 1 38 3125 3126 3217
5676 2 2 1 38 2429 2430 2814
5677 2 2 1 38 2927 2928 3217
5678 2 2 1 38 3042 3043 3126
5679 2 2 1 38 2723 2701 3039
5680 2 2 1 38 2756 2787 3272
5681 2 2 1 38 3004 2956 3096
5682 2 2 1 38 2827 2029 3137
5683 2 2 1 38 2461 2462 3082
5684 2 2 1 38 2101 3007 3153
5685 2 2 1 38 2476 2485 3211
5686 2 2 1 38 2608 2518 3204
5687 2 2 1 38 2381 2635 3236
5688 2 2 1 38 2278 2283 3010
5689 2 2 1 38 2251 2776 3233
5690 2 2 1 38 2047 3187 3193
5691 2 2 1 38 3159 1932 3160
5692 2 2 1 38 2937 2974 2982
5693 2 2 1 38 2723 3039 3133
5694 2 2 1 38 2471 494 3024
5695 2 2 1 38 2496 3083 3084
5696 2 2 1 38 2174 2169 2903
5697 2 2 1 38 3072 2856 3117
5698 2 2 1 38 2517 2380 3275
5699 2 2 1 38 2709 2278 3010
5700 2 2 1 38 2878 2152 3061
5701 2 2 1 38 2731 2418 3078
5702 2 2 1 38 429 430 3089
5703 2 2 1 38 3012 3014 3144
5704 2 2 1 38 2462 2473 3082
5705 2 2 1 38 3043 2927 3126
5706 2 2 1 38 2501 3238 3239
5707 2 2 1 38 522 523 3225
5708 2 2 1 38 477 2944 2970
5709 2 2 1 38 495 2468 3024
5710 2 2 1 38 2989 2236 3086
5711 2 2 1 38 2894 2895 3189
5712 2 2 1 38 2556 3020 3301
5713 2 2 1 38 2346 472 3028
5714 2 2 1 38 1948 3237 3256
5715 2 2 1 38 2843 2516 3253
5716 2 2 1 38 487 2465 3034
5717 2 2 1 38 2438 2487 2994
5718 2 2 1 38 2786 1991 3032
5719 2 2 1 38 2654 2435 2655
5720 2 2 1 38 2732 2321 3074
5721 2 2 1 38 452 2451 2930
5722 2 2 1 38 2735 2271 3033
5723 2 2 1 38 473 2470 3028
5724 2 2 1 38 2542 2541 3210
5725 2 2 1 38 2469 476 2970
5726 2 2 1 38 2547 2651 3258
5727 2 2 1 38 2335 2329 3005
5728 2 2 1 38 2446 2439 2864
5729 2 2 1 38 2470 474 3036
5730 2 2 1 38 475 2469 3036
5731 2 2 1 38 485 2463 3068
5732 2 2 1 38 2463 486 3034
5733 2 2 1 38 2607 2379 2899
5734 2 2 1 38 2815 2761 3287
5735 2 2 1 38 2972 2933 2980
5736 2 2 1 38 2007 2009 3201
5737 2 2 1 38 2475 2476 3211
5738 2 2 1 38 2456 461 2971
5739 2 2 1 38 2485 2555 2651
5740 2 2 1 38 2639 1993 3140
5741 2 2 1 38 2817 2785 3285
5742 2 2 1 38 3164 3161 3166
5743 2 2 1 38 3077 2532 3296
5744 2 2 1 38 2200 2833 3000
5745 2 2 1 38 2975 2961 2986
5746 2 2 1 38 2929 2910 3012
5747 2 2 1 38 2101 3153 3262
5748 2 2 1 38 3238 2371 3239
5749 2 2 1 38 2968 3162 3163
5750 2 2 1 38 3067 484 3068
5751 2 2 1 38 2414 2409 2521
5752 2 2 1 38 2210 2499 2501
5753 2 2 1 38 2061 491 3104
5754 2 2 1 38 462 2934 2971
5755 2 2 1 38 2944 478 3208
5756 2 2 1 38 2820 2348 3216
5757 2 2 1 38 3016 2443 3111
5758 2 2 1 38 2922 2494 3240
5759 2 2 1 38 2451 453 3052
5760 2 2 1 38 2514 2352 3248
5761 2 2 1 38 2041 2996 3026
5762 2 2 1 38 2489 2862 3154
5763 2 2 1 38 432 433 2434
5764 2 2 1 38 2522 2776 3080
5765 2 2 1 38 2779 2689 3152
5766 2 2 1 38 2084 2007 3201
5767 2 2 1 38 1987 2844 3197
5768 2 2 1 38 3176 3172 3250
5769 2 2 1 38 2441 3016 3111
5770 2 2 1 38 2062 2068 3047
5771 2 2 1 38 2459 2480 3055
5772 2 2 1 38 1964 2798 3001
5773 2 2 1 38 3191 2413 3192
5774 2 2 1 38 2580 2453 3055
5775 2 2 1 38 2638 2397 3200
5776 2 2 1 38 2922 2916 3283
5777 2 2 1 38 2736 2735 3033
5778 2 2 1 38 2921 451 2930
5779 2 2 1 38 2110 3058 3059
5780 2 2 1 38 2530 3072 3117
5781 2 2 1 38 2048 511 3178
5782 2 2 1 38 2104 2111 3108
5783 2 2 1 38 1981 2748 3060
5784 2 2 1 38 2529 2716 3142
5785 2 2 1 38 2965 3096 3114
5786 2 2 1 38 520 2047 3193
5787 2 2 1 38 2892 2891 2893
5788 2 2 1 38 2478 504 3223
5789 2 2 1 38 2465 488 3069
5790 2 2 1 38 2819 1948 3253
5791 2 2 1 38 2993 2502 3008
5792 2 2 1 38 2422 2420 3286
5793 2 2 1 38 2893 2891 2894
5794 2 2 1 38 2844 2503 3197
5795 2 2 1 38 2977 2944 3208
5796 2 2 1 38 2042 2973 2991
5797 2 2 1 38 1952 2759 3073
5798 2 2 1 38 2650 2126 3275
5799 2 2 1 38 2271 2737 3064
5800 2 2 1 38 2286 2694 3099
5801 2 2 1 38 2657 2655 2861
5802 2 2 1 38 3077 2069 3265
5803 2 2 1 38 2567 2461 3082
5804 2 2 1 38 2208 2226 3057
5805 2 2 1 38 1969 2087 3289
5806 2 2 1 38 2818 2650 3053
5807 2 2 1 38 2059 2820 3216
5808 2 2 1 38 2496 469 3083
5809 2 2 1 38 2751 1981 3060
5810 2 2 1 38 493 2471 3260
5811 2 2 1 38 3110 2355 3285
5812 2 2 1 38 2516 2517 3253
5813 2 2 1 38 3084 2949 3302
5814 2 2 1 38 2401 2407 3006
5815 2 2 1 38 468 2496 3097
5816 2 2 1 38 2436 2994 3290
5817 2 2 1 38 2095 2829 3145
5818 2 2 1 38 2777 1947 3070
5819 2 2 1 38 3187 3182 3193
5820 2 2 1 38 2770 1953 3078
5821 2 2 1 38 2226 2849 3057
5822 2 2 1 38 2833 2853 3000
5823 2 2 1 38 2469 2970 3103
5824 2 2 1 38 2502 2858 3008
5825 2 2 1 38 2730 2754 3063
5826 2 2 1 38 2167 2901 2903
5827 2 2 1 38 2329 2871 3005
5828 2 2 1 38 2759 2310 3072
5829 2 2 1 38 2884 2500 3214
5830 2 2 1 38 2950 2495 3215
5831 2 2 1 38 3126 2927 3217
5832 2 2 1 38 2651 2555 3155
5833 2 2 1 38 460 2456 3254
5834 2 2 1 38 2565 3174 3207
5835 2 2 1 38 2847 2342 3249
5836 2 2 1 38 2967 2981 3156
5837 2 2 1 38 2321 2767 3075
5838 2 2 1 38 2918 2920 3044
5839 2 2 1 38 3042 2980 3043
5840 2 2 1 38 2753 2307 3087
5841 2 2 1 38 428 429 2435
5842 2 2 1 38 2767 2597 3075
5843 2 2 1 38 510 2048 3205
5844 2 2 1 38 3162 3165 3168
5845 2 2 1 38 2843 1948 3256
5846 2 2 1 38 2771 2770 3078
5847 2 2 1 38 1947 2794 3070
5848 2 2 1 38 3228 2484 3229
5849 2 2 1 38 2403 2401 3006
5850 2 2 1 38 2971 2934 2972
5851 2 2 1 38 3034 2465 3114
5852 2 2 1 38 454 2452 3052
5853 2 2 1 38 2794 2769 3233
5854 2 2 1 38 2882 2347 3133
5855 2 2 1 38 3031 2020 3129
5856 2 2 1 38 2910 2976 3012
5857 2 2 1 38 2947 2957 3259
5858 2 2 1 38 2731 2730 3063
5859 2 2 1 38 2754 2755 3063
5860 2 2 1 38 2766 1997 3093
5861 2 2 1 38 1953 2731 3078
5862 2 2 1 38 2739 1987 3197
5863 2 2 1 38 2784 3110 3285
5864 2 2 1 38 2597 2767 2990
5865 2 2 1 38 2307 2771 3087
5866 2 2 1 38 505 2477 3223
5867 2 2 1 38 2701 2847 3303
5868 2 2 1 38 2783 1998 3109
5869 2 2 1 38 2769 2251 3233
5870 2 2 1 38 2852 2622 3031
5871 2 2 1 38 2712 2878 3061
5872 2 2 1 38 2974 2935 3298
5873 2 2 1 38 2976 2908 3017
5874 2 2 1 38 2781 2512 3106
5875 2 2 1 38 2085 3030 3138
5876 2 2 1 38 2654 2655 2657
5877 2 2 1 38 2310 2856 3072
5878 2 2 1 38 2998 2953 2999
5879 2 2 1 38 3179 2478 3223
5880 2 2 1 38 3104 492 3260
5881 2 2 1 38 2789 2176 3213
5882 2 2 1 38 1935 3209 3304
5883 2 2 1 38 2943 2947 3259
5884 2 2 1 38 2473 2491 3082
5885 2 2 1 38 2934 463 2991
5886 2 2 1 38 2189 3119 3288
5887 2 2 1 38 2964 2978 2983
5888 2 2 1 38 2906 2121 3265
5889 2 2 1 38 2669 2752 3151
5890 2 2 1 38 2547 2475 3211
5891 2 2 1 38 438 2038 3144
5892 2 2 1 38 2199 2200 3000
5893 2 2 1 38 2856 2766 3093
5894 2 2 1 38 2443 442 3111
5895 2 2 1 38 3125 2458 3126
5896 2 2 1 38 2111 2378 3108
5897 2 2 1 38 1997 2782 3093
5898 2 2 1 38 2410 2199 3000
5899 2 2 1 38 2981 2964 2983
5900 2 2 1 38 3188 3195 3225
5901 2 2 1 38 2038 439 3291
5902 2 2 1 38 2479 3175 3218
5903 2 2 1 38 512 3177 3178
5904 2 2 1 38 2110 2849 3058
5905 2 2 1 38 441 2443 3132
5906 2 2 1 38 1998 2793 3113
5907 2 2 1 38 2612 2410 2853
5908 2 2 1 38 2782 2781 3106
5909 2 2 1 38 443 2441 3111
5910 2 2 1 38 2211 2208 3057
5911 2 2 1 38 2458 459 3254
5912 2 2 1 38 3003 2472 3156
5913 2 2 1 38 3183 2583 3207
5914 2 2 1 38 526 527 2412
5915 2 2 1 38 3182 519 3193
5916 2 2 1 38 2512 2758 3106
5917 2 2 1 38 2784 2783 3109
5918 2 2 1 38 2452 455 3124
5919 2 2 1 38 2837 2419 3113
5920 2 2 1 38 458 2458 3125
5921 2 2 1 38 2351 2705 3231
5922 2 2 1 38 3017 3050 3051
5923 2 2 1 38 450 2921 2996
5924 2 2 1 38 2793 2837 3113
5925 2 2 1 38 2916 2918 3283
5926 2 2 1 38 2042 3234 3298
5927 2 2 1 38 2485 2651 3211
5928 2 2 1 38 2522 2794 3233
5929 2 2 1 38 2611 2408 3241
5930 2 2 1 38 2987 2986 3069
5931 2 2 1 38 2689 2546 3152
5932 2 2 1 38 3205 2048 3206
5933 2 2 1 38 2949 2939 3302
5934 2 2 1 38 2497 467 3097
5935 2 2 1 38 1992 2772 3255
5936 2 2 1 38 2411 2611 3241
5937 2 2 1 38 3115 2189 3288
5938 2 2 1 38 2441 3147 3148
5939 2 2 1 38 435 2863 3051
5940 2 2 1 38 2477 3179 3223
5941 2 2 1 38 2973 2042 3298
5942 2 2 1 38 2369 3049 3247
5943 2 2 1 38 2441 444 3147
5944 2 2 1 38 2967 3194 3264
5945 2 2 1 38 2979 2949 3084
5946 2 2 1 38 3185 3182 3187
5947 2 2 1 38 2371 3238 3299
5948 2 2 1 38 440 3132 3291
5949 2 2 1 38 2499 2500 2884
5950 2 2 1 38 2826 2371 3276
5951 2 2 1 38 2662 3130 3246
5952 2 2 1 38 3033 2271 3064
5953 2 2 1 38 513 3173 3177
5954 2 2 1 38 1979 2742 3261
5955 2 2 1 38 2456 3042 3254
5956 2 2 1 38 2437 2599 3242
5957 2 2 1 38 2856 2509 3117
5958 2 2 1 38 456 2040 3124
5959 2 2 1 38 3039 2092 3133
5960 2 2 1 38 2184 2993 3008
5961 2 2 1 38 2040 457 3125
5962 2 2 1 38 2430 2432 3112
5963 2 2 1 38 3195 522 3225
5964 2 2 1 38 2716 2992 3142
5965 2 2 1 38 3074 2321 3075
5966 2 2 1 38 2560 2879 3232
5967 2 2 1 38 518 3182 3184
5968 2 2 1 38 2490 3163 3228
5969 2 2 1 38 3059 2108 3292
5970 2 2 1 38 2444 2904 3226
5971 2 2 1 38 3180 3173 3221
5972 2 2 1 38 2509 2856 3093
5973 2 2 1 38 3090 2656 3091
5974 2 2 1 38 2864 2444 3226
5975 2 2 1 38 447 2997 3199
5976 2 2 1 38 2498 2989 3086
5977 2 2 1 38 2920 2925 3044
5978 2 2 1 38 3076 2069 3077
5979 2 2 1 38 2849 2110 3295
5980 2 2 1 38 2759 3072 3073
5981 2 2 1 38 2494 3044 3212
5982 2 2 1 38 3173 514 3221
5983 2 2 1 38 1948 2843 3253
5984 2 2 1 38 2415 2556 3301
5985 2 2 1 38 2487 2666 3300
5986 2 2 1 38 3178 3177 3250
5987 2 2 1 38 3042 2458 3254
5988 2 2 1 38 2891 2556 2895
5989 2 2 1 38 2806 2800 3282
5990 2 2 1 38 2911 2488 3263
5991 2 2 1 38 3237 1946 3256
5992 2 2 1 38 2800 2802 3282
5993 2 2 1 38 2930 2451 3270
5994 2 2 1 38 517 3184 3190
5995 2 2 1 38 2937 2982 3302
5996 2 2 1 38 445 2442 3147
5997 2 2 1 38 2918 3044 3283
5998 2 2 1 38 2776 2522 3233
5999 2 2 1 38 3007 3062 3153
6000 2 2 1 38 466 2497 3234
6001 2 2 1 38 2965 3004 3096
6002 2 2 1 38 2416 3180 3221
6003 2 2 1 38 3050 434 3051
6004 2 2 1 38 2442 446 3199
6005 2 2 1 38 3086 2236 3238
6006 2 2 1 38 3229 2484 3244
6007 2 2 1 38 3194 2968 3264
6008 2 2 1 38 3089 2656 3090
6009 2 2 1 38 3020 2411 3301
6010 2 2 1 38 2847 1959 3303
6011 2 2 1 38 2061 3104 3105
6012 2 2 1 38 3044 2925 3212
6013 2 2 1 38 2989 2498 3267
6014 2 2 1 38 2490 3228 3229
6015 2 2 1 38 3109 1998 3113
6016 2 2 1 38 3091 2656 3293
6017 2 2 1 38 3175 3171 3218
6018 2 2 1 38 2889 2890 2892
6019 2 2 1 38 3184 3182 3185
6020 2 2 1 38 2889 2612 2890
6021 2 2 1 38 2615 2905 3271
6022 2 2 1 38 515 2416 3221
6023 2 2 1 38 2373 2806 3282
6024 2 2 1 38 2869 2362 3280
6025 2 2 1 38 3085 2363 3279
6026 2 2 1 38 464 2042 2991
6027 2 2 1 38 2416 516 3190
6028 2 2 1 38 2814 2430 3112
6029 2 2 1 38 448 2041 2997
6030 2 2 1 38 2853 2410 3000
6031 2 2 1 38 3163 3162 3168
6032 2 2 1 38 3076 3077 3296
6033 2 2 1 38 3244 2476 3245
6034 2 2 1 38 2041 449 2996
6035 2 2 1 38 2179 2900 3287
6036 2 2 1 38 2042 465 3234
6037 2 2 1 38 3091 2434 3274
6038 2 2 1 38 2417 3200 3269
6039 2 2 1 38 3072 2530 3073
6040 2 2 1 38 2914 3016 3148
6041 2 2 1 38 2662 3246 3281
6042 2 2 1 38 2525 3115 3288
6043 2 2 1 38 523 2413 3225
6044 2 2 1 38 2957 2482 3259
6045 2 2 1 38 2434 3091 3293
6046 2 2 1 38 2656 431 3293
6047 2 2 1 38 3246 2665 3281
6048 2 2 1 38 2532 2414 3296
6049 2 2 1 38 3050 3017 3274
6050 2 2 1 38 3044 2494 3283
6051 2 2 1 38 430 2656 3089
6052 2 2 1 38 2853 2611 3127
6053 2 2 1 38 2556 2891 3020
6054 2 2 1 38 2483 3229 3244
6055 2 2 1 38 3175 3205 3206
6056 2 2 1 38 2432 2436 3290
6057 2 2 1 38 2434 433 3050
6058 2 2 1 38 2377 3112 3290
6059 2 2 1 38 3057 2849 3295
6060 2 2 1 38 2414 2521 3296
6061 2 2 1 38 2956 3067 3068
6062 2 2 1 38 3119 2647 3288
6063 2 2 1 38 3154 2447 3306
6064 2 2 1 38 2483 3244 3245
6065 2 2 1 38 2612 2853 3127
6066 2 2 1 38 432 2434 3293
6067 2 2 1 38 3238 2236 3299
6068 2 2 1 38 2890 2612 3127
6069 2 2 1 38 3104 2984 3105
6070 2 2 1 38 3218 3170 3219
6071 2 2 1 38 2894 3191 3192
6072 2 2 1 38 2067 2906 3265
6073 2 2 1 38 3171 3175 3206
6074 2 2 1 38 2435 429 3089
6075 2 2 1 38 3112 2432 3290
6076 2 2 1 38 2984 3104 3260
6077 2 2 1 38 2434 3050 3274
6078 2 2 1 38 2479 3218 3219
6079 2 2 1 38 3132 3013 3291
6080 2 2 1 38 528 11 2893
6081 2 2 1 38 527 528 2412
6082 2 2 1 38 2486 2565 3207
6083 2 2 1 38 2933 2972 2973
6084 2 2 1 38 3174 3172 3176
6085 3 2 2 17 1 13 271 7
6086 3 2 2 17 13 14 272 271
6087 3 2 2 17 14 15 273 272
6088 3 2 2 17 15 16 274 273
6089 3 2 2 17 16 17 275 274
6090 3 2 2 17 17 18 276 275
6091 3 2 2 17 18 19 277 276
6092 3 2 2 17 19 20 278 277
6093 3 2 2 17 20 21 279 278
6094 3 2 2 17 21 22 280 279
6095 3 2 2 17 22 23 281 280
6096 3 2 2 17 23 24 282 281
6097 3 2 2 17 24 25 283 282
6098 3 2 2 17 25 26 284 283
6099 3 2 2 17 26 27 285 284
6100 3 2 2 17 27 28 286 285
6101 3 2 2 17 28 29 287 286
6102 3 2 2 17 29 30 288 287
6103 3 2 2 17 30 31 289 288
6104 3 2 2 17 31 2 8 289
6105 3 2 3 21 2 32 290 8
6106 3 2 3 21 32 33 291 290
6107 3 2 3 21 33 34 292 291
6108 3 2 3 21 34 35 293 292
6109 3 2 3 21 35 36 294 293
6110 3 2 3 21 36 37 295 294
6111 3 2 3 21 37 38 296 295
6112 3 2 3 21 38 39 297 296
6113 3 2 3 21 39 40 298 297
6114 3 2 3 21 40 3 9 298
6115 3 2 2 25 3 41 299 9
6116 3 2 2 25 41 42 300 299
6117 3 2 2 25 42 43 301 300
6118 3 2 2 25 43 44 302 301
6119 3 2 2 25 44 45 303 302
6120 3 2 2 25 45 46 304 303
6121 3 2 2 25 46 47 305 304
6122 3 2 2 25 47 48 306 305
6123 3 2 2 25 48 49 307 306
6124 3 2 2 25 49 50 308 307
6125 3 2 2 25 50 51 309 308
6126 3 2 2 25 51 52 310 309
6127 3 2 2 25 52 53 311 310
6128 3 2 2 25 53 54 312 311
6129 3 2 2 25 54 55 313 312
6130 3 2 2 25 55 56 314 313
6131 3 2 2 25 56 57 315 314
6132 3 2 2 25 57 58 316 315
6133 3 2 2 25 58 59 317 316
6134 3 2 2 25 59 4 10 317
6135 3 2 4 29 4 60 318 10
6136 3 2 4 29 60 61 319 318
6137 3 2 4 29 61 62 320 319
6138 3 2 4 29 62 63 321 320
6139 3 2 4 29 63 64 322 321
6140 3 2 4 29 64 65 323 322
6141 3 2 4 29 65 66 324 323
6142 3 2 4 29 66 67 325 324
6143 3 2 4 29 67 68 326 325
6144 3 2 4 29 68 1 7 326
6145 3 2 5 33 6 12 427 170
6146 3 2 5 33 170 427 426 171
6147 3 2 5 33 171 426 425 172
6148 3 2 5 33 172 425 424 173
6149 3 2 5 33 173 424 423 174
6150 3 2 5 33 174 423 422 175
6151 3 2 5 33 175 422 421 176
6152 3 2 5 33 176 421 420 177
6153 3 2 5 33 177 420 419 178
6154 3 2 5 33 178 419 418 179
6155 3 2 5 33 179 418 417 180
6156 3 2 5 33 180 417 416 181
6157 3 2 5 33 181 416 415 182
6158 3 2 5 33 182 415 414 183
6159 3 2 5 33 183 414 413 184
6160 3 2 5 33 184 413 412 185
6161 3 2 5 33 185 412 411 186
6162 3 2 5 33 186 411 410 187
6163 3 2 5 33 187 410 409 188
6164 3 2 5 33 188 409 408 189
6165 3 2 5 33 189 408 407 190
6166 3 2 5 33 190 407 406 191
6167 3 2 5 33 191 406 405 192
6168 3 2 5 33 192 405 404 193
6169 3 2 5 33 193 404 403 194
6170 3 2 5 33 194 403 402 195
6171 3 2 5 33 195 402 401 196
6172 3 2 5 33 196 401 400 197
6173 3 2 5 33 197 400 399 198
6174 3 2 5 33 198 399 398 199
6175 3 2 5 33 199 398 397 200
6176 3 2 5 33 200 397 396 201
6177 3 2 5 33 201 396 395 202
6178 3 2 5 33 202 395 394 203
6179 3 2 5 33 203 394 393 204
6180 3 2 5 33 204 393 392 205
6181 3 2 5 33 205 392 391 206
6182 3 2 5 33 206 391 390 207
6183 3 2 5 33 207 390 389 208
6184 3 2 5 33 208 389 388 209
6185 3 2 5 33 209 388 387 210
6186 3 2 5 33 210 387 386 211
6187 3 2 5 33 211 386 385 212
6188 3 2 5 33 212 385 384 213
6189 3 2 5 33 213 384 383 214
6190 3 2 5 33 214 383 382 215
6191 3 2 5 33 215 382 381 216
6192 3 2 5 33 216 381 380 217
6193 3 2 5 33 217 380 379 218
6194 3 2 5 33 218 379 378 219
6195 3 2 5 33 219 378 377 220
6196 3 2 5 33 220 377 376 221
6197 3 2 5 33 221 376 375 222
6198 3 2 5 33 222 375 374 223
6199 3 2 5 33 223 374 373 224
6200 3 2 5 33 224 373 372 225
6201 3 2 5 33 225 372 371 226
6202 3 2 5 33 226 371 370 227
6203 3 2 5 33 227 370 369 228
6204 3 2 5 33 228 369 368 229
6205 3 2 5 33 229 368 367 230
6206 3 2 5 33 230 367 366 231
6207 3 2 5 33 231 366 365 232
6208 3 2 5 33 232 365 364 233
6209 3 2 5 33 233 364 363 234
6210 3 2 5 33 234 363 362 235
6211 3 2 5 33 235 362 361 236
6212 3 2 5 33 236 361 360 237
6213 3 2 5 33 237 360 359 238
6214 3 2 5 33 238 359 358 239
6215 3 2 5 33 239 358 357 240
6216 3 2 5 33 240 357 356 241
6217 3 2 5 33 241 356 355 242
6218 3 2 5 33 242 355 354 243
6219 3 2 5 33 243 354 353 244
6220 3 2 5 33 244 353 352 245
6221 3 2 5 33 245 352 351 246
6222 3 2 5 33 246 351 350 247
6223 3 2 5 33 247 350 349 248
6224 3 2 5 33 248 349 348 249
6225 3 2 5 33 249 348 347 250
6226 3 2 5 33 250 347 346 251
6227 3 2 5 33 251 346 345 252
6228 3 2 5 33 252 345 344 253
6229 3 2 5 33 253 344 343 254
6230 3 2 5 33 254 343 342 255
6231 3 2 5 33 255 342 341 256
6232 3 2 5 33 256 341 340 257
6233 3 2 5 33 257 340 339 258
6234 3 2 5 33 258 339 338 259
6235 3 2 5 33 259 338 337 260
6236 3 2 5 33 260 337 336 261
6237 3 2 5 33 261 336 335 262
6238 3 2 5 33 262 335 334 263
6239 3 2 5 33 263 334 333 264
6240 3 2 5 33 264 333 332 265
6241 3 2 5 33 265 332 331 266
6242 3 2 5 33 266 331 330 267
6243 3 2 5 33 267 330 329 268
6244 3 2 5 33 268 329 328 269
6245 3 2 5 33 269 328 327 270
6246 3 2 5 33 270 327 11 5
6247 3 2 5 37 5 11 528 69
6248 3 2 5 37 69 528 527 70
6249 3 2 5 37 70 527 526 71
6250 3 2 5 37 71 526 525 72
6251 3 2 5 37 72 525 524 73
6252 3 2 5 37 73 524 523 74
6253 3 2 5 37 74 523 522 75
6254 3 2 5 37 75 522 521 76
6255 3 2 5 37 76 521 520 77
6256 3 2 5 37 77 520 519 78
6257 3 2 5 37 78 519 518 79
6258 3 2 5 37 79 518 517 80
6259 3 2 5 37 80 517 516 81
6260 3 2 5 37 81 516 515 82
6261 3 2 5 37 82 515 514 83
6262 3 2 5 37 83 514 513 84
6263 3 2 5 37 84 513 512 85
6264 3 2 5 37 85 512 511 86
6265 3 2 5 37 86 511 510 87
6266 3 2 5 37 87 510 509 88
6267 3 2 5 37 88 509 508 89
6268 3 2 5 37 89 508 507 90
6269 3 2 5 37 90 507 506 91
6270 3 2 5 37 91 506 505 92
6271 3 2 5 37 92 505 504 93
6272 3 2 5 37 93 504 503 94
6273 3 2 5 37 94 503 502 95
6274 3 2 5 37 95 502 501 96
6275 3 2 5 37 96 501 500 97
6276 3 2 5 37 97 500 499 98
6277 3 2 5 37 98 499 498 99
6278 3 2 5 37 99 498 497 100
6279 3 2 5 37 100 497 496 101
6280 3 2 5 37 101 496 495 102
6281 3 2 5 37 102 495 494 103
6282 3 2 5 37 103 494 493 104
6283 3 2 5 37 104 493 492 105
6284 3 2 5 37 105 492 491 106
6285 3 2 5 37 106 491 490 107
6286 3 2 5 37 107 490 489 108
6287 3 2 5 37 108 489 488 109
6288 3 2 5 37 109 488 487 110
6289 3 2 5 37 110 487 486 111
6290 3 2 5 37 111 486 485 112
6291 3 2 5 37 112 485 484 113
6292 3 2 5 37 113 484 483 114
6293 3 2 5 37 114 483 482 115
6294 3 2 5 37 115 482 481 116
6295 3 2 5 37 116 481 480 117
6296 3 2 5 37 117 480 479 118
6297 3 2 5 37 118 479 478 119
6298 3 2 5 37 119 478 477 120
6299 3 2 5 37 120 477 476 121
6300 3 2 5 37 121 476 475 122
6301 3 2 5 37 122 475 474 123
6302 3 2 5 37 123 474 473 124
6303 3 2 5 37 124 473 472 125
6304 3 2 5 37 125 472 471 126
6305 3 2 5 37 126 471 470 127
6306 3 2 5 37 127 470 469 128
6307 3 2 5 37 128 469 468 129
6308 3 2 5 37 129 468 467 130
6309 3 2 5 37 130 467 466 131
6310 3 2 5 37 131 466 465 132
6311 3 2 5 37 132 465 464 133
6312 3 2 5 37 133 464 463 134
6313 3 2 5 37 134 463 462 135
6314 3 2 5 37 135 462 461 136
6315 3 2 5 37 136 461 460 137
6316 3 2 5 37 137 460 459 138
6317 3 2 5 37 138 459 458 139
6318 3 2 5 37 139 458 457 140
6319 3 2 5 37 140 457 456 141
6320 3 2 5 37 141 456 455 142
6321 3 2 5 37 142 455 454 143
6322 3 2 5 37 143 454 453 144
6323 3 2 5 37 144 453 452 145
6324 3 2 5 37 145 452 451 146
6325 3 2 5 37 146 451 450 147
6326 3 2 5 37 147 450 449 148
6327 3 2 5 37 148 449 448 149
6328 3 2 5 37 149 448 447 150
6329 3 2 5 37 150 447 446 151
6330 3 2 5 37 151 446 445 152
6331 3 2 5 37 152 445 444 153
6332 3 2 5 37 153 444 443 154
6333 3 2 5 37 154 443 442 155
6334 3 2 5 37 155 442 441 156
6335 3 2 5 37 156 441 440 157
6336 3 2 5 37 157 440 439 158
6337 3 2 5 37 158 439 438 159
6338 3 2 5 37 159 438 437 160
6339 3 2 5 37 160 437 436 161
6340 3 2 5 37 161 436 435 162
6341 3 2 5 37 162 435 434 163
6342 3 2 5 37 163 434 433 164
6343 3 2 5 37 164 433 432 165
6344 3 2 5 37 165 432 431 166
6345 3 2 5 37 166 431 430 167
6346 3 2 5 37 167 430 429 168
6347 3 2 5 37 168 429 428 169
6348 3 2 5 37 169 428 12 6
6349 6 2 6 1 1081 1580 1639 2470 2969 3028
6350 6 2 6 1 1409 1245 1612 2798 2634 3001
6351 6 2 6 1 1210 1268 1472 2599 2657 2861
6352 6 2 6 1 949 1196 1296 2338 2585 2685
6353 6 2 6 1 1167 1193 1506 2556 2582 2895
6354 6 2 6 1 956 678 1889 2345 2067 3278
6355 6 2 6 1 1239 1184 1711 2628 2573 3100
6356 6 2 6 1 1581 1555 1714 2970 2944 3103
6357 6 2 6 1 860 981 1133 2249 2370 2522
6358 6 2 6 1 1532 1541 1881 2921 2930 3270
6359 6 2 6 1 955 816 1415 2344 2205 2804
6360 6 2 6 1 1126 711 1286 2515 2100 2675
6361 6 2 6 1 1174 556 1430 2563 1945 2819
6362 6 2 6 1 1020 1015 1132 2409 2404 2521
6363 6 2 6 1 1013 1019 1747 2402 2408 3136
6364 6 2 6 1 1300 977 1420 2689 2366 2809
6365 6 2 6 1 671 664 699 2060 2053 2088
6366 6 2 6 1 1559 957 1639 2948 2346 3028
6367 6 2 6 1 1727 1131 1729 3116 2520 3118
6368 6 2 6 1 1116 740 1286 2505 2129 2675
6369 6 2 6 1 1647 1080 1714 3036 2469 3103
6370 6 2 6 1 700 1292 1847 2089 2681 3236
6371 6 2 6 1 1028 1013 1747 2417 2402 3136
6372 6 2 6 1 1030 964 1721 2419 2353 3110
6373 6 2 6 1 1361 1237 1385 2750 2626 2774
6374 6 2 6 1 1204 537 1729 2593 1926 3118
6375 6 2 6 1 603 1216 1420 1992 2605 2809
6376 6 2 6 1 1333 776 1355 2722 2165 2744
6377 6 2 6 1 1521 1519 1587 2910 2908 2976
6378 6 2 6 1 962 817 975 2351 2206 2364
6379 6 2 6 1 563 1163 1328 1952 2552 2717
6380 6 2 6 1 1104 1042 1109 2493 2431 2498
6381 6 2 6 1 900 1119 1191 2289 2508 2580
6382 6 2 6 1 1175 1095 1839 2564 2484 3228
6383 6 2 6 1 1604 1620 1638 2993 3009 3027
6384 6 2 6 1 1313 841 1407 2702 2230 2796
6385 6 2 6 1 1620 894 1638 3009 2283 3027
6386 6 2 6 1 948 911 1479 2337 2300 2868
6387 6 2 6 1 872 1195 1339 2261 2584 2728
6388 6 2 6 1 1162 539 1343 2551 1928 2732
6389 6 2 6 1 1573 1572 1586 2962 2961 2975
6390 6 2 6 1 1580 1647 1714 2969 3036 3103
6391 6 2 6 1 814 968 1457 2203 2357 2846
6392 6 2 6 1 1015 1016 1132 2404 2405 2521
6393 6 2 6 1 1571 1570 1572 2960 2959 2961
6394 6 2 6 1 1324 1003 1426 2713 2392 2815
6395 6 2 6 1 1524 1523 1525 2913 2912 2914
6396 6 2 6 1 1213 1727 1729 2602 3116 3118
6397 6 2 6 1 813 963 964 2202 2352 2353
6398 6 2 6 1 537 1213 1729 1926 2602 3118
6399 6 2 6 1 1196 892 1296 2585 2281 2685
6400 6 2 6 1 72 71 1803 525 526 3192
6401 6 2 6 1 1150 531 1306 2539 1920 2695
6402 6 2 6 1 814 813 968 2203 2202 2357
6403 6 2 6 1 1263 1033 1897 2652 2422 3286
6404 6 2 6 1 1009 1007 1250 2398 2396 2639
6405 6 2 6 1 970 1184 1239 2359 2573 2628
6406 6 2 6 1 851 1220 1272 2240 2609 2661
6407 6 2 6 1 556 1174 1384 1945 2563 2773
6408 6 2 6 1 849 850 1260 2238 2239 2649
6409 6 2 6 1 1216 1300 1420 2605 2689 2809
6410 6 2 6 1 746 747 798 2135 2136 2187
6411 6 2 6 1 1029 913 1677 2418 2302 3066
6412 6 2 6 1 961 1209 1408 2350 2598 2797
6413 6 2 6 1 660 1248 1269 2049 2637 2658
6414 6 2 6 1 1077 1071 1831 2466 2460 3220
6415 6 2 6 1 757 755 1258 2146 2144 2647
6416 6 2 6 1 1193 1194 1506 2582 2583 2895
6417 6 2 6 1 1059 1058 1874 2448 2447 3263
6418 6 2 6 1 1153 1227 1228 2542 2616 2617
6419 6 2 6 1 693 971 972 2082 2360 2361
6420 6 2 6 1 1149 950 1835 2538 2339 3224
6421 6 2 6 1 874 1195 1215 2263 2584 2604
6422 6 2 6 1 1210 1104 1268 2599 2493 2657
6423 6 2 6 1 790 1372 1512 2179 2761 2901
6424 6 2 6 1 1288 1190 1325 2677 2579 2714
6425 6 2 6 1 1195 872 1215 2584 2261 2604
6426 6 2 6 1 841 1313 1314 2230 2702 2703
6427 6 2 6 1 962 975 976 2351 2364 2365
6428 6 2 6 1 1093 1553 1870 2482 2942 3259
6429 6 2 6 1 556 559 1430 1945 1948 2819
6430 6 2 6 1 784 782 1450 2173 2171 2839
6431 6 2 6 1 904 905 906 2293 2294 2295
6432 6 2 6 1 860 858 981 2249 2247 2370
6433 6 2 6 1 1159 1003 1322 2548 2392 2711
6434 6 2 6 1 909 911 948 2298 2300 2337
6435 6 2 6 1 531 1189 1306 1920 2578 2695
6436 6 2 6 1 898 664 1652 2287 2053 3041
6437 6 2 6 1 1062 1663 1881 2451 3052 3270
6438 6 2 6 1 534 1146 1318 1923 2535 2707
6439 6 2 6 1 545 1172 1284 1934 2561 2673
6440 6 2 6 1 968 964 983 2357 2353 2372
6441 6 2 6 1 820 816 955 2209 2205 2344
6442 6 2 6 1 807 806 813 2196 2195 2202
6443 6 2 6 1 1129 636 1815 2518 2025 3204
6444 6 2 6 1 1119 900 1205 2508 2289 2594
6445 6 2 6 1 1564 542 1610 2953 1931 2999
6446 6 2 6 1 1028 1443 1629 2417 2832 3018
6447 6 2 6 1 1162 936 1344 2551 2325 2733
6448 6 2 6 1 809 817 962 2198 2206 2351
6449 6 2 6 1 1176 1783 1785 2565 3172 3174
6450 6 2 6 1 927 1235 1280 2316 2624 2669
6451 6 2 6 1 537 1204 1465 1926 2593 2854
6452 6 2 6 1 782 785 1450 2171 2174 2839
6453 6 2 6 1 1152 1307 1821 2541 2696 3210
6454 6 2 6 1 585 587 1407 1974 1976 2796
6455 6 2 6 1 1237 1361 1362 2626 2750 2751
6456 6 2 6 1 799 798 806 2188 2187 2195
6457 6 2 6 1 715 718 719 2104 2107 2108
6458 6 2 6 1 1066 1061 1823 2455 2450 3212
6459 6 2 6 1 535 556 1384 1924 1945 2773
6460 6 2 6 1 1073 1071 1077 2462 2460 2466
6461 6 2 6 1 944 950 1149 2333 2339 2538
6462 6 2 6 1 1099 1523 1524 2488 2912 2913
6463 6 2 6 1 1184 1186 1711 2573 2575 3100
6464 6 2 6 1 1799 658 1806 3188 2047 3195
6465 6 2 6 1 1104 1109 1825 2493 2498 3214
6466 6 2 6 1 1097 1095 1175 2486 2484 2564
6467 6 2 6 1 1546 1544 1584 2935 2933 2973
6468 6 2 6 1 964 966 1721 2353 2355 3110
6469 6 2 6 1 1259 927 1280 2648 2316 2669
6470 6 2 6 1 746 745 747 2135 2134 2136
6471 6 2 6 1 534 1144 1146 1923 2533 2535
6472 6 2 6 1 747 903 1310 2136 2292 2699
6473 6 2 6 1 743 745 746 2132 2134 2135
6474 6 2 6 1 1170 899 1452 2559 2288 2841
6475 6 2 6 1 586 583 1433 1975 1972 2822
6476 6 2 6 1 1183 707 1184 2572 2096 2573
6477 6 2 6 1 977 1300 1389 2366 2689 2778
6478 6 2 6 1 568 571 1699 1957 1960 3088
6479 6 2 6 1 976 975 1197 2365 2364 2586
6480 6 2 6 1 1575 1573 1589 2964 2962 2978
6481 6 2 6 1 915 906 919 2304 2295 2308
6482 6 2 6 1 960 849 1260 2349 2238 2649
6483 6 2 6 1 1399 1057 1475 2788 2446 2864
6484 6 2 6 1 964 963 966 2353 2352 2355
6485 6 2 6 1 803 809 812 2192 2198 2201
6486 6 2 6 1 655 650 693 2044 2039 2082
6487 6 2 6 1 950 949 1296 2339 2338 2685
6488 6 2 6 1 1017 1009 1250 2406 2398 2639
6489 6 2 6 1 626 595 1308 2015 1984 2697
6490 6 2 6 1 850 1211 1260 2239 2600 2649
6491 6 2 6 1 715 646 718 2104 2035 2107
6492 6 2 6 1 1903 1660 1906 3292 3049 3295
6493 6 2 6 1 1151 675 1308 2540 2064 2697
6494 6 2 6 1 1103 1633 1856 2492 3022 3245
6495 6 2 6 1 533 1161 1168 1922 2550 2557
6496 6 2 6 1 874 870 1195 2263 2259 2584
6497 6 2 6 1 1065 1061 1066 2454 2450 2455
6498 6 2 6 1 843 663 1261 2232 2052 2650
6499 6 2 6 1 934 936 1162 2323 2325 2551
6500 6 2 6 1 693 972 1170 2082 2361 2559
6501 6 2 6 1 971 643 1599 2360 2032 2988
6502 6 2 6 1 813 806 963 2202 2195 2352
6503 6 2 6 1 630 610 1667 2019 1999 3056
6504 6 2 6 1 678 956 1517 2067 2345 2906
6505 6 2 6 1 1144 534 1199 2533 1923 2588
6506 6 2 6 1 798 747 1310 2187 2136 2699
6507 6 2 6 1 1209 51 1408 2598 309 2797
6508 6 2 6 1 1523 1521 1540 2912 2910 2929
6509 6 2 6 1 983 964 1030 2372 2353 2419
6510 6 2 6 1 1099 1533 1851 2488 2922 3240
6511 6 2 6 1 852 851 1272 2241 2240 2661
6512 6 2 6 1 596 585 1407 1985 1974 2796
6513 6 2 6 1 89 88 1786 508 509 3175
6514 6 2 6 1 740 1116 1285 2129 2505 2674
6515 6 2 6 1 1198 545 1739 2587 1934 3128
6516 6 2 6 1 803 804 809 2192 2193 2198
6517 6 2 6 1 806 798 808 2195 2187 2197
6518 6 2 6 1 684 1129 1218 2073 2518 2607
6519 6 2 6 1 1518 1702 1885 2907 3091 3274
6520 6 2 6 1 674 1269 1484 2063 2658 2873
6521 6 2 6 1 1277 1057 1399 2666 2446 2788
6522 6 2 6 1 711 1126 1658 2100 2515 3047
6523 6 2 6 1 920 919 1120 2309 2308 2509
6524 6 2 6 1 903 801 904 2292 2190 2293
6525 6 2 6 1 1482 1340 1616 2871 2729 3005
6526 6 2 6 1 58 59 1264 316 317 2653
6527 6 2 6 1 659 1789 1861 2048 3178 3250
6528 6 2 6 1 996 994 1207 2385 2383 2596
6529 6 2 6 1 854 812 855 2243 2201 2244
6530 6 2 6 1 719 718 1903 2108 2107 3292
6531 6 2 6 1 545 55 1172 1934 313 2561
6532 6 2 6 1 776 1333 1356 2165 2722 2745
6533 6 2 6 1 906 905 907 2295 2294 2296
6534 6 2 6 1 907 909 947 2296 2298 2336
6535 6 2 6 1 816 814 823 2205 2203 2212
6536 6 2 6 1 675 1151 1241 2064 2540 2630
6537 6 2 6 1 650 643 971 2039 2032 2360
6538 6 2 6 1 766 1234 1620 2155 2623 3009
6539 6 2 6 1 781 803 853 2170 2192 2242
6540 6 2 6 1 1163 563 1684 2552 1952 3073
6541 6 2 6 1 919 973 1141 2308 2362 2530
6542 6 2 6 1 1221 879 1321 2610 2268 2710
6543 6 2 6 1 1189 531 1289 2578 1920 2678
6544 6 2 6 1 1176 1177 1783 2565 2566 3172
6545 6 2 6 1 809 810 817 2198 2199 2206
6546 6 2 6 1 750 752 801 2139 2141 2190
6547 6 2 6 1 1023 69 1504 2412 528 2893
6548 6 2 6 1 1211 850 1212 2600 2239 2601
6549 6 2 6 1 928 1138 1863 2317 2527 3252
6550 6 2 6 1 904 801 905 2293 2190 2294
6551 6 2 6 1 858 856 863 2247 2245 2252
6552 6 2 6 1 856 855 1156 2245 2244 2545
6553 6 2 6 1 583 581 1433 1972 1970 2822
6554 6 2 6 1 858 863 981 2247 2252 2370
6555 6 2 6 1 919 906 973 2308 2295 2362
6556 6 2 6 1 1003 1000 1426 2392 2389 2815
6557 6 2 6 1 838 820 847 2227 2209 2236
6558 6 2 6 1 1383 873 1665 2772 2262 3054
6559 6 2 6 1 794 1330 1331 2183 2719 2720
6560 6 2 6 1 1245 1246 1612 2634 2635 3001
6561 6 2 6 1 548 1169 1692 1937 2558 3081
6562 6 2 6 1 947 909 948 2336 2298 2337
6563 6 2 6 1 854 855 856 2243 2244 2245
6564 6 2 6 1 1292 1254 1847 2681 2643 3236
6565 6 2 6 1 911 913 951 2300 2302 2340
6566 6 2 6 1 1338 1214 1750 2727 2603 3139
6567 6 2 6 1 62 534 1318 320 1923 2707
6568 6 2 6 1 922 1139 1636 2311 2528 3025
6569 6 2 6 1 605 601 627 1994 1990 2016
6570 6 2 6 1 718 720 1903 2107 2109 3292
6571 6 2 6 1 610 997 1667 1999 2386 3056
6572 6 2 6 1 600 597 601 1989 1986 1990
6573 6 2 6 1 566 567 568 1955 1956 1957
6574 6 2 6 1 1372 1373 1512 2761 2762 2901
6575 6 2 6 1 562 565 566 1951 1954 1955
6576 6 2 6 1 1156 855 1157 2545 2244 2546
6577 6 2 6 1 1130 922 1636 2519 2311 3025
6578 6 2 6 1 1056 1058 1059 2445 2447 2448
6579 6 2 6 1 993 630 994 2382 2019 2383
6580 6 2 6 1 593 589 597 1982 1978 1986
6581 6 2 6 1 747 750 903 2136 2139 2292
6582 6 2 6 1 577 573 589 1966 1962 1978
6583 6 2 6 1 557 561 562 1946 1950 1951
6584 6 2 6 1 1532 1530 1607 2921 2919 2996
6585 6 2 6 1 997 627 998 2386 2016 2387
6586 6 2 6 1 957 1559 1560 2346 2948 2949
6587 6 2 6 1 951 913 1029 2340 2302 2418
6588 6 2 6 1 847 820 1910 2236 2209 3299
6589 6 2 6 1 1161 1424 1750 2550 2813 3139
6590 6 2 6 1 1035 1033 1263 2424 2422 2652
6591 6 2 6 1 54 545 1198 312 1934 2587
6592 6 2 6 1 1358 1149 1379 2747 2538 2768
6593 6 2 6 1 1354 1374 1676 2743 2763 3065
6594 6 2 6 1 568 569 571 1957 1958 1960
6595 6 2 6 1 996 1207 1257 2385 2596 2646
6596 6 2 6 1 1279 760 1476 2668 2149 2865
6597 6 2 6 1 981 863 1179 2370 2252 2568
6598 6 2 6 1 758 760 1279 2147 2149 2668
6599 6 2 6 1 531 1150 1317 1920 2539 2706
6600 6 2 6 1 1798 658 1799 3187 2047 3188
6601 6 2 6 1 916 922 1130 2305 2311 2519
6602 6 2 6 1 571 572 573 1960 1961 1962
6603 6 2 6 1 1196 1604 1638 2585 2993 3027
6604 6 2 6 1 1135 888 1646 2524 2277 3035
6605 6 2 6 1 1562 542 1564 2951 1931 2953
6606 6 2 6 1 1758 1053 1759 3147 2442 3148
6607 6 2 6 1 73 72 1803 524 525 3192
6608 6 2 6 1 1153 1228 1487 2542 2617 2876
6609 6 2 6 1 5 818 1657 11 2207 3046
6610 6 2 6 1 1103 1570 1571 2492 2959 2960
6611 6 2 6 1 789 1332 1333 2178 2721 2722
6612 6 2 6 1 994 995 1136 2383 2384 2525
6613 6 2 6 1 720 742 743 2109 2131 2132
6614 6 2 6 1 1428 966 1509 2817 2355 2898
6615 6 2 6 1 986 722 1670 2375 2111 3059
6616 6 2 6 1 978 891 1134 2367 2280 2523
6617 6 2 6 1 870 868 1114 2259 2257 2503
6618 6 2 6 1 1517 1247 1869 2906 2636 3258
6619 6 2 6 1 1519 1518 1885 2908 2907 3274
6620 6 2 6 1 1424 550 1750 2813 1939 3139
6621 6 2 6 1 554 1214 1338 1943 2603 2727
6622 6 2 6 1 684 639 1129 2073 2028 2518
6623 6 2 6 1 1307 1152 1617 2696 2541 3006
6624 6 2 6 1 822 980 1659 2211 2369 3048
6625 6 2 6 1 1061 1105 1823 2450 2494 3212
6626 6 2 6 1 678 671 1889 2067 2060 3278
6627 6 2 6 1 922 925 1139 2311 2314 2528
6628 6 2 6 1 1109 1495 1825 2498 2884 3214
6629 6 2 6 1 1143 732 1766 2532 2121 3155
6630 6 2 6 1 1225 568 1699 2614 1957 3088
6631 6 2 6 1 555 544 557 1944 1933 1946
6632 6 2 6 1 998 999 1000 2387 2388 2389
6633 6 2 6 1 1449 716 1814 2838 2105 3203
6634 6 2 6 1 756 758 797 2145 2147 2186
6635 6 2 6 1 1321 879 1461 2710 2268 2850
6636 6 2 6 1 928 931 1138 2317 2320 2527
6637 6 2 6 1 1092 1068 1877 2481 2457 3266
6638 6 2 6 1 1216 603 1866 2605 1992 3255
6639 6 2 6 1 1237 878 1385 2626 2267 2774
6640 6 2 6 1 913 916 1677 2302 2305 3066
6641 6 2 6 1 1264 59 1731 2653 317 3120
6642 6 2 6 1 1013 1015 1019 2402 2404 2408
6643 6 2 6 1 1490 924 1843 2879 2313 3232
6644 6 2 6 1 1204 1202 1465 2593 2591 2854
6645 6 2 6 1 1608 652 1637 2997 2041 3026
6646 6 2 6 1 937 942 1148 2326 2331 2537
6647 6 2 6 1 899 1170 1399 2288 2559 2788
6648 6 2 6 1 721 1903 1906 2110 3292 3295
6649 6 2 6 1 868 865 1115 2257 2254 2504
6650 6 2 6 1 1220 549 1272 2609 1938 2661
6651 6 2 6 1 641 639 684 2030 2028 2073
6652 6 2 6 1 931 934 1137 2320 2323 2526
6653 6 2 6 1 823 1413 1414 2212 2802 2803
6654 6 2 6 1 595 670 1308 1984 2059 2697
6655 6 2 6 1 813 964 968 2202 2353 2357
6656 6 2 6 1 777 794 1331 2166 2183 2720
6657 6 2 6 1 760 762 796 2149 2151 2185
6658 6 2 6 1 880 875 1165 2269 2264 2554
6659 6 2 6 1 636 634 1815 2025 2023 3204
6660 6 2 6 1 1507 1311 1812 2896 2700 3201
6661 6 2 6 1 898 899 1905 2287 2288 3294
6662 6 2 6 1 655 693 1452 2044 2082 2841
6663 6 2 6 1 968 983 984 2357 2372 2373
6664 6 2 6 1 1553 1093 1884 2942 2482 3273
6665 6 2 6 1 1169 548 1648 2558 1937 3037
6666 6 2 6 1 639 636 1129 2028 2025 2518
6667 6 2 6 1 722 719 1670 2111 2108 3059
6668 6 2 6 1 801 752 1471 2190 2141 2860
6669 6 2 6 1 699 664 898 2088 2053 2287
6670 6 2 6 1 536 1263 1897 1925 2652 3286
6671 6 2 6 1 1190 1288 1761 2579 2677 3150
6672 6 2 6 1 582 669 1173 1971 2058 2562
6673 6 2 6 1 816 823 1415 2205 2212 2804
6674 6 2 6 1 942 944 1147 2331 2333 2536
6675 6 2 6 1 1311 695 1812 2700 2084 3201
6676 6 2 6 1 789 1333 1355 2178 2722 2744
6677 6 2 6 1 891 888 1135 2280 2277 2524
6678 6 2 6 1 1340 796 1616 2729 2185 3005
6679 6 2 6 1 1555 1557 1714 2944 2946 3103
6680 6 2 6 1 1193 1097 1818 2582 2486 3207
6681 6 2 6 1 764 766 795 2153 2155 2184
6682 6 2 6 1 582 584 669 1971 1973 2058
6683 6 2 6 1 755 793 1258 2144 2182 2647
6684 6 2 6 1 539 1162 1344 1928 2551 2733
6685 6 2 6 1 1003 1159 1232 2392 2548 2621
6686 6 2 6 1 1147 944 1149 2536 2333 2538
6687 6 2 6 1 1103 1569 1570 2492 2958 2959
6688 6 2 6 1 664 657 1652 2053 2046 3041
6689 6 2 6 1 612 610 630 2001 1999 2019
6690 6 2 6 1 1071 1106 1831 2460 2495 3220
6691 6 2 6 1 1068 1066 1877 2457 2455 3266
6692 6 2 6 1 1293 619 1649 2682 2008 3038
6693 6 2 6 1 617 612 993 2006 2001 2382
6694 6 2 6 1 807 813 814 2196 2202 2203
6695 6 2 6 1 693 650 971 2082 2039 2360
6696 6 2 6 1 1112 1110 1495 2501 2499 2884
6697 6 2 6 1 1184 707 1185 2573 2096 2574
6698 6 2 6 1 1073 1077 1884 2462 2466 3273
6699 6 2 6 1 768 770 791 2157 2159 2180
6700 6 2 6 1 797 758 1279 2186 2147 2668
6701 6 2 6 1 1548 1546 1585 2937 2935 2974
6702 6 2 6 1 957 1560 1590 2346 2949 2979
6703 6 2 6 1 997 998 1232 2386 2387 2621
6704 6 2 6 1 1307 669 1821 2696 2058 3210
6705 6 2 6 1 1088 1781 1790 2477 3170 3179
6706 6 2 6 1 1207 793 1257 2596 2182 2646
6707 6 2 6 1 777 779 794 2166 2168 2183
6708 6 2 6 1 1161 533 1424 2550 1922 2813
6709 6 2 6 1 754 756 1270 2143 2145 2659
6710 6 2 6 1 1656 1613 1833 3045 3002 3222
6711 6 2 6 1 1580 1559 1639 2969 2948 3028
6712 6 2 6 1 799 806 807 2188 2195 2196
6713 6 2 6 1 998 1000 1003 2387 2389 2392
6714 6 2 6 1 579 582 1173 1968 1971 2562
6715 6 2 6 1 1074 1645 1707 2463 3034 3096
6716 6 2 6 1 772 774 792 2161 2163 2181
6717 6 2 6 1 1241 827 1326 2630 2216 2715
6718 6 2 6 1 743 744 745 2132 2133 2134
6719 6 2 6 1 883 880 1164 2272 2269 2553
6720 6 2 6 1 746 798 799 2135 2187 2188
6721 6 2 6 1 1456 924 1488 2845 2313 2877
6722 6 2 6 1 1042 840 1878 2431 2229 3267
6723 6 2 6 1 1788 1784 1861 3177 3173 3250
6724 6 2 6 1 600 601 605 1989 1990 1994
6725 6 2 6 1 593 597 600 1982 1986 1989
6726 6 2 6 1 994 630 995 2383 2019 2384
6727 6 2 6 1 1530 1529 1637 2919 2918 3026
6728 6 2 6 1 1170 972 1277 2559 2361 2666
6729 6 2 6 1 577 589 593 1966 1978 1982
6730 6 2 6 1 795 766 1620 2184 2155 3009
6731 6 2 6 1 566 565 567 1955 1954 1956
6732 6 2 6 1 904 906 915 2293 2295 2304
6733 6 2 6 1 1322 786 1489 2711 2175 2878
6734 6 2 6 1 562 561 565 1951 1950 1954
6735 6 2 6 1 605 627 997 1994 2016 2386
6736 6 2 6 1 571 573 577 1960 1962 1966
6737 6 2 6 1 610 605 997 1999 1994 2386
6738 6 2 6 1 716 1437 1814 2105 2826 3203
6739 6 2 6 1 1137 934 1162 2526 2323 2551
6740 6 2 6 1 754 1270 1456 2143 2659 2845
6741 6 2 6 1 619 617 631 2008 2006 2020
6742 6 2 6 1 1503 5 1657 2892 11 3046
6743 6 2 6 1 557 544 561 1946 1933 1950
6744 6 2 6 1 983 1030 1448 2372 2419 2837
6745 6 2 6 1 1554 1552 1556 2943 2941 2945
6746 6 2 6 1 1075 1565 1609 2464 2954 2998
6747 6 2 6 1 762 764 1251 2151 2153 2640
6748 6 2 6 1 568 567 569 1957 1956 1958
6749 6 2 6 1 1100 1765 1853 2489 3154 3242
6750 6 2 6 1 915 919 920 2304 2308 2309
6751 6 2 6 1 1235 616 1363 2624 2005 2752
6752 6 2 6 1 887 884 1236 2276 2273 2625
6753 6 2 6 1 1389 1300 1390 2778 2689 2779
6754 6 2 6 1 762 1251 1492 2151 2640 2881
6755 6 2 6 1 820 955 1910 2209 2344 3299
6756 6 2 6 1 766 768 1234 2155 2157 2623
6757 6 2 6 1 614 1259 1280 2003 2648 2669
6758 6 2 6 1 566 568 570 1955 1957 1959
6759 6 2 6 1 1156 1157 1216 2545 2546 2605
6760 6 2 6 1 993 994 996 2382 2383 2385
6761 6 2 6 1 770 772 1221 2159 2161 2610
6762 6 2 6 1 161 160 1625 436 437 3014
6763 6 2 6 1 1781 1088 1830 3170 2477 3219
6764 6 2 6 1 1444 1443 1747 2833 2832 3136
6765 6 2 6 1 571 569 572 1960 1958 1961
6766 6 2 6 1 1065 1066 1068 2454 2455 2457
6767 6 2 6 1 1254 1292 1696 2643 2681 3085
6768 6 2 6 1 1396 607 1401 2785 1996 2790
6769 6 2 6 1 1539 1063 1735 2928 2452 3124
6770 6 2 6 1 1274 548 1692 2663 1937 3081
6771 6 2 6 1 537 66 1213 1926 324 2602
6772 6 2 6 1 1134 1359 1371 2523 2748 2760
6773 6 2 6 1 1138 1137 1208 2527 2526 2597
6774 6 2 6 1 1552 1550 1559 2941 2939 2948
6775 6 2 6 1 870 1114 1195 2259 2503 2584
6776 6 2 6 1 1132 1255 1687 2521 2644 3076
6777 6 2 6 1 1212 850 1451 2601 2239 2840
6778 6 2 6 1 806 808 1859 2195 2197 3248
6779 6 2 6 1 675 1241 1326 2064 2630 2715
6780 6 2 6 1 781 783 803 2170 2172 2192
6781 6 2 6 1 612 630 993 2001 2019 2382
6782 6 2 6 1 589 573 1181 1978 1962 2570
6783 6 2 6 1 946 1251 1469 2335 2640 2858
6784 6 2 6 1 1115 865 1809 2504 2254 3198
6785 6 2 6 1 863 1156 1217 2252 2545 2606
6786 6 2 6 1 1290 535 1384 2679 1924 2773
6787 6 2 6 1 920 1120 1121 2309 2509 2510
6788 6 2 6 1 1005 1226 1250 2394 2615 2639
6789 6 2 6 1 1004 1450 1846 2393 2839 3235
6790 6 2 6 1 1436 1435 1850 2825 2824 3239
6791 6 2 6 1 699 898 1905 2088 2287 3294
6792 6 2 6 1 823 814 1457 2212 2203 2846
6793 6 2 6 1 1141 973 1163 2530 2362 2552
6794 6 2 6 1 560 1256 1352 1949 2645 2741
6795 6 2 6 1 1270 924 1456 2659 2313 2845
6796 6 2 6 1 1252 1499 1508 2641 2888 2897
6797 6 2 6 1 998 627 999 2387 2016 2388
6798 6 2 6 1 1136 995 1159 2525 2384 2548
6799 6 2 6 1 750 801 903 2139 2190 2292
6800 6 2 6 1 707 1183 1376 2096 2572 2765
6801 6 2 6 1 984 983 1256 2373 2372 2645
6802 6 2 6 1 1124 1121 1369 2513 2510 2758
6803 6 2 6 1 892 891 978 2281 2280 2367
6804 6 2 6 1 947 948 1243 2336 2337 2632
6805 6 2 6 1 937 1148 1854 2326 2537 3243
6806 6 2 6 1 1007 1005 1250 2396 2394 2639
6807 6 2 6 1 1413 1457 1893 2802 2846 3282
6808 6 2 6 1 1040 1425 1669 2429 2814 3058
6809 6 2 6 1 1406 1228 1622 2795 2617 3011
6810 6 2 6 1 1278 1171 1843 2667 2560 3232
6811 6 2 6 1 1056 1051 1917 2445 2440 3306
6812 6 2 6 1 951 1029 1342 2340 2418 2731
6813 6 2 6 1 900 1191 1192 2289 2580 2581
6814 6 2 6 1 1557 1555 1588 2946 2944 2977
6815 6 2 6 1 550 1338 1750 1939 2727 3139
6816 6 2 6 1 1766 732 1869 3155 2121 3258
6817 6 2 6 1 579 1173 1888 1968 2562 3277
6818 6 2 6 1 726 734 1248 2115 2123 2637
6819 6 2 6 1 1215 872 1351 2604 2261 2740
6820 6 2 6 1 1567 1075 1678 2956 2464 3067
6821 6 2 6 1 596 1407 1622 1985 2796 3011
6822 6 2 6 1 1053 1526 1759 2442 2915 3148
6823 6 2 6 1 1339 1195 1455 2728 2584 2844
6824 6 2 6 1 793 1207 1258 2182 2596 2647
6825 6 2 6 1 1233 1039 1649 2622 2428 3038
6826 6 2 6 1 1165 875 1813 2554 2264 3202
6827 6 2 6 1 1087 1085 1856 2476 2474 3245
6828 6 2 6 1 538 20 1895 1927 278 3284
6829 6 2 6 1 695 1311 1334 2084 2700 2723
6830 6 2 6 1 1578 1575 1592 2967 2964 2981
6831 6 2 6 1 857 856 858 2246 2245 2247
6832 6 2 6 1 878 1237 1630 2267 2626 3019
6833 6 2 6 1 1368 607 1427 2757 1996 2816
6834 6 2 6 1 863 856 1156 2252 2245 2545
6835 6 2 6 1 1221 772 1632 2610 2161 3021
6836 6 2 6 1 812 809 1842 2201 2198 3231
6837 6 2 6 1 1236 883 1238 2625 2272 2627
6838 6 2 6 1 853 812 854 2242 2201 2243
6839 6 2 6 1 1000 999 1001 2389 2388 2390
6840 6 2 6 1 599 1215 1351 1988 2604 2740
6841 6 2 6 1 950 1297 1298 2339 2686 2687
6842 6 2 6 1 884 883 1236 2273 2272 2625
6843 6 2 6 1 695 1334 1494 2084 2723 2883
6844 6 2 6 1 1248 1036 1269 2637 2425 2658
6845 6 2 6 1 1044 1042 1104 2433 2431 2493
6846 6 2 6 1 747 749 750 2136 2138 2139
6847 6 2 6 1 776 1356 1386 2165 2745 2775
6848 6 2 6 1 553 1459 1727 1942 2848 3116
6849 6 2 6 1 784 1249 1629 2173 2638 3018
6850 6 2 6 1 671 699 1889 2060 2088 3278
6851 6 2 6 1 720 743 1858 2109 2132 3247
6852 6 2 6 1 1214 554 1275 2603 1943 2664
6853 6 2 6 1 533 1168 1169 1922 2557 2558
6854 6 2 6 1 906 907 1891 2295 2296 3280
6855 6 2 6 1 1213 553 1727 2602 1942 3116
6856 6 2 6 1 617 993 1740 2006 2382 3129
6857 6 2 6 1 748 1400 1883 2137 2789 3272
6858 6 2 6 1 621 619 1293 2010 2008 2682
6859 6 2 6 1 1215 599 1347 2604 1988 2736
6860 6 2 6 1 950 1298 1835 2339 2687 3224
6861 6 2 6 1 1139 925 1676 2528 2314 3065
6862 6 2 6 1 20 1212 1895 278 2601 3284
6863 6 2 6 1 1149 1358 1651 2538 2747 3040
6864 6 2 6 1 1412 717 1447 2801 2106 2836
6865 6 2 6 1 924 1270 1843 2313 2659 3232
6866 6 2 6 1 17 544 555 275 1933 1944
6867 6 2 6 1 56 536 1172 314 1925 2561
6868 6 2 6 1 714 646 715 2103 2035 2104
6869 6 2 6 1 1249 784 1450 2638 2173 2839
6870 6 2 6 1 1571 1572 1573 2960 2961 2962
6871 6 2 6 1 760 796 1476 2149 2185 2865
6872 6 2 6 1 685 1288 1325 2074 2677 2714
6873 6 2 6 1 887 1236 1237 2276 2625 2626
6874 6 2 6 1 988 986 1425 2377 2375 2814
6875 6 2 6 1 544 18 974 1933 276 2363
6876 6 2 6 1 1018 1307 1617 2407 2696 3006
6877 6 2 6 1 931 1137 1138 2320 2526 2527
6878 6 2 6 1 907 908 909 2296 2297 2298
6879 6 2 6 1 91 90 1830 506 507 3219
6880 6 2 6 1 1290 902 1291 2679 2291 2680
6881 6 2 6 1 1675 1348 1807 3064 2737 3196
6882 6 2 6 1 881 880 883 2270 2269 2272
6883 6 2 6 1 781 853 1634 2170 2242 3023
6884 6 2 6 1 1120 919 1728 2509 2308 3117
6885 6 2 6 1 601 597 604 1990 1986 1993
6886 6 2 6 1 991 843 1261 2380 2232 2650
6887 6 2 6 1 859 858 860 2248 2247 2249
6888 6 2 6 1 591 1304 1651 1980 2693 3040
6889 6 2 6 1 1443 1028 1747 2832 2417 3136
6890 6 2 6 1 223 222 1345 374 375 2734
6891 6 2 6 1 1017 1250 1751 2406 2639 3140
6892 6 2 6 1 1114 868 1115 2503 2257 2504
6893 6 2 6 1 1204 1466 1756 2593 2855 3145
6894 6 2 6 1 1795 1796 1801 3184 3185 3190
6895 6 2 6 1 1608 1528 1760 2997 2917 3149
6896 6 2 6 1 711 1116 1286 2100 2505 2675
6897 6 2 6 1 1228 596 1622 2617 1985 3011
6898 6 2 6 1 1374 1139 1676 2763 2528 3065
6899 6 2 6 1 570 568 1225 1959 1957 2614
6900 6 2 6 1 1121 1120 1393 2510 2509 2782
6901 6 2 6 1 1663 1640 1881 3052 3029 3270
6902 6 2 6 1 1269 1038 1484 2658 2427 2873
6903 6 2 6 1 899 898 1452 2288 2287 2841
6904 6 2 6 1 994 1136 1207 2383 2525 2596
6905 6 2 6 1 869 868 870 2258 2257 2259
6906 6 2 6 1 1292 974 1696 2681 2363 3085
6907 6 2 6 1 1323 1322 1489 2712 2711 2878
6908 6 2 6 1 1641 1126 1749 3030 2515 3138
6909 6 2 6 1 623 621 646 2012 2010 2035
6910 6 2 6 1 1526 1053 1760 2915 2442 3149
6911 6 2 6 1 871 870 874 2260 2259 2263
6912 6 2 6 1 1200 1203 1224 2589 2592 2613
6913 6 2 6 1 1211 530 1260 2600 1919 2649
6914 6 2 6 1 750 751 752 2139 2140 2141
6915 6 2 6 1 1636 1364 1698 3025 2753 3087
6916 6 2 6 1 787 1349 1838 2176 2738 3227
6917 6 2 6 1 1181 573 1873 2570 1962 3262
6918 6 2 6 1 1067 1582 1591 2456 2971 2980
6919 6 2 6 1 809 804 810 2198 2193 2199
6920 6 2 6 1 1520 1519 1521 2909 2908 2910
6921 6 2 6 1 545 1284 1285 1934 2673 2674
6922 6 2 6 1 1416 1414 1447 2805 2803 2836
6923 6 2 6 1 909 910 911 2298 2299 2300
6924 6 2 6 1 631 1233 1649 2020 2622 3038
6925 6 2 6 1 890 888 891 2279 2277 2280
6926 6 2 6 1 861 860 864 2250 2249 2253
6927 6 2 6 1 1425 986 1669 2814 2375 3058
6928 6 2 6 1 944 949 950 2333 2338 2339
6929 6 2 6 1 903 904 1140 2292 2293 2529
6930 6 2 6 1 1099 1059 1874 2488 2448 3263
6931 6 2 6 1 1228 1406 1487 2617 2795 2876
6932 6 2 6 1 1100 1210 1472 2489 2599 2861
6933 6 2 6 1 6 169 1265 12 428 2654
6934 6 2 6 1 1103 1085 1596 2492 2474 2985
6935 6 2 6 1 1543 1542 1544 2932 2931 2933
6936 6 2 6 1 942 943 944 2331 2332 2333
6937 6 2 6 1 942 1147 1148 2331 2536 2537
6938 6 2 6 1 1528 1608 1637 2917 2997 3026
6939 6 2 6 1 911 912 913 2300 2301 2302
6940 6 2 6 1 1119 1205 1515 2508 2594 2904
6941 6 2 6 1 803 783 804 2192 2172 2193
6942 6 2 6 1 888 887 1646 2277 2276 3035
6943 6 2 6 1 1606 1098 1911 2995 2487 3300
6944 6 2 6 1 562 566 1182 1951 1955 2571
6945 6 2 6 1 720 718 742 2109 2107 2131
6946 6 2 6 1 1258 1207 1899 2647 2596 3288
6947 6 2 6 1 1068 1092 1561 2457 2481 2950
6948 6 2 6 1 1529 1528 1637 2918 2917 3026
6949 6 2 6 1 1094 1574 1577 2483 2963 2966
6950 6 2 6 1 615 1364 1636 2004 2753 3025
6951 6 2 6 1 127 126 1590 470 471 2979
6952 6 2 6 1 913 914 916 2302 2303 2305
6953 6 2 6 1 1278 797 1279 2667 2186 2668
6954 6 2 6 1 1058 1056 1917 2447 2445 3306
6955 6 2 6 1 1437 1436 1850 2826 2825 3239
6956 6 2 6 1 752 753 754 2141 2142 2143
6957 6 2 6 1 1001 1004 1373 2390 2393 2762
6958 6 2 6 1 792 774 1710 2181 2163 3099
6959 6 2 6 1 1162 1343 1685 2551 2732 3074
6960 6 2 6 1 1817 659 1861 3206 2048 3250
6961 6 2 6 1 1133 981 1405 2522 2370 2794
6962 6 2 6 1 829 827 1241 2218 2216 2630
6963 6 2 6 1 886 884 887 2275 2273 2276
6964 6 2 6 1 1522 1521 1523 2911 2910 2912
6965 6 2 6 1 541 53 1198 1930 311 2587
6966 6 2 6 1 931 933 934 2320 2322 2323
6967 6 2 6 1 743 746 980 2132 2135 2369
6968 6 2 6 1 1112 1495 1697 2501 2884 3086
6969 6 2 6 1 17 18 544 275 276 1933
6970 6 2 6 1 54 55 545 312 313 1934
6971 6 2 6 1 934 935 936 2323 2324 2325
6972 6 2 6 1 1217 1383 1665 2606 2772 3054
6973 6 2 6 1 916 917 922 2305 2306 2311
6974 6 2 6 1 1471 752 1478 2860 2141 2867
6975 6 2 6 1 65 66 537 323 324 1926
6976 6 2 6 1 56 57 536 314 315 1925
6977 6 2 6 1 15 16 535 273 274 1924
6978 6 2 6 1 62 63 534 320 321 1923
6979 6 2 6 1 52 53 541 310 311 1930
6980 6 2 6 1 19 20 538 277 278 1927
6981 6 2 6 1 936 1154 1344 2325 2543 2733
6982 6 2 6 1 654 650 655 2043 2039 2044
6983 6 2 6 1 902 1290 1384 2291 2679 2773
6984 6 2 6 1 972 971 1295 2361 2360 2684
6985 6 2 6 1 1116 1117 1285 2505 2506 2674
6986 6 2 6 1 717 1412 1421 2106 2801 2810
6987 6 2 6 1 1413 823 1457 2802 2212 2846
6988 6 2 6 1 1118 1656 1833 2507 3045 3222
6989 6 2 6 1 791 770 1221 2180 2159 2610
6990 6 2 6 1 1173 669 1307 2562 2058 2696
6991 6 2 6 1 877 875 880 2266 2264 2269
6992 6 2 6 1 13 14 1291 271 272 2680
6993 6 2 6 1 922 923 925 2311 2312 2314
6994 6 2 6 1 980 822 1660 2369 2211 3049
6995 6 2 6 1 1530 1532 1881 2919 2921 3270
6996 6 2 6 1 1134 891 1135 2523 2280 2524
6997 6 2 6 1 1170 1277 1399 2559 2666 2788
6998 6 2 6 1 555 557 1848 1944 1946 3237
6999 6 2 6 1 675 626 1308 2064 2015 2697
7000 6 2 6 1 852 1272 1273 2241 2661 2662
7001 6 2 6 1 627 601 1516 2016 1990 2905
7002 6 2 6 1 1085 1078 1596 2474 2467 2985
7003 6 2 6 1 21 1211 1212 279 2600 2601
7004 6 2 6 1 24 547 1229 282 1936 2618
7005 6 2 6 1 714 1219 1815 2103 2608 3204
7006 6 2 6 1 925 926 927 2314 2315 2316
7007 6 2 6 1 718 646 1718 2107 2035 3107
7008 6 2 6 1 754 755 756 2143 2144 2145
7009 6 2 6 1 950 1296 1297 2339 2685 2686
7010 6 2 6 1 732 1517 1869 2121 2906 3258
7011 6 2 6 1 1090 89 1786 2479 508 3175
7012 6 2 6 1 1499 896 1508 2888 2285 2897
7013 6 2 6 1 1099 1522 1523 2488 2911 2912
7014 6 2 6 1 1150 1155 1317 2539 2544 2706
7015 6 2 6 1 646 621 1293 2035 2010 2682
7016 6 2 6 1 1335 1220 1485 2724 2609 2874
7017 6 2 6 1 867 865 868 2256 2254 2257
7018 6 2 6 1 791 1320 1621 2180 2709 3010
7019 6 2 6 1 1543 1544 1546 2932 2933 2935
7020 6 2 6 1 1360 990 1606 2749 2379 2995
7021 6 2 6 1 559 556 1848 1948 1945 3237
7022 6 2 6 1 1207 1136 1899 2596 2525 3288
7023 6 2 6 1 854 857 1206 2243 2246 2595
7024 6 2 6 1 679 678 1876 2068 2067 3265
7025 6 2 6 1 557 562 1867 1946 1951 3256
7026 6 2 6 1 1369 1121 1717 2758 2510 3106
7027 6 2 6 1 1026 1166 1193 2415 2555 2582
7028 6 2 6 1 1574 1573 1575 2963 2962 2964
7029 6 2 6 1 823 1414 1415 2212 2803 2804
7030 6 2 6 1 1359 1134 1671 2748 2523 3060
7031 6 2 6 1 548 1274 1892 1937 2663 3281
7032 6 2 6 1 737 704 1242 2126 2093 2631
7033 6 2 6 1 1473 1472 1518 2862 2861 2907
7034 6 2 6 1 1164 880 1165 2553 2269 2554
7035 6 2 6 1 969 833 1734 2358 2222 3123
7036 6 2 6 1 978 1134 1706 2367 2523 3095
7037 6 2 6 1 743 742 744 2132 2131 2133
7038 6 2 6 1 726 1248 1496 2115 2637 2885
7039 6 2 6 1 1415 1414 1416 2804 2803 2805
7040 6 2 6 1 531 47 1289 1920 305 2678
7041 6 2 6 1 556 535 1908 1945 1924 3297
7042 6 2 6 1 1329 1181 1764 2718 2570 3153
7043 6 2 6 1 1255 1153 1487 2644 2542 2876
7044 6 2 6 1 937 941 942 2326 2330 2331
7045 6 2 6 1 1229 547 1231 2618 1936 2620
7046 6 2 6 1 796 1340 1476 2185 2729 2865
7047 6 2 6 1 787 1244 1824 2176 2633 3213
7048 6 2 6 1 756 757 758 2145 2146 2147
7049 6 2 6 1 665 664 671 2054 2053 2060
7050 6 2 6 1 1051 1050 1853 2440 2439 3242
7051 6 2 6 1 925 927 1259 2314 2316 2648
7052 6 2 6 1 1004 1006 1450 2393 2395 2839
7053 6 2 6 1 768 791 1234 2157 2180 2623
7054 6 2 6 1 1469 1251 1619 2858 2640 3008
7055 6 2 6 1 20 21 1212 278 279 2601
7056 6 2 6 1 774 777 1331 2163 2166 2720
7057 6 2 6 1 1538 1535 1539 2927 2924 2928
7058 6 2 6 1 1307 1018 1618 2696 2407 3007
7059 6 2 6 1 1547 1546 1548 2936 2935 2937
7060 6 2 6 1 1309 586 1433 2698 1975 2822
7061 6 2 6 1 1536 1537 1877 2925 2926 3266
7062 6 2 6 1 662 657 664 2051 2046 2053
7063 6 2 6 1 1301 1309 1433 2690 2698 2822
7064 6 2 6 1 704 730 1242 2093 2119 2631
7065 6 2 6 1 1309 1301 1431 2698 2690 2820
7066 6 2 6 1 607 1396 1427 1996 2785 2816
7067 6 2 6 1 1200 1202 1203 2589 2591 2592
7068 6 2 6 1 1592 1079 1614 2981 2468 3003
7069 6 2 6 1 108 107 1598 489 490 2987
7070 6 2 6 1 648 643 650 2037 2032 2039
7071 6 2 6 1 1010 1013 1880 2399 2402 3269
7072 6 2 6 1 587 1313 1407 1976 2702 2796
7073 6 2 6 1 1304 591 1357 2693 1980 2746
7074 6 2 6 1 673 671 678 2062 2060 2067
7075 6 2 6 1 1289 48 1468 2678 306 2857
7076 6 2 6 1 1466 1204 1729 2855 2593 3118
7077 6 2 6 1 1050 1048 1853 2439 2437 3242
7078 6 2 6 1 758 759 760 2147 2148 2149
7079 6 2 6 1 606 605 610 1995 1994 1999
7080 6 2 6 1 1244 787 1838 2633 2176 3227
7081 6 2 6 1 975 817 1142 2364 2206 2531
7082 6 2 6 1 764 795 1251 2153 2184 2640
7083 6 2 6 1 928 930 931 2317 2319 2320
7084 6 2 6 1 1188 1468 1711 2577 2857 3100
7085 6 2 6 1 1093 1569 1596 2482 2958 2985
7086 6 2 6 1 1553 1552 1554 2942 2941 2943
7087 6 2 6 1 1369 1368 1427 2758 2757 2816
7088 6 2 6 1 1540 649 1624 2929 2038 3013
7089 6 2 6 1 1551 1553 1831 2940 2942 3220
7090 6 2 6 1 1132 1016 1255 2521 2405 2644
7091 6 2 6 1 976 1197 1643 2365 2586 3032
7092 6 2 6 1 22 530 1211 280 1919 2600
7093 6 2 6 1 1209 961 1713 2598 2350 3102
7094 6 2 6 1 530 1229 1230 1919 2618 2619
7095 6 2 6 1 760 761 762 2149 2150 2151
7096 6 2 6 1 1172 536 1462 2561 1925 2851
7097 6 2 6 1 1139 1374 1636 2528 2763 3025
7098 6 2 6 1 715 719 722 2104 2108 2111
7099 6 2 6 1 883 1164 1807 2272 2553 3196
7100 6 2 6 1 529 50 1209 1918 308 2598
7101 6 2 6 1 774 1331 1710 2163 2720 3099
7102 6 2 6 1 1551 1550 1552 2940 2939 2941
7103 6 2 6 1 1572 1570 1576 2961 2959 2965
7104 6 2 6 1 1147 1149 1651 2536 2538 3040
7105 6 2 6 1 737 1242 1886 2126 2631 3275
7106 6 2 6 1 597 589 1180 1986 1978 2569
7107 6 2 6 1 1374 615 1636 2763 2004 3025
7108 6 2 6 1 762 763 764 2151 2152 2153
7109 6 2 6 1 672 1586 1598 2061 2975 2987
7110 6 2 6 1 1092 1537 1542 2481 2926 2931
7111 6 2 6 1 730 1174 1242 2119 2563 2631
7112 6 2 6 1 1247 1158 1869 2636 2547 3258
7113 6 2 6 1 1580 1081 1647 2969 2470 3036
7114 6 2 6 1 1206 794 1634 2595 2183 3023
7115 6 2 6 1 1317 1155 1497 2706 2544 2886
7116 6 2 6 1 1269 674 1481 2658 2063 2870
7117 6 2 6 1 55 56 1172 313 314 2561
7118 6 2 6 1 911 951 1479 2300 2340 2868
7119 6 2 6 1 1248 660 1496 2637 2049 2885
7120 6 2 6 1 16 17 555 274 275 1944
7121 6 2 6 1 1127 1182 1860 2516 2571 3249
7122 6 2 6 1 792 1305 1445 2181 2694 2834
7123 6 2 6 1 529 1209 1239 1918 2598 2628
7124 6 2 6 1 1108 1585 1845 2497 2974 3234
7125 6 2 6 1 720 1660 1903 2109 3049 3292
7126 6 2 6 1 1061 1059 1851 2450 2448 3240
7127 6 2 6 1 669 584 1227 2058 1973 2616
7128 6 2 6 1 1240 829 1241 2629 2218 2630
7129 6 2 6 1 966 1125 1509 2355 2514 2898
7130 6 2 6 1 764 765 766 2153 2154 2155
7131 6 2 6 1 680 679 1876 2069 2068 3265
7132 6 2 6 1 1314 969 1734 2703 2358 3123
7133 6 2 6 1 67 553 1213 325 1942 2602
7134 6 2 6 1 1036 1037 1038 2425 2426 2427
7135 6 2 6 1 1141 1163 1684 2530 2552 3073
7136 6 2 6 1 734 1032 1248 2123 2421 2637
7137 6 2 6 1 1400 1243 1883 2789 2632 3272
7138 6 2 6 1 1205 900 1905 2594 2289 3294
7139 6 2 6 1 684 1218 1510 2073 2607 2899
7140 6 2 6 1 805 1324 1426 2194 2713 2815
7141 6 2 6 1 530 23 1229 1919 281 2618
7142 6 2 6 1 1848 556 1908 3237 1945 3297
7143 6 2 6 1 1259 614 1676 2648 2003 3065
7144 6 2 6 1 573 572 574 1962 1961 1963
7145 6 2 6 1 535 16 1908 1924 274 3297
7146 6 2 6 1 1352 1256 1402 2741 2645 2791
7147 6 2 6 1 1348 540 1807 2737 1929 3196
7148 6 2 6 1 656 655 657 2045 2044 2046
7149 6 2 6 1 611 610 612 2000 1999 2001
7150 6 2 6 1 1263 58 1264 2652 316 2653
7151 6 2 6 1 766 767 768 2155 2156 2157
7152 6 2 6 1 1205 899 1399 2594 2288 2788
7153 6 2 6 1 22 23 530 280 281 1919
7154 6 2 6 1 49 50 529 307 308 1918
7155 6 2 6 1 791 1221 1321 2180 2610 2710
7156 6 2 6 1 574 712 1873 1963 2101 3262
7157 6 2 6 1 549 1220 1335 1938 2609 2724
7158 6 2 6 1 16 555 1908 274 1944 3297
7159 6 2 6 1 1238 1375 1630 2627 2764 3019
7160 6 2 6 1 1297 978 1302 2686 2367 2691
7161 6 2 6 1 613 612 617 2002 2001 2006
7162 6 2 6 1 1070 1068 1826 2459 2457 3215
7163 6 2 6 1 1148 1147 1304 2537 2536 2693
7164 6 2 6 1 1707 1645 1725 3096 3034 3114
7165 6 2 6 1 1059 1099 1851 2448 2488 3240
7166 6 2 6 1 756 797 1270 2145 2186 2659
7167 6 2 6 1 803 812 853 2192 2201 2242
7168 6 2 6 1 1544 1542 1654 2933 2931 3043
7169 6 2 6 1 1565 1075 1567 2954 2464 2956
7170 6 2 6 1 1256 560 1417 2645 1949 2806
7171 6 2 6 1 547 1252 1508 1936 2641 2897
7172 6 2 6 1 1156 1216 1217 2545 2605 2606
7173 6 2 6 1 768 769 770 2157 2158 2159
7174 6 2 6 1 1035 1264 1319 2424 2653 2708
7175 6 2 6 1 890 891 892 2279 2280 2281
7176 6 2 6 1 747 745 749 2136 2134 2138
7177 6 2 6 1 542 1562 1588 1931 2951 2977
7178 6 2 6 1 1024 1799 1836 2413 3188 3225
7179 6 2 6 1 1613 541 1833 3002 1930 3222
7180 6 2 6 1 1320 791 1321 2709 2180 2710
7181 6 2 6 1 1814 1437 1887 3203 2826 3276
7182 6 2 6 1 19 538 1696 277 1927 3085
7183 6 2 6 1 66 67 1213 324 325 2602
7184 6 2 6 1 1136 1159 1726 2525 2548 3115
7185 6 2 6 1 64 1465 1916 322 2854 3305
7186 6 2 6 1 1537 1535 1538 2926 2924 2927
7187 6 2 6 1 879 1221 1632 2268 2610 3021
7188 6 2 6 1 1579 1771 1772 2968 3160 3161
7189 6 2 6 1 998 1003 1232 2387 2392 2621
7190 6 2 6 1 1032 1036 1248 2421 2425 2637
7191 6 2 6 1 1823 1536 1877 3212 2925 3266
7192 6 2 6 1 1593 1108 1708 2982 2497 3097
7193 6 2 6 1 1078 1073 1884 2467 2462 3273
7194 6 2 6 1 1597 1572 1725 2986 2961 3114
7195 6 2 6 1 1178 1102 1247 2567 2491 2636
7196 6 2 6 1 1122 1121 1124 2511 2510 2513
7197 6 2 6 1 770 771 772 2159 2160 2161
7198 6 2 6 1 574 576 712 1963 1965 2101
7199 6 2 6 1 854 856 857 2243 2245 2246
7200 6 2 6 1 1111 1265 1268 2500 2654 2657
7201 6 2 6 1 1242 1128 1886 2631 2517 3275
7202 6 2 6 1 1198 1117 1833 2587 2506 3222
7203 6 2 6 1 1782 1781 1829 3171 3170 3218
7204 6 2 6 1 1841 64 1916 3230 322 3305
7205 6 2 6 1 681 713 1406 2070 2102 2795
7206 6 2 6 1 1036 1038 1269 2425 2427 2658
7207 6 2 6 1 955 1416 1887 2344 2805 3276
7208 6 2 6 1 14 1290 1291 272 2679 2680
7209 6 2 6 1 1238 1336 1375 2627 2725 2764
7210 6 2 6 1 1222 1444 1747 2611 2833 3136
7211 6 2 6 1 532 1335 1485 1921 2724 2874
7212 6 2 6 1 1441 714 1815 2830 2103 3204
7213 6 2 6 1 1032 1034 1036 2421 2423 2425
7214 6 2 6 1 752 754 1478 2141 2143 2867
7215 6 2 6 1 1114 1115 1332 2503 2504 2721
7216 6 2 6 1 1797 1796 1798 3186 3185 3187
7217 6 2 6 1 1126 1286 1749 2515 2675 3138
7218 6 2 6 1 1291 902 1459 2680 2291 2848
7219 6 2 6 1 1595 1573 1716 2984 2962 3105
7220 6 2 6 1 1587 1474 1625 2976 2863 3014
7221 6 2 6 1 1000 1001 1372 2389 2390 2761
7222 6 2 6 1 1264 551 1319 2653 1940 2708
7223 6 2 6 1 1784 1787 1861 3173 3176 3250
7224 6 2 6 1 1577 1575 1578 2966 2964 2967
7225 6 2 6 1 53 54 1198 311 312 2587
7226 6 2 6 1 1360 1606 1911 2749 2995 3300
7227 6 2 6 1 945 1298 1353 2334 2687 2742
7228 6 2 6 1 794 779 1634 2183 2168 3023
7229 6 2 6 1 815 814 816 2204 2203 2205
7230 6 2 6 1 925 1259 1676 2314 2648 3065
7231 6 2 6 1 1137 1162 1685 2526 2551 3074
7232 6 2 6 1 1261 663 1664 2650 2052 3053
7233 6 2 6 1 222 539 1345 375 1928 2734
7234 6 2 6 1 802 1257 1486 2191 2646 2875
7235 6 2 6 1 1106 1071 1826 2495 2460 3215
7236 6 2 6 1 863 1217 1665 2252 2606 3054
7237 6 2 6 1 886 887 888 2275 2276 2277
7238 6 2 6 1 818 1446 1657 2207 2835 3046
7239 6 2 6 1 616 1235 1682 2005 2624 3071
7240 6 2 6 1 1097 1175 1868 2486 2564 3257
7241 6 2 6 1 841 1314 1734 2230 2703 3123
7242 6 2 6 1 1085 1103 1856 2474 2492 3245
7243 6 2 6 1 1585 1108 1593 2974 2497 2982
7244 6 2 6 1 772 773 774 2161 2162 2163
7245 6 2 6 1 1224 1203 1703 2613 2592 3092
7246 6 2 6 1 819 816 820 2208 2205 2209
7247 6 2 6 1 1060 1059 1061 2449 2448 2450
7248 6 2 6 1 864 860 1691 2253 2249 3080
7249 6 2 6 1 1145 1200 1224 2534 2589 2613
7250 6 2 6 1 1246 697 1612 2635 2086 3001
7251 6 2 6 1 21 22 1211 279 280 2600
7252 6 2 6 1 1017 1329 1673 2406 2718 3062
7253 6 2 6 1 536 57 1263 1925 315 2652
7254 6 2 6 1 777 778 779 2166 2167 2168
7255 6 2 6 1 620 622 1507 2009 2011 2896
7256 6 2 6 1 1093 1596 1884 2482 2985 3273
7257 6 2 6 1 774 775 777 2163 2164 2166
7258 6 2 6 1 907 905 908 2296 2294 2297
7259 6 2 6 1 1038 1144 1145 2427 2533 2534
7260 6 2 6 1 857 858 859 2246 2247 2248
7261 6 2 6 1 50 51 1209 308 309 2598
7262 6 2 6 1 1055 1051 1056 2444 2440 2445
7263 6 2 6 1 631 617 1740 2020 2006 3129
7264 6 2 6 1 1570 1566 1615 2959 2955 3004
7265 6 2 6 1 966 963 1125 2355 2352 2514
7266 6 2 6 1 1332 789 1350 2721 2178 2739
7267 6 2 6 1 842 1311 1507 2231 2700 2896
7268 6 2 6 1 24 25 547 282 283 1936
7269 6 2 6 1 1215 1347 1813 2604 2736 3202
7270 6 2 6 1 1302 590 1872 2691 1979 3261
7271 6 2 6 1 881 883 884 2270 2272 2273
7272 6 2 6 1 530 1230 1260 1919 2619 2649
7273 6 2 6 1 1041 840 1042 2430 2229 2431
7274 6 2 6 1 1787 1791 1792 3176 3180 3181
7275 6 2 6 1 1371 893 1706 2760 2282 3095
7276 6 2 6 1 602 1389 1390 1991 2778 2779
7277 6 2 6 1 1167 1026 1193 2556 2415 2582
7278 6 2 6 1 1117 1198 1739 2506 2587 3128
7279 6 2 6 1 1565 1564 1609 2954 2953 2998
7280 6 2 6 1 649 1540 1623 2038 2929 3012
7281 6 2 6 1 796 762 1492 2185 2151 2881
7282 6 2 6 1 1188 1289 1468 2577 2678 2857
7283 6 2 6 1 26 532 1252 284 1921 2641
7284 6 2 6 1 877 880 881 2266 2269 2270
7285 6 2 6 1 987 986 988 2376 2375 2377
7286 6 2 6 1 1171 1278 1491 2560 2667 2880
7287 6 2 6 1 1316 855 1842 2705 2244 3231
7288 6 2 6 1 1373 1004 1846 2762 2393 3235
7289 6 2 6 1 1077 1553 1884 2466 2942 3273
7290 6 2 6 1 852 1273 1274 2241 2662 2663
7291 6 2 6 1 1234 894 1620 2623 2283 3009
7292 6 2 6 1 853 854 1206 2242 2243 2595
7293 6 2 6 1 538 1253 1254 1927 2642 2643
7294 6 2 6 1 1054 1626 1743 2443 3015 3132
7295 6 2 6 1 23 24 1229 281 282 2618
7296 6 2 6 1 547 25 1252 1936 283 2641
7297 6 2 6 1 894 1234 1621 2283 2623 3010
7298 6 2 6 1 966 1428 1896 2355 2817 3285
7299 6 2 6 1 13 1291 1732 271 2680 3121
7300 6 2 6 1 1234 791 1621 2623 2180 3010
7301 6 2 6 1 772 792 1632 2161 2181 3021
7302 6 2 6 1 560 1410 1417 1949 2799 2806
7303 6 2 6 1 1618 712 1888 3007 2101 3277
7304 6 2 6 1 1318 1146 1319 2707 2535 2708
7305 6 2 6 1 1028 1629 1811 2417 3018 3200
7306 6 2 6 1 1186 1188 1711 2575 2577 3100
7307 6 2 6 1 1226 604 1250 2615 1993 2639
7308 6 2 6 1 1416 1447 1814 2805 2836 3203
7309 6 2 6 1 869 870 871 2258 2259 2260
7310 6 2 6 1 1134 1135 1671 2523 2524 3060
7311 6 2 6 1 955 1415 1416 2344 2804 2805
7312 6 2 6 1 1257 793 1486 2646 2182 2875
7313 6 2 6 1 1520 1522 1874 2909 2911 3263
7314 6 2 6 1 1164 1165 1675 2553 2554 3064
7315 6 2 6 1 840 838 1600 2229 2227 2989
7316 6 2 6 1 1501 1502 1503 2890 2891 2892
7317 6 2 6 1 867 868 869 2256 2257 2258
7318 6 2 6 1 871 874 875 2260 2263 2264
7319 6 2 6 1 618 617 619 2007 2006 2008
7320 6 2 6 1 786 1322 1324 2175 2711 2713
7321 6 2 6 1 1257 802 1463 2646 2191 2852
7322 6 2 6 1 67 68 553 325 326 1942
7323 6 2 6 1 60 61 551 318 319 1940
7324 6 2 6 1 1001 1002 1004 2390 2391 2393
7325 6 2 6 1 947 1480 1891 2336 2869 3280
7326 6 2 6 1 981 1179 1681 2370 2568 3070
7327 6 2 6 1 1230 1229 1231 2619 2618 2620
7328 6 2 6 1 859 860 861 2248 2249 2250
7329 6 2 6 1 779 780 781 2168 2169 2170
7330 6 2 6 1 1203 1202 1204 2592 2591 2593
7331 6 2 6 1 972 1295 1360 2361 2684 2749
7332 6 2 6 1 1386 1356 1387 2775 2745 2776
7333 6 2 6 1 579 581 582 1968 1970 1971
7334 6 2 6 1 1243 1400 1824 2632 2789 3213
7335 6 2 6 1 648 650 654 2037 2039 2043
7336 6 2 6 1 1238 883 1807 2627 2272 3196
7337 6 2 6 1 1513 1154 1690 2902 2543 3079
7338 6 2 6 1 1280 1235 1363 2669 2624 2752
7339 6 2 6 1 855 812 1842 2244 2201 3231
7340 6 2 6 1 1445 1305 1470 2834 2694 2859
7341 6 2 6 1 757 1258 1730 2146 2647 3119
7342 6 2 6 1 750 749 751 2139 2138 2140
7343 6 2 6 1 1296 978 1297 2685 2367 2686
7344 6 2 6 1 1184 1185 1186 2573 2574 2575
7345 6 2 6 1 944 943 949 2333 2332 2338
7346 6 2 6 1 797 1278 1843 2186 2667 3232
7347 6 2 6 1 996 1257 1463 2385 2646 2852
7348 6 2 6 1 861 864 865 2250 2253 2254
7349 6 2 6 1 71 1023 1803 526 2412 3192
7350 6 2 6 1 1134 1371 1706 2523 2760 3095
7351 6 2 6 1 708 687 827 2097 2076 2216
7352 6 2 6 1 1224 1483 1484 2613 2872 2873
7353 6 2 6 1 47 48 1289 305 306 2678
7354 6 2 6 1 640 639 641 2029 2028 2030
7355 6 2 6 1 555 1848 1908 1944 3237 3297
7356 6 2 6 1 1182 1127 1454 2571 2516 2843
7357 6 2 6 1 638 636 639 2027 2025 2028
7358 6 2 6 1 749 745 1432 2138 2134 2821
7359 6 2 6 1 1774 1779 1839 3163 3168 3228
7360 6 2 6 1 15 535 1290 273 1924 2679
7361 6 2 6 1 689 691 1281 2078 2080 2670
7362 6 2 6 1 942 941 943 2331 2330 2332
7363 6 2 6 1 561 974 1292 1950 2363 2681
7364 6 2 6 1 1607 1530 1637 2996 2919 3026
7365 6 2 6 1 909 908 910 2298 2297 2299
7366 6 2 6 1 1397 1197 1434 2786 2586 2823
7367 6 2 6 1 703 1650 1699 2092 3039 3088
7368 6 2 6 1 1783 1782 1817 3172 3171 3206
7369 6 2 6 1 828 827 829 2217 2216 2218
7370 6 2 6 1 562 1182 1454 1951 2571 2843
7371 6 2 6 1 1024 73 1803 2413 524 3192
7372 6 2 6 1 938 1513 1690 2327 2902 3079
7373 6 2 6 1 899 1205 1905 2288 2594 3294
7374 6 2 6 1 582 583 584 1971 1972 1973
7375 6 2 6 1 907 947 1891 2296 2336 3280
7376 6 2 6 1 1345 1154 1513 2734 2543 2902
7377 6 2 6 1 601 604 1882 1990 1993 3271
7378 6 2 6 1 25 26 1252 283 284 2641
7379 6 2 6 1 948 1367 1883 2337 2756 3272
7380 6 2 6 1 1205 1399 1837 2594 2788 3226
7381 6 2 6 1 61 62 1318 319 320 2707
7382 6 2 6 1 549 1271 1272 1938 2660 2661
7383 6 2 6 1 837 820 838 2226 2209 2227
7384 6 2 6 1 1572 1576 1725 2961 2965 3114
7385 6 2 6 1 1669 986 1670 3058 2375 3059
7386 6 2 6 1 752 751 753 2141 2140 2142
7387 6 2 6 1 614 1280 1762 2003 2669 3151
7388 6 2 6 1 1063 1539 1640 2452 2928 3029
7389 6 2 6 1 865 864 1809 2254 2253 3198
7390 6 2 6 1 911 910 912 2300 2299 2301
7391 6 2 6 1 1457 984 1893 2846 2373 3282
7392 6 2 6 1 1390 976 1643 2779 2365 3032
7393 6 2 6 1 1145 1224 1484 2534 2613 2873
7394 6 2 6 1 916 1130 1677 2305 2519 3066
7395 6 2 6 1 643 641 1599 2032 2030 2988
7396 6 2 6 1 46 47 531 304 305 1920
7397 6 2 6 1 549 29 1271 1938 287 2660
7398 6 2 6 1 29 30 1271 287 288 2660
7399 6 2 6 1 36 37 533 294 295 1922
7400 6 2 6 1 28 29 549 286 287 1938
7401 6 2 6 1 26 27 532 284 285 1921
7402 6 2 6 1 38 39 550 296 297 1939
7403 6 2 6 1 43 44 546 301 302 1935
7404 6 2 6 1 43 546 1275 301 1935 2664
7405 6 2 6 1 42 43 1275 300 301 2664
7406 6 2 6 1 41 42 554 299 300 1943
7407 6 2 6 1 554 42 1275 1943 300 2664
7408 6 2 6 1 32 33 552 290 291 1941
7409 6 2 6 1 33 34 1276 291 292 2665
7410 6 2 6 1 34 35 548 292 293 1937
7411 6 2 6 1 552 33 1276 1941 291 2665
7412 6 2 6 1 34 548 1276 292 1937 2665
7413 6 2 6 1 1082 1589 1595 2471 2978 2984
7414 6 2 6 1 913 912 914 2302 2301 2303
7415 6 2 6 1 1013 1028 1880 2402 2417 3269
7416 6 2 6 1 1337 552 1741 2726 1941 3130
7417 6 2 6 1 1161 846 1168 2550 2235 2557
7418 6 2 6 1 561 544 974 1950 1933 2363
7419 6 2 6 1 934 933 935 2323 2322 2324
7420 6 2 6 1 63 64 1841 321 322 3230
7421 6 2 6 1 691 723 1281 2080 2112 2670
7422 6 2 6 1 723 738 741 2112 2127 2130
7423 6 2 6 1 660 1269 1481 2049 2658 2870
7424 6 2 6 1 584 596 1227 1973 1985 2616
7425 6 2 6 1 551 1264 1731 1940 2653 3120
7426 6 2 6 1 57 58 1263 315 316 2652
7427 6 2 6 1 619 631 1649 2008 2020 3038
7428 6 2 6 1 1556 1580 1714 2945 2969 3103
7429 6 2 6 1 1330 1419 1477 2719 2808 2866
7430 6 2 6 1 655 1452 1652 2044 2841 3041
7431 6 2 6 1 676 737 1429 2065 2126 2818
7432 6 2 6 1 743 980 1858 2132 2369 3247
7433 6 2 6 1 936 935 937 2325 2324 2326
7434 6 2 6 1 916 914 917 2305 2303 2306
7435 6 2 6 1 95 94 1777 502 503 3166
7436 6 2 6 1 827 687 1326 2216 2076 2715
7437 6 2 6 1 1160 979 1214 2549 2368 2603
7438 6 2 6 1 1214 1275 1915 2603 2664 3304
7439 6 2 6 1 836 979 1160 2225 2368 2549
7440 6 2 6 1 931 930 933 2320 2319 2322
7441 6 2 6 1 892 978 1296 2281 2367 2685
7442 6 2 6 1 708 827 828 2097 2216 2217
7443 6 2 6 1 851 728 895 2240 2117 2284
7444 6 2 6 1 754 753 755 2143 2142 2144
7445 6 2 6 1 64 65 1465 322 323 2854
7446 6 2 6 1 623 646 714 2012 2035 2103
7447 6 2 6 1 702 729 733 2091 2118 2122
7448 6 2 6 1 600 605 606 1989 1994 1995
7449 6 2 6 1 979 846 1161 2368 2235 2550
7450 6 2 6 1 1764 1181 1873 3153 2570 3262
7451 6 2 6 1 1741 552 1857 3130 1941 3246
7452 6 2 6 1 1179 863 1665 2568 2252 3054
7453 6 2 6 1 620 619 621 2009 2008 2010
7454 6 2 6 1 76 75 1806 521 522 3195
7455 6 2 6 1 836 846 979 2225 2235 2368
7456 6 2 6 1 1474 161 1625 2863 436 3014
7457 6 2 6 1 577 593 703 1966 1982 2092
7458 6 2 6 1 1178 1247 1879 2567 2636 3268
7459 6 2 6 1 1542 1538 1654 2931 2927 3043
7460 6 2 6 1 974 18 1890 2363 276 3279
7461 6 2 6 1 922 917 923 2311 2306 2312
7462 6 2 6 1 735 694 835 2124 2083 2224
7463 6 2 6 1 805 1426 1511 2194 2815 2900
7464 6 2 6 1 723 741 1281 2112 2130 2670
7465 6 2 6 1 741 738 1150 2130 2127 2539
7466 6 2 6 1 14 15 1290 272 273 2679
7467 6 2 6 1 851 895 1220 2240 2284 2609
7468 6 2 6 1 836 835 846 2225 2224 2235
7469 6 2 6 1 1173 1618 1888 2562 3007 3277
7470 6 2 6 1 1283 834 1294 2672 2223 2683
7471 6 2 6 1 1036 1034 1037 2425 2423 2426
7472 6 2 6 1 729 851 852 2118 2240 2241
7473 6 2 6 1 729 728 851 2118 2117 2240
7474 6 2 6 1 1189 1187 1190 2578 2576 2579
7475 6 2 6 1 1328 1163 1838 2717 2552 3227
7476 6 2 6 1 817 1021 1142 2206 2410 2531
7477 6 2 6 1 1218 1129 1219 2607 2518 2608
7478 6 2 6 1 702 728 729 2091 2117 2118
7479 6 2 6 1 1150 738 1155 2539 2127 2544
7480 6 2 6 1 925 923 926 2314 2312 2315
7481 6 2 6 1 1518 1266 1701 2907 2655 3090
7482 6 2 6 1 1038 1037 1144 2427 2426 2533
7483 6 2 6 1 692 690 701 2081 2079 2090
7484 6 2 6 1 845 833 969 2234 2222 2358
7485 6 2 6 1 702 701 728 2091 2090 2117
7486 6 2 6 1 701 1283 1294 2090 2672 2683
7487 6 2 6 1 735 835 836 2124 2224 2225
7488 6 2 6 1 713 680 1687 2102 2069 3076
7489 6 2 6 1 723 735 738 2112 2124 2127
7490 6 2 6 1 1046 1700 1701 2435 3089 3090
7491 6 2 6 1 785 1514 1846 2174 2903 3235
7492 6 2 6 1 927 926 928 2316 2315 2317
7493 6 2 6 1 691 694 723 2080 2083 2112
7494 6 2 6 1 1195 1114 1455 2584 2503 2844
7495 6 2 6 1 997 1232 1667 2386 2621 3056
7496 6 2 6 1 938 1304 1357 2327 2693 2746
7497 6 2 6 1 691 690 692 2080 2079 2081
7498 6 2 6 1 723 694 735 2112 2083 2124
7499 6 2 6 1 1157 855 1316 2546 2244 2705
7500 6 2 6 1 654 655 656 2043 2044 2045
7501 6 2 6 1 1549 1548 1913 2938 2937 3302
7502 6 2 6 1 1071 1070 1826 2460 2459 3215
7503 6 2 6 1 692 701 702 2081 2090 2091
7504 6 2 6 1 1201 1841 1916 2590 3230 3305
7505 6 2 6 1 691 692 694 2080 2081 2083
7506 6 2 6 1 1084 1078 1085 2473 2467 2474
7507 6 2 6 1 668 1483 1703 2057 2872 3092
7508 6 2 6 1 732 1143 1688 2121 2532 3077
7509 6 2 6 1 836 1160 1282 2225 2549 2671
7510 6 2 6 1 895 728 1294 2284 2117 2683
7511 6 2 6 1 689 690 691 2078 2079 2080
7512 6 2 6 1 1334 958 1494 2723 2347 2883
7513 6 2 6 1 875 874 1813 2264 2263 3202
7514 6 2 6 1 1168 846 1303 2557 2235 2692
7515 6 2 6 1 756 755 757 2145 2144 2146
7516 6 2 6 1 46 531 1317 304 1920 2706
7517 6 2 6 1 740 727 1749 2129 2116 3138
7518 6 2 6 1 1217 1216 1866 2606 2605 3255
7519 6 2 6 1 735 836 1282 2124 2225 2671
7520 6 2 6 1 689 688 690 2078 2077 2079
7521 6 2 6 1 738 735 1282 2127 2124 2671
7522 6 2 6 1 702 733 1287 2091 2122 2676
7523 6 2 6 1 834 828 896 2223 2217 2285
7524 6 2 6 1 1227 596 1228 2616 1985 2617
7525 6 2 6 1 688 687 708 2077 2076 2097
7526 6 2 6 1 1082 1595 1871 2471 2984 3260
7527 6 2 6 1 1006 1008 1249 2395 2397 2638
7528 6 2 6 1 1155 738 1282 2544 2127 2671
7529 6 2 6 1 116 115 1609 481 482 2998
7530 6 2 6 1 1372 790 1898 2761 2179 3287
7531 6 2 6 1 1383 1217 1866 2772 2606 3255
7532 6 2 6 1 1302 978 1706 2691 2367 3095
7533 6 2 6 1 1091 1178 1192 2480 2567 2581
7534 6 2 6 1 1474 1587 1628 2863 2976 3017
7535 6 2 6 1 1603 1125 1859 2992 2514 3248
7536 6 2 6 1 1329 1017 1751 2718 2406 3140
7537 6 2 6 1 1787 1784 1791 3176 3173 3180
7538 6 2 6 1 51 52 1408 309 310 2797
7539 6 2 6 1 689 1281 1288 2078 2670 2677
7540 6 2 6 1 686 688 689 2075 2077 2078
7541 6 2 6 1 1159 995 1232 2548 2384 2621
7542 6 2 6 1 1194 1794 1797 2583 3183 3186
7543 6 2 6 1 1287 733 1303 2676 2122 2692
7544 6 2 6 1 809 962 1842 2198 2351 3231
7545 6 2 6 1 710 683 830 2099 2072 2219
7546 6 2 6 1 28 549 1335 286 1938 2724
7547 6 2 6 1 532 27 1335 1921 285 2724
7548 6 2 6 1 1565 1567 1615 2954 2956 3004
7549 6 2 6 1 540 1336 1807 1929 2725 3196
7550 6 2 6 1 1010 1012 1013 2399 2401 2402
7551 6 2 6 1 831 830 841 2220 2219 2230
7552 6 2 6 1 686 667 687 2075 2056 2076
7553 6 2 6 1 708 828 834 2097 2217 2223
7554 6 2 6 1 641 684 1599 2030 2073 2988
7555 6 2 6 1 629 675 1326 2018 2064 2715
7556 6 2 6 1 701 690 1283 2090 2079 2672
7557 6 2 6 1 900 1299 1905 2289 2688 3294
7558 6 2 6 1 692 702 1287 2081 2091 2676
7559 6 2 6 1 676 704 737 2065 2093 2126
7560 6 2 6 1 690 688 1283 2079 2077 2672
7561 6 2 6 1 30 31 1337 288 289 2726
7562 6 2 6 1 39 40 1338 297 298 2727
7563 6 2 6 1 970 969 1183 2359 2358 2572
7564 6 2 6 1 1019 1015 1020 2408 2404 2409
7565 6 2 6 1 52 541 1408 310 1930 2797
7566 6 2 6 1 835 694 1287 2224 2083 2676
7567 6 2 6 1 1019 1020 1852 2408 2409 3241
7568 6 2 6 1 1237 1236 1630 2626 2625 3019
7569 6 2 6 1 741 1150 1306 2130 2539 2695
7570 6 2 6 1 657 655 1652 2046 2044 3041
7571 6 2 6 1 1550 1549 1913 2939 2938 3302
7572 6 2 6 1 683 681 1406 2072 2070 2795
7573 6 2 6 1 694 692 1287 2083 2081 2676
7574 6 2 6 1 688 708 1283 2077 2097 2672
7575 6 2 6 1 1445 879 1632 2834 2268 3021
7576 6 2 6 1 758 757 759 2147 2146 2148
7577 6 2 6 1 628 666 707 2017 2055 2096
7578 6 2 6 1 566 570 1182 1955 1959 2571
7579 6 2 6 1 835 1287 1303 2224 2676 2692
7580 6 2 6 1 1529 1530 1531 2918 2919 2920
7581 6 2 6 1 1330 794 1419 2719 2183 2808
7582 6 2 6 1 1649 1039 1718 3038 2428 3107
7583 6 2 6 1 1064 1061 1065 2453 2450 2454
7584 6 2 6 1 1164 1675 1807 2553 3064 3196
7585 6 2 6 1 681 680 713 2070 2069 2102
7586 6 2 6 1 730 824 1174 2119 2213 2563
7587 6 2 6 1 1582 1583 1591 2971 2972 2980
7588 6 2 6 1 708 834 1283 2097 2223 2672
7589 6 2 6 1 802 749 1432 2191 2138 2821
7590 6 2 6 1 1173 1307 1618 2562 2696 3007
7591 6 2 6 1 1254 992 1847 2643 2381 3236
7592 6 2 6 1 686 687 688 2075 2076 2077
7593 6 2 6 1 919 1141 1728 2308 2530 3117
7594 6 2 6 1 1414 1412 1447 2803 2801 2836
7595 6 2 6 1 1563 1562 1564 2952 2951 2953
7596 6 2 6 1 830 1406 1622 2219 2795 3011
7597 6 2 6 1 834 896 1315 2223 2285 2704
7598 6 2 6 1 573 574 1873 1962 1963 3262
7599 6 2 6 1 667 629 1326 2056 2018 2715
7600 6 2 6 1 1035 1263 1264 2424 2652 2653
7601 6 2 6 1 1145 1199 1200 2534 2588 2589
7602 6 2 6 1 1186 1185 1187 2575 2574 2576
7603 6 2 6 1 760 759 761 2149 2148 2150
7604 6 2 6 1 1004 1005 1006 2393 2394 2395
7605 6 2 6 1 744 1233 1432 2133 2622 2821
7606 6 2 6 1 900 1192 1299 2289 2581 2688
7607 6 2 6 1 1294 834 1315 2683 2223 2704
7608 6 2 6 1 1177 1175 1780 2566 2564 3169
7609 6 2 6 1 588 586 1309 1977 1975 2698
7610 6 2 6 1 1105 1061 1851 2494 2450 3240
7611 6 2 6 1 1402 1256 1712 2791 2645 3101
7612 6 2 6 1 762 761 763 2151 2150 2152
7613 6 2 6 1 1096 1095 1097 2485 2484 2486
7614 6 2 6 1 728 701 1294 2117 2090 2683
7615 6 2 6 1 1473 1518 1519 2862 2907 2908
7616 6 2 6 1 686 689 1288 2075 2078 2677
7617 6 2 6 1 1107 1593 1708 2496 2982 3097
7618 6 2 6 1 1219 714 1719 2608 2103 3108
7619 6 2 6 1 567 565 700 1956 1954 2089
7620 6 2 6 1 533 37 1424 1922 295 2813
7621 6 2 6 1 38 550 1424 296 1939 2813
7622 6 2 6 1 764 763 765 2153 2152 2154
7623 6 2 6 1 1586 672 1716 2975 2061 3105
7624 6 2 6 1 606 610 611 1995 1999 2000
7625 6 2 6 1 1169 1168 1391 2558 2557 2780
7626 6 2 6 1 604 1226 1882 1993 2615 3271
7627 6 2 6 1 1780 1781 1782 3169 3170 3171
7628 6 2 6 1 685 686 1288 2074 2075 2677
7629 6 2 6 1 1332 1115 1333 2721 2504 2722
7630 6 2 6 1 1086 1085 1087 2475 2474 2476
7631 6 2 6 1 1206 857 1419 2595 2246 2808
7632 6 2 6 1 1735 651 1828 3124 2040 3217
7633 6 2 6 1 1190 1187 1325 2579 2576 2714
7634 6 2 6 1 846 835 1303 2235 2224 2692
7635 6 2 6 1 1188 1187 1189 2577 2576 2578
7636 6 2 6 1 766 765 767 2155 2154 2156
7637 6 2 6 1 1091 1191 1666 2480 2580 3055
7638 6 2 6 1 1372 1001 1373 2761 2390 2762
7639 6 2 6 1 541 1198 1833 1930 2587 3222
7640 6 2 6 1 1775 1089 1790 3164 2478 3179
7641 6 2 6 1 1186 1187 1188 2575 2576 2577
7642 6 2 6 1 611 612 613 2000 2001 2002
7643 6 2 6 1 947 1243 1244 2336 2632 2633
7644 6 2 6 1 983 1448 1712 2372 2837 3101
7645 6 2 6 1 1188 1189 1289 2577 2578 2678
7646 6 2 6 1 703 593 1493 2092 1982 2882
7647 6 2 6 1 45 46 1317 303 304 2706
7648 6 2 6 1 1367 948 1479 2756 2337 2868
7649 6 2 6 1 1589 1082 1594 2978 2471 2983
7650 6 2 6 1 992 724 1246 2381 2113 2635
7651 6 2 6 1 808 798 1310 2197 2187 2699
7652 6 2 6 1 533 1169 1648 1922 2558 3037
7653 6 2 6 1 1591 1544 1654 2980 2933 3043
7654 6 2 6 1 126 957 1590 471 2346 2979
7655 6 2 6 1 845 969 970 2234 2358 2359
7656 6 2 6 1 1442 784 1629 2831 2173 3018
7657 6 2 6 1 629 626 675 2018 2015 2064
7658 6 2 6 1 768 767 769 2157 2156 2158
7659 6 2 6 1 817 810 1021 2206 2199 2410
7660 6 2 6 1 1537 1538 1542 2926 2927 2931
7661 6 2 6 1 685 667 686 2074 2056 2075
7662 6 2 6 1 1200 1201 1202 2589 2590 2591
7663 6 2 6 1 1597 1076 1680 2986 2465 3069
7664 6 2 6 1 48 49 1468 306 307 2857
7665 6 2 6 1 65 537 1465 323 1926 2854
7666 6 2 6 1 895 1294 1315 2284 2683 2704
7667 6 2 6 1 1151 1240 1241 2540 2629 2630
7668 6 2 6 1 725 826 848 2114 2215 2237
7669 6 2 6 1 1072 1071 1073 2461 2460 2462
7670 6 2 6 1 705 706 1466 2094 2095 2855
7671 6 2 6 1 1322 1003 1324 2711 2392 2713
7672 6 2 6 1 551 61 1318 1940 319 2707
7673 6 2 6 1 1531 1530 1534 2920 2919 2923
7674 6 2 6 1 970 1183 1184 2359 2572 2573
7675 6 2 6 1 1117 1118 1833 2506 2507 3222
7676 6 2 6 1 770 769 771 2159 2158 2160
7677 6 2 6 1 1208 1137 1686 2597 2526 3075
7678 6 2 6 1 646 1293 1718 2035 2682 3107
7679 6 2 6 1 1589 1573 1595 2978 2962 2984
7680 6 2 6 1 1768 1769 1770 3157 3158 3159
7681 6 2 6 1 1189 1190 1306 2578 2579 2695
7682 6 2 6 1 584 585 596 1973 1974 1985
7683 6 2 6 1 734 1031 1032 2123 2420 2421
7684 6 2 6 1 779 781 1634 2168 2170 3023
7685 6 2 6 1 1220 895 1485 2609 2284 2874
7686 6 2 6 1 744 1039 1233 2133 2428 2622
7687 6 2 6 1 1672 800 1726 3061 2189 3115
7688 6 2 6 1 962 976 1316 2351 2365 2705
7689 6 2 6 1 860 1133 1691 2249 2522 3080
7690 6 2 6 1 666 667 685 2055 2056 2074
7691 6 2 6 1 682 709 711 2071 2098 2100
7692 6 2 6 1 1285 1117 1739 2674 2506 3128
7693 6 2 6 1 892 1196 1638 2281 2585 3027
7694 6 2 6 1 963 806 1859 2352 2195 3248
7695 6 2 6 1 27 28 1335 285 286 2724
7696 6 2 6 1 1001 999 1002 2390 2388 2391
7697 6 2 6 1 852 1274 1453 2241 2663 2842
7698 6 2 6 1 569 567 1245 1958 1956 2634
7699 6 2 6 1 724 697 1246 2113 2086 2635
7700 6 2 6 1 908 905 1471 2297 2294 2860
7701 6 2 6 1 1271 30 1337 2660 288 2726
7702 6 2 6 1 550 39 1338 1939 297 2727
7703 6 2 6 1 959 960 1151 2348 2349 2540
7704 6 2 6 1 682 711 1658 2071 2100 3047
7705 6 2 6 1 1237 1362 1646 2626 2751 3035
7706 6 2 6 1 1255 713 1687 2644 2102 3076
7707 6 2 6 1 1246 1245 1847 2635 2634 3236
7708 6 2 6 1 1239 1209 1713 2628 2598 3102
7709 6 2 6 1 1159 1322 1323 2548 2711 2712
7710 6 2 6 1 973 906 1891 2362 2295 3280
7711 6 2 6 1 904 915 1140 2293 2304 2529
7712 6 2 6 1 666 629 667 2055 2018 2056
7713 6 2 6 1 1569 1103 1596 2958 2492 2985
7714 6 2 6 1 5 1503 1504 11 2892 2893
7715 6 2 6 1 594 625 644 1983 2014 2033
7716 6 2 6 1 595 588 670 1984 1977 2059
7717 6 2 6 1 1236 1238 1630 2625 2627 3019
7718 6 2 6 1 546 1497 1820 1935 2886 3209
7719 6 2 6 1 649 1623 1755 2038 3012 3144
7720 6 2 6 1 729 852 1453 2118 2241 2842
7721 6 2 6 1 546 44 1497 1935 302 2886
7722 6 2 6 1 920 1121 1122 2309 2510 2511
7723 6 2 6 1 830 683 1406 2219 2072 2795
7724 6 2 6 1 848 849 959 2237 2238 2348
7725 6 2 6 1 1366 1367 1479 2755 2756 2868
7726 6 2 6 1 889 888 890 2278 2277 2279
7727 6 2 6 1 1199 534 1841 2588 1923 3230
7728 6 2 6 1 903 1140 1310 2292 2529 2699
7729 6 2 6 1 687 667 1326 2076 2056 2715
7730 6 2 6 1 838 847 1600 2227 2236 2989
7731 6 2 6 1 781 782 783 2170 2171 2172
7732 6 2 6 1 808 1603 1859 2197 2992 3248
7733 6 2 6 1 534 63 1841 1923 321 3230
7734 6 2 6 1 987 988 1606 2376 2377 2995
7735 6 2 6 1 642 641 643 2031 2030 2032
7736 6 2 6 1 1203 1440 1703 2592 2829 3092
7737 6 2 6 1 587 594 1313 1976 1983 2702
7738 6 2 6 1 613 617 618 2002 2006 2007
7739 6 2 6 1 19 1696 1890 277 3085 3279
7740 6 2 6 1 864 1356 1809 2253 2745 3198
7741 6 2 6 1 1187 1185 1325 2576 2574 2714
7742 6 2 6 1 825 724 992 2214 2113 2381
7743 6 2 6 1 638 639 640 2027 2028 2029
7744 6 2 6 1 1462 536 1897 2851 1925 3286
7745 6 2 6 1 670 588 1309 2059 1977 2698
7746 6 2 6 1 772 771 773 2161 2160 2162
7747 6 2 6 1 1446 818 1752 2835 2207 3141
7748 6 2 6 1 842 952 1311 2231 2341 2700
7749 6 2 6 1 737 1261 1429 2126 2650 2818
7750 6 2 6 1 1145 1144 1199 2534 2533 2588
7751 6 2 6 1 1159 1323 1726 2548 2712 3115
7752 6 2 6 1 1626 1624 1743 3015 3013 3132
7753 6 2 6 1 1273 1272 1741 2662 2661 3130
7754 6 2 6 1 1779 1175 1839 3168 2564 3228
7755 6 2 6 1 1450 785 1846 2839 2174 3235
7756 6 2 6 1 628 629 666 2017 2018 2055
7757 6 2 6 1 1579 1772 1773 2968 3161 3162
7758 6 2 6 1 844 833 845 2233 2222 2234
7759 6 2 6 1 582 581 583 1971 1970 1972
7760 6 2 6 1 628 707 1376 2017 2096 2765
7761 6 2 6 1 970 1239 1713 2359 2628 3102
7762 6 2 6 1 1151 960 1240 2540 2349 2629
7763 6 2 6 1 1100 1472 1473 2489 2861 2862
7764 6 2 6 1 1243 948 1883 2632 2337 3272
7765 6 2 6 1 614 1354 1676 2003 2743 3065
7766 6 2 6 1 1168 1303 1391 2557 2692 2780
7767 6 2 6 1 839 838 840 2228 2227 2229
7768 6 2 6 1 1416 1814 1887 2805 3203 3276
7769 6 2 6 1 901 731 1131 2290 2120 2520
7770 6 2 6 1 1102 1178 1693 2491 2567 3082
7771 6 2 6 1 1444 1222 1464 2833 2611 2853
7772 6 2 6 1 107 672 1598 490 2061 2987
7773 6 2 6 1 1252 532 1499 2641 1921 2888
7774 6 2 6 1 1160 1214 1915 2549 2603 3304
7775 6 2 6 1 710 830 831 2099 2219 2220
7776 6 2 6 1 1311 1312 1334 2700 2701 2723
7777 6 2 6 1 1253 992 1254 2642 2381 2643
7778 6 2 6 1 1569 1566 1570 2958 2955 2959
7779 6 2 6 1 746 799 980 2135 2188 2369
7780 6 2 6 1 975 1142 1446 2364 2531 2835
7781 6 2 6 1 1660 720 1858 3049 2109 3247
7782 6 2 6 1 1379 1149 1835 2768 2538 3224
7783 6 2 6 1 1242 1174 1430 2631 2563 2819
7784 6 2 6 1 1768 1770 1771 3157 3159 3160
7785 6 2 6 1 1313 644 1314 2702 2033 2703
7786 6 2 6 1 779 778 780 2168 2167 2169
7787 6 2 6 1 777 775 778 2166 2164 2167
7788 6 2 6 1 774 773 775 2163 2162 2164
7789 6 2 6 1 36 533 1648 294 1922 3037
7790 6 2 6 1 548 35 1648 1937 293 3037
7791 6 2 6 1 885 884 886 2274 2273 2275
7792 6 2 6 1 714 715 1719 2103 2104 3108
7793 6 2 6 1 711 736 1116 2100 2125 2505
7794 6 2 6 1 1356 1333 1809 2745 2722 3198
7795 6 2 6 1 959 849 960 2348 2238 2349
7796 6 2 6 1 1304 1147 1651 2693 2536 3040
7797 6 2 6 1 745 744 1432 2134 2133 2821
7798 6 2 6 1 1514 1373 1846 2903 2762 3235
7799 6 2 6 1 628 626 629 2017 2015 2018
7800 6 2 6 1 807 814 815 2196 2203 2204
7801 6 2 6 1 959 1151 1827 2348 2540 3216
7802 6 2 6 1 1440 1439 1703 2829 2828 3092
7803 6 2 6 1 632 663 842 2021 2052 2231
7804 6 2 6 1 1650 1225 1699 3039 2614 3088
7805 6 2 6 1 1605 1098 1606 2994 2487 2995
7806 6 2 6 1 1251 946 1492 2640 2335 2881
7807 6 2 6 1 622 621 623 2011 2010 2012
7808 6 2 6 1 4 60 1731 10 318 3120
7809 6 2 6 1 1 13 1732 7 271 3121
7810 6 2 6 1 68 1 1732 326 7 3121
7811 6 2 6 1 59 4 1731 317 10 3120
7812 6 2 6 1 1474 1628 1662 2863 3017 3051
7813 6 2 6 1 1549 1551 1831 2938 2940 3220
7814 6 2 6 1 1299 1192 1879 2688 2581 3268
7815 6 2 6 1 1079 1592 1594 2468 2981 2983
7816 6 2 6 1 1410 1411 1417 2799 2800 2806
7817 6 2 6 1 867 869 1305 2256 2258 2694
7818 6 2 6 1 1109 1042 1878 2498 2431 3267
7819 6 2 6 1 594 644 1313 1983 2033 2702
7820 6 2 6 1 1216 1157 1300 2605 2546 2689
7821 6 2 6 1 842 843 952 2231 2232 2341
7822 6 2 6 1 725 848 1301 2114 2237 2690
7823 6 2 6 1 539 1344 1345 1928 2733 2734
7824 6 2 6 1 1203 1204 1756 2592 2593 3145
7825 6 2 6 1 1288 1281 1761 2677 2670 3150
7826 6 2 6 1 1032 1033 1034 2421 2422 2423
7827 6 2 6 1 1629 1249 1811 3018 2638 3200
7828 6 2 6 1 698 725 1301 2087 2114 2690
7829 6 2 6 1 625 626 628 2014 2015 2017
7830 6 2 6 1 2 32 1745 8 290 3134
7831 6 2 6 1 40 3 1746 298 9 3135
7832 6 2 6 1 3 41 1746 9 299 3135
7833 6 2 6 1 31 2 1745 289 8 3134
7834 6 2 6 1 1180 589 1181 2569 1978 2570
7835 6 2 6 1 656 657 661 2045 2046 2050
7836 6 2 6 1 1272 1271 1741 2661 2660 3130
7837 6 2 6 1 1468 529 1711 2857 1918 3100
7838 6 2 6 1 951 1342 1674 2340 2731 3063
7839 6 2 6 1 1284 740 1285 2673 2129 2674
7840 6 2 6 1 936 937 1854 2325 2326 3243
7841 6 2 6 1 876 875 877 2265 2264 2266
7842 6 2 6 1 1594 1082 1635 2983 2471 3024
7843 6 2 6 1 677 645 1418 2066 2034 2807
7844 6 2 6 1 1303 733 1391 2692 2122 2780
7845 6 2 6 1 1286 740 1749 2675 2129 3138
7846 6 2 6 1 693 1170 1452 2082 2559 2841
7847 6 2 6 1 848 826 849 2237 2215 2238
7848 6 2 6 1 37 38 1424 295 296 2813
7849 6 2 6 1 844 845 961 2233 2234 2350
7850 6 2 6 1 640 641 642 2029 2030 2031
7851 6 2 6 1 956 1247 1517 2345 2636 2906
7852 6 2 6 1 949 1113 1196 2338 2502 2585
7853 6 2 6 1 1174 824 1384 2563 2213 2773
7854 6 2 6 1 1131 1466 1729 2520 2855 3118
7855 6 2 6 1 1276 548 1892 2665 1937 3281
7856 6 2 6 1 662 664 665 2051 2053 2054
7857 6 2 6 1 45 1317 1497 303 2706 2886
7858 6 2 6 1 551 1318 1319 1940 2707 2708
7859 6 2 6 1 832 831 833 2221 2220 2222
7860 6 2 6 1 669 1227 1821 2058 2616 3210
7861 6 2 6 1 874 1215 1813 2263 2604 3202
7862 6 2 6 1 1038 1145 1484 2427 2534 2873
7863 6 2 6 1 1440 1203 1756 2829 2592 3145
7864 6 2 6 1 1166 1026 1766 2555 2415 3155
7865 6 2 6 1 1111 1268 1825 2500 2657 3214
7866 6 2 6 1 625 595 626 2014 1984 2015
7867 6 2 6 1 584 583 585 1973 1972 1974
7868 6 2 6 1 711 709 736 2100 2098 2125
7869 6 2 6 1 866 865 867 2255 2254 2256
7870 6 2 6 1 979 1161 1750 2368 2550 3139
7871 6 2 6 1 1117 736 1118 2506 2125 2507
7872 6 2 6 1 1443 1442 1629 2832 2831 3018
7873 6 2 6 1 604 597 1180 1993 1986 2569
7874 6 2 6 1 1520 1521 1522 2909 2910 2911
7875 6 2 6 1 818 1434 1752 2207 2823 3141
7876 6 2 6 1 832 833 844 2221 2222 2233
7877 6 2 6 1 739 727 740 2128 2116 2129
7878 6 2 6 1 567 700 1245 1956 2089 2634
7879 6 2 6 1 1222 1022 1738 2611 2411 3127
7880 6 2 6 1 857 859 1419 2246 2248 2808
7881 6 2 6 1 1473 1520 1765 2862 2909 3154
7882 6 2 6 1 622 632 1507 2011 2021 2896
7883 6 2 6 1 1006 1007 1008 2395 2396 2397
7884 6 2 6 1 244 243 1348 353 354 2737
7885 6 2 6 1 1516 601 1882 2905 1990 3271
7886 6 2 6 1 731 705 1466 2120 2094 2855
7887 6 2 6 1 1020 1022 1852 2409 2411 3241
7888 6 2 6 1 242 241 1336 355 356 2725
7889 6 2 6 1 1794 1792 1796 3183 3181 3185
7890 6 2 6 1 1008 1010 1811 2397 2399 3200
7891 6 2 6 1 1004 1002 1005 2393 2391 2394
7892 6 2 6 1 49 529 1468 307 1918 2857
7893 6 2 6 1 243 242 540 354 355 1929
7894 6 2 6 1 97 96 543 500 501 1932
7895 6 2 6 1 1291 553 1732 2680 1942 3121
7896 6 2 6 1 1138 1208 1682 2527 2597 3071
7897 6 2 6 1 1571 1573 1574 2960 2962 2963
7898 6 2 6 1 1151 1308 1827 2540 2697 3216
7899 6 2 6 1 1366 951 1674 2755 2340 3063
7900 6 2 6 1 252 251 1350 345 346 2739
7901 6 2 6 1 250 249 1339 347 348 2728
7902 6 2 6 1 1092 1542 1543 2481 2931 2932
7903 6 2 6 1 180 179 560 417 418 1949
7904 6 2 6 1 1605 988 1901 2994 2377 3290
7905 6 2 6 1 1349 1328 1838 2738 2717 3227
7906 6 2 6 1 118 117 542 479 480 1931
7907 6 2 6 1 222 221 539 375 376 1928
7908 6 2 6 1 1030 1720 1724 2419 3109 3113
7909 6 2 6 1 246 245 1346 351 352 2735
7910 6 2 6 1 1298 945 1835 2687 2334 3224
7911 6 2 6 1 1553 1077 1831 2942 2466 3220
7912 6 2 6 1 1528 1526 1760 2917 2915 3149
7913 6 2 6 1 956 1299 1879 2345 2688 3268
7914 6 2 6 1 248 247 1351 349 350 2740
7915 6 2 6 1 251 250 598 346 347 1987
7916 6 2 6 1 565 561 1292 1954 1950 2681
7917 6 2 6 1 268 267 602 329 330 1991
7918 6 2 6 1 710 831 832 2099 2220 2221
7919 6 2 6 1 221 220 1343 376 377 2732
7920 6 2 6 1 1301 848 1431 2690 2237 2820
7921 6 2 6 1 1122 1124 1509 2511 2513 2898
7922 6 2 6 1 254 253 1355 343 344 2744
7923 6 2 6 1 232 231 590 365 366 1979
7924 6 2 6 1 594 595 625 1983 1984 2014
7925 6 2 6 1 264 263 603 333 334 1992
7926 6 2 6 1 1088 91 1830 2477 506 3219
7927 6 2 6 1 1618 1018 1673 3007 2407 3062
7928 6 2 6 1 1101 1577 1875 2490 2966 3264
7929 6 2 6 1 1056 1059 1060 2445 2448 2449
7930 6 2 6 1 237 236 592 360 361 1981
7931 6 2 6 1 231 230 1353 366 367 2742
7932 6 2 6 1 1391 733 1453 2780 2122 2842
7933 6 2 6 1 197 196 563 400 401 1952
7934 6 2 6 1 1690 1154 1854 3079 2543 3243
7935 6 2 6 1 236 235 1359 361 362 2748
7936 6 2 6 1 822 1668 1906 2211 3057 3295
7937 6 2 6 1 1044 1104 1210 2433 2493 2599
7938 6 2 6 1 618 619 620 2007 2008 2009
7939 6 2 6 1 937 940 941 2326 2329 2330
7940 6 2 6 1 1527 1526 1528 2916 2915 2917
7941 6 2 6 1 235 234 1371 362 363 2760
7942 6 2 6 1 647 643 648 2036 2032 2037
7943 6 2 6 1 905 801 1471 2294 2190 2860
7944 6 2 6 1 227 226 591 370 371 1980
7945 6 2 6 1 208 207 1381 389 390 2770
7946 6 2 6 1 226 225 1357 371 372 2746
7947 6 2 6 1 238 237 1361 359 360 2750
7948 6 2 6 1 239 238 1385 358 359 2774
7949 6 2 6 1 253 252 789 344 345 2178
7950 6 2 6 1 241 240 1375 356 357 2764
7951 6 2 6 1 247 246 599 350 351 1988
7952 6 2 6 1 229 228 1379 368 369 2768
7953 6 2 6 1 207 206 564 390 391 1953
7954 6 2 6 1 1050 1051 1055 2439 2440 2444
7955 6 2 6 1 216 215 1363 381 382 2752
7956 6 2 6 1 245 244 882 352 353 2271
7957 6 2 6 1 213 212 1354 384 385 2743
7958 6 2 6 1 256 255 1386 341 342 2775
7959 6 2 6 1 234 233 893 363 364 2282
7960 6 2 6 1 212 211 1374 385 386 2763
7961 6 2 6 1 958 1334 1744 2347 2723 3133
7962 6 2 6 1 219 218 1378 378 379 2767
7963 6 2 6 1 1297 1302 1872 2686 2691 3261
7964 6 2 6 1 228 227 1358 369 370 2747
7965 6 2 6 1 1765 1051 1853 3154 2440 3242
7966 6 2 6 1 722 986 987 2111 2375 2376
7967 6 2 6 1 240 239 878 357 358 2267
7968 6 2 6 1 206 205 1341 391 392 2730
7969 6 2 6 1 255 254 776 342 343 2165
7970 6 2 6 1 249 248 872 348 349 2261
7971 6 2 6 1 571 577 1699 1960 1966 3088
7972 6 2 6 1 214 213 614 383 384 2003
7973 6 2 6 1 258 257 1380 339 340 2769
7974 6 2 6 1 968 984 1457 2357 2373 2846
7975 6 2 6 1 1543 1547 1561 2932 2936 2950
7976 6 2 6 1 259 258 558 338 339 1947
7977 6 2 6 1 210 209 1364 387 388 2753
7978 6 2 6 1 217 216 616 380 381 2005
7979 6 2 6 1 230 229 945 367 368 2334
7980 6 2 6 1 644 625 1376 2033 2014 2765
7981 6 2 6 1 1356 864 1691 2745 2253 3080
7982 6 2 6 1 553 1291 1459 1942 2680 2848
7983 6 2 6 1 225 224 938 372 373 2327
7984 6 2 6 1 1535 1534 1640 2924 2923 3029
7985 6 2 6 1 954 908 1471 2343 2297 2860
7986 6 2 6 1 1194 1193 1818 2583 2582 3207
7987 6 2 6 1 840 1600 1878 2229 2989 3267
7988 6 2 6 1 709 683 710 2098 2072 2099
7989 6 2 6 1 220 219 932 377 378 2321
7990 6 2 6 1 1720 1030 1721 3109 2419 3110
7991 6 2 6 1 849 826 850 2238 2215 2239
7992 6 2 6 1 1093 1568 1569 2482 2957 2958
7993 6 2 6 1 257 256 862 340 341 2251
7994 6 2 6 1 211 210 615 386 387 2004
7995 6 2 6 1 263 262 1383 334 335 2772
7996 6 2 6 1 594 588 595 1983 1977 1984
7997 6 2 6 1 1553 1554 1870 2942 2943 3259
7998 6 2 6 1 260 259 1388 337 338 2777
7999 6 2 6 1 1547 1548 1549 2936 2937 2938
8000 6 2 6 1 896 828 1742 2285 2217 3131
8001 6 2 6 1 205 204 1365 392 393 2754
8002 6 2 6 1 587 588 594 1976 1977 1983
8003 6 2 6 1 1473 1519 1520 2862 2908 2909
8004 6 2 6 1 1013 1014 1015 2402 2403 2404
8005 6 2 6 1 1140 915 1327 2529 2304 2716
8006 6 2 6 1 682 683 709 2071 2072 2098
8007 6 2 6 1 1233 631 1642 2622 2020 3031
8008 6 2 6 1 1116 736 1117 2505 2125 2506
8009 6 2 6 1 815 816 819 2204 2205 2208
8010 6 2 6 1 261 260 1403 336 337 2792
8011 6 2 6 1 848 959 1431 2237 2348 2820
8012 6 2 6 1 819 820 837 2208 2209 2226
8013 6 2 6 1 1144 1037 1146 2533 2426 2535
8014 6 2 6 1 1304 938 1690 2693 2327 3079
8015 6 2 6 1 209 208 918 388 389 2307
8016 6 2 6 1 179 178 1410 418 419 2799
8017 6 2 6 1 1185 707 1709 2574 2096 3098
8018 6 2 6 1 1547 1106 1561 2936 2495 2950
8019 6 2 6 1 196 195 1370 401 402 2759
8020 6 2 6 1 661 657 662 2050 2046 2051
8021 6 2 6 1 1311 952 1312 2700 2341 2701
8022 6 2 6 1 1336 1238 1807 2725 2627 3196
8023 6 2 6 1 262 261 873 335 336 2262
8024 6 2 6 1 1154 936 1854 2543 2325 3243
8025 6 2 6 1 733 729 1453 2122 2118 2842
8026 6 2 6 1 928 929 930 2317 2318 2319
8027 6 2 6 1 699 1299 1889 2088 2688 3278
8028 6 2 6 1 585 586 587 1974 1975 1976
8029 6 2 6 1 1305 792 1710 2694 2181 3099
8030 6 2 6 1 1006 1249 1450 2395 2638 2839
8031 6 2 6 1 201 200 1400 396 397 2789
8032 6 2 6 1 1624 649 1902 3013 2038 3291
8033 6 2 6 1 587 586 588 1976 1975 1977
8034 6 2 6 1 181 180 1352 416 417 2741
8035 6 2 6 1 1483 1224 1703 2872 2613 3092
8036 6 2 6 1 600 606 1493 1989 1995 2882
8037 6 2 6 1 1574 1575 1577 2963 2964 2966
8038 6 2 6 1 625 628 1376 2014 2017 2765
8039 6 2 6 1 265 264 1420 332 333 2809
8040 6 2 6 1 725 825 826 2114 2214 2215
8041 6 2 6 1 203 202 1398 394 395 2787
8042 6 2 6 1 267 266 1389 330 331 2778
8043 6 2 6 1 1106 1547 1549 2495 2936 2938
8044 6 2 6 1 1200 1199 1201 2589 2588 2590
8045 6 2 6 1 198 197 1328 399 400 2717
8046 6 2 6 1 185 184 609 412 413 1998
8047 6 2 6 1 1194 1797 1800 2583 3186 3189
8048 6 2 6 1 1733 1231 1742 3122 2620 3131
8049 6 2 6 1 1034 1033 1035 2423 2422 2424
8050 6 2 6 1 705 677 706 2094 2066 2095
8051 6 2 6 1 1539 1735 1828 2928 3124 3217
8052 6 2 6 1 189 188 607 408 409 1996
8053 6 2 6 1 1032 1031 1033 2421 2420 2422
8054 6 2 6 1 1231 547 1508 2620 1936 2897
8055 6 2 6 1 995 630 1667 2384 2019 3056
8056 6 2 6 1 620 621 622 2009 2010 2011
8057 6 2 6 1 1558 1557 1562 2947 2946 2951
8058 6 2 6 1 1022 1631 1738 2411 3020 3127
8059 6 2 6 1 1076 1597 1725 2465 2986 3114
8060 6 2 6 1 993 996 1740 2382 2385 3129
8061 6 2 6 1 825 992 1253 2214 2381 2642
8062 6 2 6 1 1323 1672 1726 2712 3061 3115
8063 6 2 6 1 199 198 1349 398 399 2738
8064 6 2 6 1 182 181 1402 415 416 2791
8065 6 2 6 1 204 203 788 393 394 2177
8066 6 2 6 1 1197 975 1752 2586 2364 3141
8067 6 2 6 1 1543 1546 1547 2932 2935 2936
8068 6 2 6 1 1094 1577 1840 2483 2966 3229
8069 6 2 6 1 1549 1550 1551 2938 2939 2940
8070 6 2 6 1 665 671 673 2054 2060 2062
8071 6 2 6 1 184 183 1404 413 414 2793
8072 6 2 6 1 734 739 1031 2123 2128 2420
8073 6 2 6 1 190 189 1368 407 408 2757
8074 6 2 6 1 632 842 1507 2021 2231 2896
8075 6 2 6 1 186 185 1394 411 412 2783
8076 6 2 6 1 200 199 787 397 398 2176
8077 6 2 6 1 188 187 1401 409 410 2790
8078 6 2 6 1 195 194 921 402 403 2310
8079 6 2 6 1 574 575 576 1963 1964 1965
8080 6 2 6 1 193 192 608 404 405 1997
8081 6 2 6 1 1165 1644 1675 2554 3033 3064
8082 6 2 6 1 1406 713 1487 2795 2102 2876
8083 6 2 6 1 1268 1104 1825 2657 2493 3214
8084 6 2 6 1 194 193 1377 403 404 2766
8085 6 2 6 1 1797 1799 1800 3186 3188 3189
8086 6 2 6 1 1781 1776 1790 3170 3165 3179
8087 6 2 6 1 682 681 683 2071 2070 2072
8088 6 2 6 1 269 268 1397 328 329 2786
8089 6 2 6 1 633 624 634 2022 2013 2023
8090 6 2 6 1 191 190 1123 406 407 2512
8091 6 2 6 1 192 191 1392 405 406 2781
8092 6 2 6 1 99 98 1769 498 499 3158
8093 6 2 6 1 1227 1153 1821 2616 2542 3210
8094 6 2 6 1 178 177 985 419 420 2374
8095 6 2 6 1 824 901 902 2213 2290 2291
8096 6 2 6 1 183 182 965 414 415 2354
8097 6 2 6 1 1393 1120 1704 2782 2509 3093
8098 6 2 6 1 576 578 579 1965 1967 1968
8099 6 2 6 1 1176 1097 1868 2565 2486 3257
8100 6 2 6 1 187 186 967 410 411 2356
8101 6 2 6 1 1316 976 1763 2705 2365 3152
8102 6 2 6 1 1310 1140 1753 2699 2529 3142
8103 6 2 6 1 1282 1160 1820 2671 2549 3209
8104 6 2 6 1 266 265 977 331 332 2366
8105 6 2 6 1 873 1403 1665 2262 2792 3054
8106 6 2 6 1 1434 1197 1752 2823 2586 3141
8107 6 2 6 1 1551 1552 1553 2940 2941 2942
8108 6 2 6 1 202 201 748 395 396 2137
8109 6 2 6 1 1051 1765 1917 2440 3154 3306
8110 6 2 6 1 1251 795 1619 2640 2184 3008
8111 6 2 6 1 951 1366 1479 2340 2755 2868
8112 6 2 6 1 1295 684 1510 2684 2073 2899
8113 6 2 6 1 585 583 586 1974 1972 1975
8114 6 2 6 1 1247 956 1879 2636 2345 3268
8115 6 2 6 1 1497 1155 1820 2886 2544 3209
8116 6 2 6 1 1244 1243 1824 2633 2632 3213
8117 6 2 6 1 1593 1107 1695 2982 2496 3084
8118 6 2 6 1 1796 1792 1801 3185 3181 3190
8119 6 2 6 1 947 1244 1480 2336 2633 2869
8120 6 2 6 1 1008 1009 1010 2397 2398 2399
8121 6 2 6 1 1592 1614 1767 2981 3003 3156
8122 6 2 6 1 176 175 717 421 422 2106
8123 6 2 6 1 1382 1677 1698 2771 3066 3087
8124 6 2 6 1 177 176 1421 420 421 2810
8125 6 2 6 1 980 799 1659 2369 2188 3048
8126 6 2 6 1 1245 700 1847 2634 2089 3236
8127 6 2 6 1 673 678 679 2062 2067 2068
8128 6 2 6 1 744 742 1039 2133 2131 2428
8129 6 2 6 1 1043 1042 1044 2432 2431 2433
8130 6 2 6 1 1526 1525 1759 2915 2914 3148
8131 6 2 6 1 579 580 581 1968 1969 1970
8132 6 2 6 1 1011 1017 1673 2400 2406 3062
8133 6 2 6 1 808 1310 1753 2197 2699 3142
8134 6 2 6 1 954 1456 1488 2343 2845 2877
8135 6 2 6 1 739 740 1284 2128 2129 2673
8136 6 2 6 1 886 888 889 2275 2277 2278
8137 6 2 6 1 647 648 674 2036 2037 2063
8138 6 2 6 1 726 727 734 2115 2116 2123
8139 6 2 6 1 642 643 647 2031 2032 2036
8140 6 2 6 1 580 578 697 1969 1967 2086
8141 6 2 6 1 574 572 575 1963 1961 1964
8142 6 2 6 1 915 920 1327 2304 2309 2716
8143 6 2 6 1 270 269 1434 327 328 2823
8144 6 2 6 1 635 634 636 2024 2023 2025
8145 6 2 6 1 1197 1397 1643 2586 2786 3032
8146 6 2 6 1 1574 1094 1633 2963 2483 3022
8147 6 2 6 1 1306 1190 1761 2695 2579 3150
8148 6 2 6 1 1130 1636 1698 2519 3025 3087
8149 6 2 6 1 593 600 1493 1982 1989 2882
8150 6 2 6 1 175 174 1423 422 423 2812
8151 6 2 6 1 679 680 681 2068 2069 2070
8152 6 2 6 1 637 636 638 2026 2025 2027
8153 6 2 6 1 1780 1776 1781 3169 3165 3170
8154 6 2 6 1 698 1301 1900 2087 2690 3289
8155 6 2 6 1 781 780 782 2170 2169 2171
8156 6 2 6 1 1786 88 1816 3175 509 3205
8157 6 2 6 1 706 677 1418 2095 2066 2807
8158 6 2 6 1 170 6 821 427 12 2210
8159 6 2 6 1 1472 1266 1518 2861 2655 2907
8160 6 2 6 1 1191 1091 1192 2580 2480 2581
8161 6 2 6 1 1166 1097 1193 2555 2486 2582
8162 6 2 6 1 881 884 885 2270 2273 2274
8163 6 2 6 1 824 731 901 2213 2120 2290
8164 6 2 6 1 576 575 578 1965 1964 1967
8165 6 2 6 1 1131 731 1466 2520 2120 2855
8166 6 2 6 1 1344 1154 1345 2733 2543 2734
8167 6 2 6 1 734 727 739 2123 2116 2128
8168 6 2 6 1 661 696 726 2050 2085 2115
8169 6 2 6 1 1673 1329 1764 3062 2718 3153
8170 6 2 6 1 1407 841 1622 2796 2230 3011
8171 6 2 6 1 1270 797 1843 2659 2186 3232
8172 6 2 6 1 572 569 1409 1961 1958 2798
8173 6 2 6 1 1399 1475 1837 2788 2864 3226
8174 6 2 6 1 579 578 580 1968 1967 1969
8175 6 2 6 1 1773 1772 1775 3162 3161 3164
8176 6 2 6 1 829 1733 1742 2218 3122 3131
8177 6 2 6 1 569 1245 1409 1958 2634 2798
8178 6 2 6 1 637 645 676 2026 2034 2065
8179 6 2 6 1 1180 1181 1329 2569 2570 2718
8180 6 2 6 1 576 579 1888 1965 1968 3277
8181 6 2 6 1 5 270 818 11 327 2207
8182 6 2 6 1 642 647 668 2031 2036 2057
8183 6 2 6 1 1124 1369 1427 2513 2758 2816
8184 6 2 6 1 1201 1199 1841 2590 2588 3230
8185 6 2 6 1 115 114 1075 482 483 2464
8186 6 2 6 1 1142 1021 1223 2531 2410 2612
8187 6 2 6 1 1118 736 1422 2507 2125 2811
8188 6 2 6 1 845 970 1713 2234 2359 3102
8189 6 2 6 1 171 170 1435 426 427 2824
8190 6 2 6 1 920 1122 1327 2309 2511 2716
8191 6 2 6 1 824 902 1384 2213 2291 2773
8192 6 2 6 1 1058 1520 1874 2447 2909 3263
8193 6 2 6 1 730 731 824 2119 2120 2213
8194 6 2 6 1 169 1046 1265 428 2435 2654
8195 6 2 6 1 871 875 876 2260 2264 2265
8196 6 2 6 1 1128 1242 1430 2517 2631 2819
8197 6 2 6 1 829 1240 1733 2218 2629 3122
8198 6 2 6 1 654 656 660 2043 2045 2049
8199 6 2 6 1 174 173 1449 423 424 2838
8200 6 2 6 1 842 663 843 2231 2052 2232
8201 6 2 6 1 1019 1222 1747 2408 2611 3136
8202 6 2 6 1 949 943 1113 2338 2332 2502
8203 6 2 6 1 1418 645 1438 2807 2034 2827
8204 6 2 6 1 100 99 1083 497 498 2472
8205 6 2 6 1 637 638 645 2026 2027 2034
8206 6 2 6 1 889 890 894 2278 2279 2283
8207 6 2 6 1 1554 1556 1557 2943 2945 2946
8208 6 2 6 1 988 1605 1606 2377 2994 2995
8209 6 2 6 1 1056 1060 1515 2445 2449 2904
8210 6 2 6 1 952 843 953 2341 2232 2342
8211 6 2 6 1 1157 1316 1763 2546 2705 3152
8212 6 2 6 1 532 1485 1499 1921 2874 2888
8213 6 2 6 1 44 45 1497 302 303 2886
8214 6 2 6 1 1060 1061 1064 2449 2450 2453
8215 6 2 6 1 927 928 1863 2316 2317 3252
8216 6 2 6 1 1124 1427 1428 2513 2816 2817
8217 6 2 6 1 1124 1428 1509 2513 2817 2898
8218 6 2 6 1 841 830 1622 2230 2219 3011
8219 6 2 6 1 670 1309 1431 2059 2698 2820
8220 6 2 6 1 861 865 866 2250 2254 2255
8221 6 2 6 1 172 171 1436 425 426 2825
8222 6 2 6 1 94 1089 1777 503 2478 3166
8223 6 2 6 1 115 1075 1609 482 2464 2998
8224 6 2 6 1 1578 1767 1768 2967 3156 3157
8225 6 2 6 1 1537 1092 1877 2926 2481 3266
8226 6 2 6 1 1095 1087 1855 2484 2476 3244
8227 6 2 6 1 725 724 825 2114 2113 2214
8228 6 2 6 1 1148 1690 1854 2537 3079 3243
8229 6 2 6 1 1022 1020 1025 2411 2409 2414
8230 6 2 6 1 1293 1649 1718 2682 3038 3107
8231 6 2 6 1 173 172 716 424 425 2105
8232 6 2 6 1 794 1206 1419 2183 2595 2808
8233 6 2 6 1 710 832 1422 2099 2221 2811
8234 6 2 6 1 635 636 637 2024 2025 2026
8235 6 2 6 1 1435 821 1850 2824 2210 3239
8236 6 2 6 1 902 901 1459 2291 2290 2848
8237 6 2 6 1 990 987 1606 2379 2376 2995
8238 6 2 6 1 751 749 802 2140 2138 2191
8239 6 2 6 1 704 705 730 2093 2094 2119
8240 6 2 6 1 1512 1373 1514 2901 2762 2903
8241 6 2 6 1 885 886 1320 2274 2275 2709
8242 6 2 6 1 1603 808 1753 2992 2197 3142
8243 6 2 6 1 698 724 725 2087 2113 2114
8244 6 2 6 1 1540 1624 1626 2929 3013 3015
8245 6 2 6 1 736 709 1422 2125 2098 2811
8246 6 2 6 1 658 76 1806 2047 521 3195
8247 6 2 6 1 844 961 1613 2233 2350 3002
8248 6 2 6 1 1511 1426 1898 2900 2815 3287
8249 6 2 6 1 98 97 1770 499 500 3159
8250 6 2 6 1 1035 1319 1754 2424 2708 3143
8251 6 2 6 1 1177 1780 1782 2566 3169 3171
8252 6 2 6 1 862 1386 1387 2251 2775 2776
8253 6 2 6 1 741 1306 1761 2130 2695 3150
8254 6 2 6 1 1576 1570 1615 2965 2959 3004
8255 6 2 6 1 965 1402 1712 2354 2791 3101
8256 6 2 6 1 996 1463 1642 2385 2852 3031
8257 6 2 6 1 1122 1509 1603 2511 2898 2992
8258 6 2 6 1 698 697 724 2087 2086 2113
8259 6 2 6 1 218 217 1601 379 380 2990
8260 6 2 6 1 999 627 1516 2388 2016 2905
8261 6 2 6 1 709 710 1422 2098 2099 2811
8262 6 2 6 1 1041 1042 1043 2430 2431 2432
8263 6 2 6 1 937 935 940 2326 2324 2329
8264 6 2 6 1 1422 832 1656 2811 2221 3045
8265 6 2 6 1 1366 788 1367 2755 2177 2756
8266 6 2 6 1 1006 1005 1007 2395 2394 2396
8267 6 2 6 1 933 930 1340 2322 2319 2729
8268 6 2 6 1 730 705 731 2119 2094 2120
8269 6 2 6 1 1212 1451 1895 2601 2840 3284
8270 6 2 6 1 676 677 704 2065 2066 2093
8271 6 2 6 1 1319 1146 1754 2708 2535 3143
8272 6 2 6 1 1127 991 1128 2516 2380 2517
8273 6 2 6 1 755 753 793 2144 2142 2182
8274 6 2 6 1 1235 1138 1682 2624 2527 3071
8275 6 2 6 1 644 1376 1757 2033 2765 3146
8276 6 2 6 1 810 804 811 2199 2193 2200
8277 6 2 6 1 939 929 1278 2328 2318 2667
8278 6 2 6 1 802 1432 1463 2191 2821 2852
8279 6 2 6 1 876 877 879 2265 2266 2268
8280 6 2 6 1 969 1314 1757 2358 2703 3146
8281 6 2 6 1 101 100 1614 496 497 3003
8282 6 2 6 1 990 1360 1510 2379 2749 2899
8283 6 2 6 1 1559 1550 1560 2948 2939 2949
8284 6 2 6 1 910 908 954 2299 2297 2343
8285 6 2 6 1 94 93 1089 503 504 2478
8286 6 2 6 1 850 826 1451 2239 2215 2840
8287 6 2 6 1 953 991 1127 2342 2380 2516
8288 6 2 6 1 538 1254 1696 1927 2643 3085
8289 6 2 6 1 726 696 727 2115 2085 2116
8290 6 2 6 1 707 666 1709 2096 2055 3098
8291 6 2 6 1 914 912 924 2303 2301 2313
8292 6 2 6 1 761 759 800 2150 2148 2189
8293 6 2 6 1 866 897 1330 2255 2286 2719
8294 6 2 6 1 960 1260 1862 2349 2649 3251
8295 6 2 6 1 1524 1527 1533 2913 2916 2922
8296 6 2 6 1 661 662 696 2050 2051 2085
8297 6 2 6 1 633 634 635 2022 2023 2024
8298 6 2 6 1 923 917 1171 2312 2306 2560
8299 6 2 6 1 767 765 786 2156 2154 2175
8300 6 2 6 1 1660 822 1906 3049 2211 3295
8301 6 2 6 1 786 1324 1498 2175 2713 2887
8302 6 2 6 1 967 1395 1396 2356 2784 2785
8303 6 2 6 1 580 697 698 1969 2086 2087
8304 6 2 6 1 928 926 929 2317 2315 2318
8305 6 2 6 1 876 879 1445 2265 2268 2834
8306 6 2 6 1 107 106 672 490 491 2061
8307 6 2 6 1 866 867 897 2255 2256 2286
8308 6 2 6 1 223 1345 1513 374 2734 2902
8309 6 2 6 1 1601 616 1682 2990 2005 3071
8310 6 2 6 1 1073 1078 1084 2462 2467 2473
8311 6 2 6 1 1018 1011 1673 2407 2400 3062
8312 6 2 6 1 635 637 1429 2024 2026 2818
8313 6 2 6 1 885 1320 1321 2274 2709 2710
8314 6 2 6 1 1418 1438 1439 2807 2827 2828
8315 6 2 6 1 704 677 705 2093 2066 2094
8316 6 2 6 1 1376 1183 1757 2765 2572 3146
8317 6 2 6 1 1679 1074 1707 3068 2463 3096
8318 6 2 6 1 1520 1058 1765 2909 2447 3154
8319 6 2 6 1 1065 1068 1070 2454 2457 2459
8320 6 2 6 1 679 681 682 2068 2070 2071
8321 6 2 6 1 783 782 784 2172 2171 2173
8322 6 2 6 1 837 838 839 2226 2227 2228
8323 6 2 6 1 953 843 991 2342 2232 2380
8324 6 2 6 1 606 611 958 1995 2000 2347
8325 6 2 6 1 1262 1766 1869 2651 3155 3258
8326 6 2 6 1 1324 805 1498 2713 2194 2887
8327 6 2 6 1 893 1302 1706 2282 2691 3095
8328 6 2 6 1 1002 999 1516 2391 2388 2905
8329 6 2 6 1 1142 1223 1500 2531 2612 2889
8330 6 2 6 1 941 940 946 2330 2329 2335
8331 6 2 6 1 1799 1024 1802 3188 2413 3191
8332 6 2 6 1 1163 1480 1838 2552 2869 3227
8333 6 2 6 1 1524 1525 1526 2913 2914 2915
8334 6 2 6 1 1388 1179 1403 2777 2568 2792
8335 6 2 6 1 1165 1347 1644 2554 2736 3033
8336 6 2 6 1 775 773 790 2164 2162 2179
8337 6 2 6 1 1312 952 1458 2701 2341 2847
8338 6 2 6 1 1413 1412 1414 2802 2801 2803
8339 6 2 6 1 104 103 1082 493 494 2471
8340 6 2 6 1 1480 1244 1838 2869 2633 3227
8341 6 2 6 1 87 86 659 510 511 2048
8342 6 2 6 1 1118 1422 1656 2507 2811 3045
8343 6 2 6 1 634 624 1441 2023 2013 2830
8344 6 2 6 1 1411 985 1412 2800 2374 2801
8345 6 2 6 1 897 867 1305 2286 2256 2694
8346 6 2 6 1 1163 973 1480 2552 2362 2869
8347 6 2 6 1 1845 1585 1909 3234 2974 3298
8348 6 2 6 1 1005 1002 1226 2394 2391 2615
8349 6 2 6 1 77 76 658 520 521 2047
8350 6 2 6 1 103 102 1635 494 495 3024
8351 6 2 6 1 120 119 1555 477 478 2944
8352 6 2 6 1 771 769 805 2160 2158 2194
8353 6 2 6 1 1432 1233 1463 2821 2622 2852
8354 6 2 6 1 1177 1782 1783 2566 3171 3172
8355 6 2 6 1 622 623 624 2011 2012 2013
8356 6 2 6 1 1527 1528 1529 2916 2917 2918
8357 6 2 6 1 1554 1557 1558 2943 2946 2947
8358 6 2 6 1 1066 1823 1877 2455 3212 3266
8359 6 2 6 1 1023 1505 1803 2412 2894 3192
8360 6 2 6 1 952 953 1458 2341 2342 2847
8361 6 2 6 1 125 124 1639 472 473 3028
8362 6 2 6 1 684 1295 1599 2073 2684 2988
8363 6 2 6 1 700 565 1292 2089 1954 2681
8364 6 2 6 1 606 958 1493 1995 2347 2882
8365 6 2 6 1 110 109 1076 487 488 2465
8366 6 2 6 1 224 223 1513 373 374 2902
8367 6 2 6 1 895 1315 1485 2284 2704 2874
8368 6 2 6 1 102 101 1079 495 496 2468
8369 6 2 6 1 126 125 957 471 472 2346
8370 6 2 6 1 1315 896 1499 2704 2285 2888
8371 6 2 6 1 676 645 677 2065 2034 2066
8372 6 2 6 1 1099 1524 1533 2488 2913 2922
8373 6 2 6 1 113 112 1679 484 485 3068
8374 6 2 6 1 111 110 1645 486 487 3034
8375 6 2 6 1 613 618 695 2002 2007 2084
8376 6 2 6 1 145 144 1062 452 453 2451
8377 6 2 6 1 1557 1556 1714 2946 2945 3103
8378 6 2 6 1 121 120 1581 476 477 2970
8379 6 2 6 1 123 122 1647 474 475 3036
8380 6 2 6 1 1536 1535 1537 2925 2924 2926
8381 6 2 6 1 1776 1775 1790 3165 3164 3179
8382 6 2 6 1 996 1642 1740 2385 3031 3129
8383 6 2 6 1 146 145 1541 451 452 2930
8384 6 2 6 1 1022 1025 1912 2411 2414 3301
8385 6 2 6 1 886 889 1320 2275 2278 2709
8386 6 2 6 1 930 929 939 2319 2318 2328
8387 6 2 6 1 833 831 1734 2222 2220 3123
8388 6 2 6 1 1403 1179 1665 2792 2568 3054
8389 6 2 6 1 1079 1594 1635 2468 2983 3024
8390 6 2 6 1 124 123 1081 473 474 2470
8391 6 2 6 1 1182 570 1860 2571 1959 3249
8392 6 2 6 1 243 540 1348 354 1929 2737
8393 6 2 6 1 122 121 1080 475 476 2469
8394 6 2 6 1 137 136 1067 460 461 2456
8395 6 2 6 1 540 242 1336 1929 355 2725
8396 6 2 6 1 1000 1372 1426 2389 2761 2815
8397 6 2 6 1 1556 1552 1580 2945 2941 2969
8398 6 2 6 1 112 111 1074 485 486 2463
8399 6 2 6 1 665 673 1126 2054 2062 2515
8400 6 2 6 1 826 825 1451 2215 2214 2840
8401 6 2 6 1 1063 1640 1663 2452 3029 3052
8402 6 2 6 1 1677 1130 1698 3066 2519 3087
8403 6 2 6 1 129 128 1107 468 469 2496
8404 6 2 6 1 1013 1012 1014 2402 2401 2403
8405 6 2 6 1 1525 1523 1626 2914 2912 3015
8406 6 2 6 1 1558 1562 1563 2947 2951 2952
8407 6 2 6 1 982 1437 1850 2371 2826 3239
8408 6 2 6 1 1418 1439 1440 2807 2828 2829
8409 6 2 6 1 136 135 1582 461 462 2971
8410 6 2 6 1 1008 1007 1009 2397 2396 2398
8411 6 2 6 1 1295 971 1599 2684 2360 2988
8412 6 2 6 1 602 1390 1643 1991 2779 3032
8413 6 2 6 1 529 1239 1711 1918 2628 3100
8414 6 2 6 1 135 134 1545 462 463 2934
8415 6 2 6 1 18 19 1890 276 277 3279
8416 6 2 6 1 251 598 1350 346 1987 2739
8417 6 2 6 1 598 250 1339 1987 347 2728
8418 6 2 6 1 598 1339 1455 1987 2728 2844
8419 6 2 6 1 1026 1025 1143 2415 2414 2532
8420 6 2 6 1 539 221 1343 1928 376 2732
8421 6 2 6 1 1460 839 1669 2849 2228 3058
8422 6 2 6 1 882 244 1348 2271 353 2737
8423 6 2 6 1 1794 1796 1797 3183 3185 3186
8424 6 2 6 1 1336 241 1375 2725 356 2764
8425 6 2 6 1 117 116 1610 480 481 2999
8426 6 2 6 1 1010 1011 1012 2399 2400 2401
8427 6 2 6 1 1427 1396 1428 2816 2785 2817
8428 6 2 6 1 984 1256 1417 2373 2645 2806
8429 6 2 6 1 989 1218 1219 2378 2607 2608
8430 6 2 6 1 35 36 1648 293 294 3037
8431 6 2 6 1 623 714 1441 2012 2103 2830
8432 6 2 6 1 1771 1579 1805 3160 2968 3194
8433 6 2 6 1 144 143 1663 453 454 3052
8434 6 2 6 1 789 252 1350 2178 345 2739
8435 6 2 6 1 1230 1231 1733 2619 2620 3122
8436 6 2 6 1 1508 896 1742 2897 2285 3131
8437 6 2 6 1 1183 969 1757 2572 2358 3146
8438 6 2 6 1 1405 981 1681 2794 2370 3070
8439 6 2 6 1 1506 1194 1800 2895 2583 3189
8440 6 2 6 1 1225 1650 1914 2614 3039 3303
8441 6 2 6 1 599 246 1346 1988 351 2735
8442 6 2 6 1 90 1090 1830 507 2479 3219
8443 6 2 6 1 590 1302 1705 1979 2691 3094
8444 6 2 6 1 713 1255 1487 2102 2644 2876
8445 6 2 6 1 245 882 1346 352 2271 2735
8446 6 2 6 1 247 599 1351 350 1988 2740
8447 6 2 6 1 632 633 663 2021 2022 2052
8448 6 2 6 1 249 872 1339 348 2261 2728
8449 6 2 6 1 590 231 1353 1979 366 2742
8450 6 2 6 1 1330 897 1331 2719 2286 2720
8451 6 2 6 1 592 236 1359 1981 361 2748
8452 6 2 6 1 253 789 1355 344 2178 2744
8453 6 2 6 1 872 248 1351 2261 349 2740
8454 6 2 6 1 90 89 1090 507 508 2479
8455 6 2 6 1 237 592 1361 360 1981 2750
8456 6 2 6 1 1302 893 1705 2691 2282 3094
8457 6 2 6 1 1359 235 1371 2748 362 2760
8458 6 2 6 1 591 226 1357 1980 371 2746
8459 6 2 6 1 207 564 1381 390 1953 2770
8460 6 2 6 1 776 254 1355 2165 343 2744
8461 6 2 6 1 1034 1035 1754 2423 2424 3143
8462 6 2 6 1 227 591 1358 370 1980 2747
8463 6 2 6 1 238 1361 1385 359 2750 2774
8464 6 2 6 1 961 1408 1613 2350 2797 3002
8465 6 2 6 1 234 893 1371 363 2282 2760
8466 6 2 6 1 563 196 1370 1952 401 2759
8467 6 2 6 1 240 878 1375 357 2267 2764
8468 6 2 6 1 230 945 1353 367 2334 2742
8469 6 2 6 1 575 572 1409 1964 1961 2798
8470 6 2 6 1 220 932 1343 377 2321 2732
8471 6 2 6 1 1011 1009 1017 2400 2398 2406
8472 6 2 6 1 228 1358 1379 369 2747 2768
8473 6 2 6 1 878 239 1385 2267 358 2774
8474 6 2 6 1 564 206 1341 1953 391 2730
8475 6 2 6 1 147 146 1532 450 451 2921
8476 6 2 6 1 939 1278 1279 2328 2667 2668
8477 6 2 6 1 255 776 1386 342 2165 2775
8478 6 2 6 1 1515 1205 1837 2904 2594 3226
8479 6 2 6 1 945 229 1379 2334 368 2768
8480 6 2 6 1 614 213 1354 2003 384 2743
8481 6 2 6 1 1586 1597 1598 2975 2986 2987
8482 6 2 6 1 616 216 1363 2005 381 2752
8483 6 2 6 1 114 113 1678 483 484 3067
8484 6 2 6 1 225 938 1357 372 2327 2746
8485 6 2 6 1 560 179 1410 1949 418 2799
8486 6 2 6 1 1092 1543 1561 2481 2932 2950
8487 6 2 6 1 603 263 1383 1992 334 2772
8488 6 2 6 1 1354 212 1374 2743 385 2763
8489 6 2 6 1 197 563 1328 400 1952 2717
8490 6 2 6 1 558 258 1380 1947 339 2769
8491 6 2 6 1 894 890 1638 2283 2279 3027
8492 6 2 6 1 638 640 1438 2027 2029 2827
8493 6 2 6 1 674 648 1481 2063 2037 2870
8494 6 2 6 1 932 219 1378 2321 378 2767
8495 6 2 6 1 1800 1799 1802 3189 3188 3191
8496 6 2 6 1 211 615 1374 386 2004 2763
8497 6 2 6 1 92 91 1088 505 506 2477
8498 6 2 6 1 862 256 1386 2251 341 2775
8499 6 2 6 1 1305 869 1470 2694 2258 2859
8500 6 2 6 1 180 560 1352 417 1949 2741
8501 6 2 6 1 1025 1026 1912 2414 2415 3301
8502 6 2 6 1 1106 1549 1831 2495 2938 3220
8503 6 2 6 1 666 685 1709 2055 2074 3098
8504 6 2 6 1 1534 1530 1881 2923 2919 3270
8505 6 2 6 1 257 862 1380 340 2251 2769
8506 6 2 6 1 887 1237 1646 2276 2626 3035
8507 6 2 6 1 553 68 1732 1942 326 3121
8508 6 2 6 1 60 551 1731 318 1940 3120
8509 6 2 6 1 804 783 1442 2193 2172 2831
8510 6 2 6 1 615 210 1364 2004 387 2753
8511 6 2 6 1 259 558 1388 338 1947 2777
8512 6 2 6 1 1382 1029 1677 2771 2418 3066
8513 6 2 6 1 1797 1798 1799 3186 3187 3188
8514 6 2 6 1 918 208 1381 2307 389 2770
8515 6 2 6 1 632 624 633 2021 2013 2022
8516 6 2 6 1 1423 1449 1814 2812 2838 3203
8517 6 2 6 1 1256 983 1712 2645 2372 3101
8518 6 2 6 1 1196 1113 1604 2585 2502 2993
8519 6 2 6 1 602 267 1389 1991 330 2778
8520 6 2 6 1 159 158 649 438 439 2038
8521 6 2 6 1 1337 31 1745 2726 289 3134
8522 6 2 6 1 1338 40 1746 2727 298 3135
8523 6 2 6 1 264 603 1420 333 1992 2809
8524 6 2 6 1 86 85 1789 511 512 3178
8525 6 2 6 1 209 918 1364 388 2307 2753
8526 6 2 6 1 989 1219 1719 2378 2608 3108
8527 6 2 6 1 1341 205 1365 2730 392 2754
8528 6 2 6 1 78 77 1804 519 520 3193
8529 6 2 6 1 1031 739 1462 2420 2128 2851
8530 6 2 6 1 1562 1557 1588 2951 2946 2977
8531 6 2 6 1 783 784 1442 2172 2173 2831
8532 6 2 6 1 1016 1153 1255 2405 2542 2644
8533 6 2 6 1 1084 1085 1086 2473 2474 2475
8534 6 2 6 1 1640 1534 1881 3029 2923 3270
8535 6 2 6 1 1070 1071 1072 2459 2460 2461
8536 6 2 6 1 799 807 1659 2188 2196 3048
8537 6 2 6 1 260 1388 1403 337 2777 2792
8538 6 2 6 1 570 1225 1914 1959 2614 3303
8539 6 2 6 1 1121 1393 1717 2510 2782 3106
8540 6 2 6 1 967 1396 1401 2356 2785 2790
8541 6 2 6 1 1505 1800 1802 2894 3189 3191
8542 6 2 6 1 622 624 632 2011 2013 2021
8543 6 2 6 1 1552 1559 1580 2941 2948 2969
8544 6 2 6 1 1103 1571 1633 2492 2960 3022
8545 6 2 6 1 262 873 1383 335 2262 2772
8546 6 2 6 1 1485 1315 1499 2874 2704 2888
8547 6 2 6 1 825 1253 1451 2214 2642 2840
8548 6 2 6 1 1785 1787 1792 3174 3176 3181
8549 6 2 6 1 839 1040 1669 2228 2429 3058
8550 6 2 6 1 1180 1329 1751 2569 2718 3140
8551 6 2 6 1 1820 1160 1915 3209 2549 3304
8552 6 2 6 1 1299 699 1905 2688 2088 3294
8553 6 2 6 1 1049 1048 1050 2438 2437 2439
8554 6 2 6 1 1202 1201 1916 2591 2590 3305
8555 6 2 6 1 268 602 1397 329 1991 2786
8556 6 2 6 1 637 676 1429 2026 2065 2818
8557 6 2 6 1 130 129 1708 467 468 3097
8558 6 2 6 1 1298 1297 1872 2687 2686 3261
8559 6 2 6 1 1010 1009 1011 2399 2398 2400
8560 6 2 6 1 1785 1792 1794 3174 3181 3183
8561 6 2 6 1 1308 670 1827 2697 2059 3216
8562 6 2 6 1 1040 840 1041 2429 2229 2430
8563 6 2 6 1 873 261 1403 2262 336 2792
8564 6 2 6 1 1531 1534 1535 2920 2923 2924
8565 6 2 6 1 1087 1095 1096 2476 2484 2485
8566 6 2 6 1 1495 1109 1697 2884 2498 3086
8567 6 2 6 1 1391 1453 1692 2780 2842 3081
8568 6 2 6 1 162 161 1474 435 436 2863
8569 6 2 6 1 955 1887 1910 2344 3276 3299
8570 6 2 6 1 1023 1504 1505 2412 2893 2894
8571 6 2 6 1 195 921 1370 402 2310 2759
8572 6 2 6 1 807 815 1659 2196 2204 3048
8573 6 2 6 1 945 1379 1835 2334 2768 3224
8574 6 2 6 1 233 232 1705 364 365 3094
8575 6 2 6 1 879 877 1461 2268 2266 2850
8576 6 2 6 1 877 881 1461 2266 2270 2850
8577 6 2 6 1 198 1328 1349 399 2717 2738
8578 6 2 6 1 204 788 1365 393 2177 2754
8579 6 2 6 1 1408 541 1613 2797 1930 3002
8580 6 2 6 1 1524 1526 1527 2913 2915 2916
8581 6 2 6 1 155 154 1722 442 443 3111
8582 6 2 6 1 1448 965 1712 2837 2354 3101
8583 6 2 6 1 1367 788 1398 2756 2177 2787
8584 6 2 6 1 648 654 1481 2037 2043 2870
8585 6 2 6 1 1433 581 1900 2822 1970 3289
8586 6 2 6 1 1456 954 1478 2845 2343 2867
8587 6 2 6 1 1260 1230 1862 2649 2619 3251
8588 6 2 6 1 1048 1044 1210 2437 2433 2599
8589 6 2 6 1 989 987 990 2378 2376 2379
8590 6 2 6 1 189 607 1368 408 1996 2757
8591 6 2 6 1 156 155 1054 441 442 2443
8592 6 2 6 1 96 95 1778 501 502 3167
8593 6 2 6 1 607 188 1401 1996 409 2790
8594 6 2 6 1 185 609 1394 412 1998 2783
8595 6 2 6 1 787 199 1349 2176 398 2738
8596 6 2 6 1 181 1352 1402 416 2741 2791
8597 6 2 6 1 609 184 1404 1998 413 2793
8598 6 2 6 1 143 142 1063 454 455 2452
8599 6 2 6 1 782 780 785 2171 2169 2174
8600 6 2 6 1 1419 859 1477 2808 2248 2866
8601 6 2 6 1 139 138 1069 458 459 2458
8602 6 2 6 1 1539 1535 1640 2928 2924 3029
8603 6 2 6 1 200 787 1400 397 2176 2789
8604 6 2 6 1 217 616 1601 380 2005 2990
8605 6 2 6 1 1378 218 1601 2767 379 2990
8606 6 2 6 1 788 203 1398 2177 394 2787
8607 6 2 6 1 739 1284 1462 2128 2673 2851
8608 6 2 6 1 178 985 1410 419 2374 2799
8609 6 2 6 1 1284 1172 1462 2673 2561 2851
8610 6 2 6 1 930 939 1340 2319 2328 2729
8611 6 2 6 1 921 194 1377 2310 403 2766
8612 6 2 6 1 41 554 1746 299 1943 3135
8613 6 2 6 1 32 552 1745 290 1941 3134
8614 6 2 6 1 1412 985 1421 2801 2374 2810
8615 6 2 6 1 869 871 1470 2258 2260 2859
8616 6 2 6 1 154 153 1052 443 444 2441
8617 6 2 6 1 193 608 1377 404 1997 2766
8618 6 2 6 1 1301 1433 1900 2690 2822 3289
8619 6 2 6 1 1148 1304 1690 2537 2693 3079
8620 6 2 6 1 1123 190 1368 2512 407 2757
8621 6 2 6 1 645 638 1438 2034 2027 2827
8622 6 2 6 1 608 192 1392 1997 405 2781
8623 6 2 6 1 1192 1178 1879 2581 2567 3268
8624 6 2 6 1 953 1127 1860 2342 2516 3249
8625 6 2 6 1 1626 1054 1627 3015 2443 3016
8626 6 2 6 1 142 141 1735 455 456 3124
8627 6 2 6 1 839 840 1040 2228 2229 2429
8628 6 2 6 1 748 201 1400 2137 396 2789
8629 6 2 6 1 140 139 1736 457 458 3125
8630 6 2 6 1 1253 538 1895 2642 1927 3284
8631 6 2 6 1 191 1123 1392 406 2512 2781
8632 6 2 6 1 943 941 1469 2332 2330 2858
8633 6 2 6 1 202 748 1398 395 2137 2787
8634 6 2 6 1 732 1688 1876 2121 3077 3265
8635 6 2 6 1 599 1346 1347 1988 2735 2736
8636 6 2 6 1 1411 1412 1413 2800 2801 2802
8637 6 2 6 1 187 967 1401 410 2356 2790
8638 6 2 6 1 977 265 1420 2366 332 2809
8639 6 2 6 1 967 186 1394 2356 411 2783
8640 6 2 6 1 266 977 1389 331 2366 2778
8641 6 2 6 1 1012 1011 1018 2401 2400 2407
8642 6 2 6 1 1779 1776 1780 3168 3165 3169
8643 6 2 6 1 697 578 1612 2086 1967 3001
8644 6 2 6 1 97 543 1770 500 1932 3159
8645 6 2 6 1 1361 592 1362 2750 1981 2751
8646 6 2 6 1 1214 979 1750 2603 2368 3139
8647 6 2 6 1 965 182 1402 2354 415 2791
8648 6 2 6 1 1055 1056 1515 2444 2445 2904
8649 6 2 6 1 1395 1720 1721 2784 3109 3110
8650 6 2 6 1 742 718 1718 2131 2107 3107
8651 6 2 6 1 183 965 1404 414 2354 2793
8652 6 2 6 1 938 224 1513 2327 373 2902
8653 6 2 6 1 1277 972 1911 2666 2361 3300
8654 6 2 6 1 1546 1584 1909 2935 2973 3298
8655 6 2 6 1 1887 982 1910 3276 2371 3299
8656 6 2 6 1 828 829 1742 2217 2218 3131
8657 6 2 6 1 1483 674 1484 2872 2063 2873
8658 6 2 6 1 106 105 1715 491 492 3104
8659 6 2 6 1 685 1325 1709 2074 2714 3098
8660 6 2 6 1 859 861 1477 2248 2250 2866
8661 6 2 6 1 754 1456 1478 2143 2845 2867
8662 6 2 6 1 941 946 1469 2330 2335 2858
8663 6 2 6 1 1060 1119 1515 2449 2508 2904
8664 6 2 6 1 1566 1565 1615 2955 2954 3004
8665 6 2 6 1 1278 929 1491 2667 2318 2880
8666 6 2 6 1 232 590 1705 365 1979 3094
8667 6 2 6 1 570 1458 1860 1959 2847 3249
8668 6 2 6 1 1459 901 1727 2848 2290 3116
8669 6 2 6 1 1047 1044 1048 2436 2433 2437
8670 6 2 6 1 85 84 1788 512 513 3177
8671 6 2 6 1 1146 1037 1754 2535 2426 3143
8672 6 2 6 1 1226 1002 1516 2615 2391 2905
8673 6 2 6 1 972 1360 1911 2361 2749 3300
8674 6 2 6 1 1625 160 1755 3014 437 3144
8675 6 2 6 1 558 1380 1405 1947 2769 2794
8676 6 2 6 1 79 78 1793 518 519 3182
8677 6 2 6 1 815 819 822 2204 2208 2211
8678 6 2 6 1 1465 1202 1916 2854 2591 3305
8679 6 2 6 1 1398 748 1883 2787 2137 3272
8680 6 2 6 1 150 149 1608 447 448 2997
8681 6 2 6 1 893 233 1705 2282 364 3094
8682 6 2 6 1 765 763 1489 2154 2152 2878
8683 6 2 6 1 1772 543 1778 3161 1932 3167
8684 6 2 6 1 84 83 1784 513 514 3173
8685 6 2 6 1 611 613 1494 2000 2002 2883
8686 6 2 6 1 985 177 1421 2374 420 2810
8687 6 2 6 1 1016 1014 1152 2405 2403 2541
8688 6 2 6 1 703 1493 1744 2092 2882 3133
8689 6 2 6 1 1563 1564 1565 2952 2953 2954
8690 6 2 6 1 853 1206 1634 2242 2595 3023
8691 6 2 6 1 935 933 1482 2324 2322 2871
8692 6 2 6 1 1577 1101 1840 2966 2490 3229
8693 6 2 6 1 1132 1687 1907 2521 3076 3296
8694 6 2 6 1 564 1341 1342 1953 2730 2731
8695 6 2 6 1 918 1381 1382 2307 2770 2771
8696 6 2 6 1 769 767 1498 2158 2156 2887
8697 6 2 6 1 153 152 1758 444 445 3147
8698 6 2 6 1 727 696 1749 2116 2085 3138
8699 6 2 6 1 1281 741 1761 2670 2130 3150
8700 6 2 6 1 552 1276 1857 1941 2665 3246
8701 6 2 6 1 753 751 1486 2142 2140 2875
8702 6 2 6 1 269 1397 1434 328 2786 2823
8703 6 2 6 1 542 117 1610 1931 480 2999
8704 6 2 6 1 176 717 1421 421 2106 2810
8705 6 2 6 1 1500 1503 1657 2889 2892 3046
8706 6 2 6 1 1274 1273 1892 2663 2662 3281
8707 6 2 6 1 837 839 1460 2226 2228 2849
8708 6 2 6 1 1347 1165 1813 2736 2554 3202
8709 6 2 6 1 1492 946 1616 2881 2335 3005
8710 6 2 6 1 712 576 1888 2101 1965 3277
8711 6 2 6 1 215 214 1762 382 383 3151
8712 6 2 6 1 80 79 1795 517 518 3184
8713 6 2 6 1 1119 1064 1191 2508 2453 2580
8714 6 2 6 1 1060 1064 1119 2449 2453 2508
8715 6 2 6 1 1363 215 1762 2752 382 3151
8716 6 2 6 1 722 987 989 2111 2376 2378
8717 6 2 6 1 1179 1388 1681 2568 2777 3070
8718 6 2 6 1 214 614 1762 383 2003 3151
8719 6 2 6 1 926 923 1491 2315 2312 2880
8720 6 2 6 1 1811 1010 1880 3200 2399 3269
8721 6 2 6 1 119 118 1819 478 479 3208
8722 6 2 6 1 832 844 1656 2221 2233 3045
8723 6 2 6 1 1446 1500 1657 2835 2889 3046
8724 6 2 6 1 163 162 1662 434 435 3051
8725 6 2 6 1 131 130 1108 466 467 2497
8726 6 2 6 1 134 133 1602 463 464 2991
8727 6 2 6 1 1340 939 1476 2729 2328 2865
8728 6 2 6 1 917 914 1490 2306 2303 2879
8729 6 2 6 1 647 674 1483 2036 2063 2872
8730 6 2 6 1 976 1390 1763 2365 2779 3152
8731 6 2 6 1 1332 1350 1808 2721 2739 3197
8732 6 2 6 1 651 1736 1828 2040 3125 3217
8733 6 2 6 1 866 1330 1477 2255 2719 2866
8734 6 2 6 1 912 910 1488 2301 2299 2877
8735 6 2 6 1 1365 788 1366 2754 2177 2755
8736 6 2 6 1 1275 546 1915 2664 1935 3304
8737 6 2 6 1 635 1429 1664 2024 2818 3053
8738 6 2 6 1 717 175 1423 2106 422 2812
8739 6 2 6 1 141 140 651 456 457 2040
8740 6 2 6 1 1783 1817 1861 3172 3206 3250
8741 6 2 6 1 1767 1083 1768 3156 2472 3157
8742 6 2 6 1 1325 1185 1709 2714 2574 3098
8743 6 2 6 1 876 1445 1470 2265 2834 2859
8744 6 2 6 1 1266 1046 1701 2655 2435 3090
8745 6 2 6 1 1029 1382 1689 2418 2771 3078
8746 6 2 6 1 109 108 1680 488 489 3069
8747 6 2 6 1 148 147 1607 449 450 2996
8748 6 2 6 1 157 156 1743 440 441 3132
8749 6 2 6 1 1608 1760 1810 2997 3149 3199
8750 6 2 6 1 620 1507 1812 2009 2896 3201
8751 6 2 6 1 1083 99 1769 2472 498 3158
8752 6 2 6 1 624 623 1441 2013 2012 2830
8753 6 2 6 1 93 92 1834 504 505 3223
8754 6 2 6 1 1114 1332 1808 2503 2721 3197
8755 6 2 6 1 706 1418 1440 2095 2807 2829
8756 6 2 6 1 654 660 1481 2043 2049 2870
8757 6 2 6 1 1768 1083 1769 3157 2472 3158
8758 6 2 6 1 1155 1282 1820 2544 2671 3209
8759 6 2 6 1 1447 1423 1814 2836 2812 3203
8760 6 2 6 1 128 127 1694 469 470 3083
8761 6 2 6 1 921 1377 1467 2310 2766 2856
8762 6 2 6 1 1016 1152 1153 2405 2541 2542
8763 6 2 6 1 552 1337 1745 1941 2726 3134
8764 6 2 6 1 554 1338 1746 1943 2727 3135
8765 6 2 6 1 885 1321 1461 2274 2710 2850
8766 6 2 6 1 773 771 1511 2162 2160 2900
8767 6 2 6 1 811 804 1442 2200 2193 2831
8768 6 2 6 1 1650 1312 1914 3039 2701 3303
8769 6 2 6 1 1049 1057 1098 2438 2446 2487
8770 6 2 6 1 881 885 1461 2270 2274 2850
8771 6 2 6 1 608 1392 1393 1997 2781 2782
8772 6 2 6 1 1105 1533 1894 2494 2922 3283
8773 6 2 6 1 634 1441 1815 2023 2830 3204
8774 6 2 6 1 890 892 1638 2279 2281 3027
8775 6 2 6 1 1362 1135 1646 2751 2524 3035
8776 6 2 6 1 83 82 1832 514 515 3221
8777 6 2 6 1 1098 1057 1277 2487 2446 2666
8778 6 2 6 1 1123 1368 1369 2512 2757 2758
8779 6 2 6 1 642 668 1748 2031 2057 3137
8780 6 2 6 1 1604 795 1620 2993 2184 3009
8781 6 2 6 1 1733 1240 1862 3122 2629 3251
8782 6 2 6 1 668 647 1483 2057 2036 2872
8783 6 2 6 1 989 990 1218 2378 2379 2607
8784 6 2 6 1 633 635 1664 2022 2024 3053
8785 6 2 6 1 1578 1768 1805 2967 3157 3194
8786 6 2 6 1 545 1285 1739 1934 2674 3128
8787 6 2 6 1 967 1394 1395 2356 2783 2784
8788 6 2 6 1 543 96 1778 1932 501 3167
8789 6 2 6 1 1579 1101 1875 2968 2490 3264
8790 6 2 6 1 763 761 1672 2152 2150 3061
8791 6 2 6 1 844 1613 1656 2233 3002 3045
8792 6 2 6 1 1208 1601 1682 2597 2990 3071
8793 6 2 6 1 1577 1578 1875 2966 2967 3264
8794 6 2 6 1 1404 965 1448 2793 2354 2837
8795 6 2 6 1 1049 1050 1057 2438 2439 2446
8796 6 2 6 1 818 270 1434 2207 327 2823
8797 6 2 6 1 1771 543 1772 3160 1932 3161
8798 6 2 6 1 81 80 1801 516 517 3190
8799 6 2 6 1 1466 706 1756 2855 2095 3145
8800 6 2 6 1 1423 174 1449 2812 423 2838
8801 6 2 6 1 656 661 1496 2045 2050 2885
8802 6 2 6 1 1065 1070 1666 2454 2459 3055
8803 6 2 6 1 1410 985 1411 2799 2374 2800
8804 6 2 6 1 1299 956 1889 2688 2345 3278
8805 6 2 6 1 151 150 1810 446 447 3199
8806 6 2 6 1 1067 1591 1653 2456 2980 3042
8807 6 2 6 1 1387 1356 1691 2776 2745 3080
8808 6 2 6 1 961 845 1713 2350 2234 3102
8809 6 2 6 1 170 821 1435 427 2210 2824
8810 6 2 6 1 152 151 1053 445 446 2442
8811 6 2 6 1 1792 1027 1801 3181 2416 3190
8812 6 2 6 1 1262 1158 1822 2651 2547 3211
8813 6 2 6 1 778 775 1512 2167 2164 2901
8814 6 2 6 1 132 131 1845 465 466 3234
8815 6 2 6 1 1353 1298 1872 2742 2687 3261
8816 6 2 6 1 1785 1794 1818 3174 3183 3207
8817 6 2 6 1 871 876 1470 2260 2265 2859
8818 6 2 6 1 1439 1438 1748 2828 2827 3137
8819 6 2 6 1 1573 1586 1716 2962 2975 3105
8820 6 2 6 1 751 802 1486 2140 2191 2875
8821 6 2 6 1 127 1590 1694 470 2979 3083
8822 6 2 6 1 1113 943 1469 2502 2332 2858
8823 6 2 6 1 88 87 1816 509 510 3205
8824 6 2 6 1 721 1670 1903 2110 3059 3292
8825 6 2 6 1 1068 1561 1826 2457 2950 3215
8826 6 2 6 1 581 580 1900 1970 1969 3289
8827 6 2 6 1 1567 1679 1707 2956 3068 3096
8828 6 2 6 1 1568 1566 1569 2957 2955 2958
8829 6 2 6 1 1375 878 1630 2764 2267 3019
8830 6 2 6 1 1583 1545 1584 2972 2934 2973
8831 6 2 6 1 821 1112 1850 2210 2501 3239
8832 6 2 6 1 1069 1653 1737 2458 3042 3126
8833 6 2 6 1 1596 1078 1884 2985 2467 3273
8834 6 2 6 1 1169 1391 1692 2558 2780 3081
8835 6 2 6 1 831 841 1734 2220 2230 3123
8836 6 2 6 1 1327 1122 1603 2716 2511 2992
8837 6 2 6 1 933 1340 1482 2322 2729 2871
8838 6 2 6 1 661 726 1496 2050 2115 2885
8839 6 2 6 1 118 542 1819 479 1931 3208
8840 6 2 6 1 1760 1053 1810 3149 2442 3199
8841 6 2 6 1 1563 1566 1568 2952 2955 2957
8842 6 2 6 1 1089 1775 1777 2478 3164 3166
8843 6 2 6 1 562 1454 1867 1951 2843 3256
8844 6 2 6 1 663 633 1664 2052 2022 3053
8845 6 2 6 1 167 166 1267 430 431 2656
8846 6 2 6 1 1271 1337 1741 2660 2726 3130
8847 6 2 6 1 1050 1055 1475 2439 2444 2864
8848 6 2 6 1 696 662 1641 2085 2051 3030
8849 6 2 6 1 160 159 1755 437 438 3144
8850 6 2 6 1 164 163 1661 433 434 3050
8851 6 2 6 1 171 1435 1436 426 2824 2825
8852 6 2 6 1 1064 1065 1666 2453 2454 3055
8853 6 2 6 1 1232 995 1667 2621 2384 3056
8854 6 2 6 1 138 137 1865 459 460 3254
8855 6 2 6 1 1070 1072 1091 2459 2461 2480
8856 6 2 6 1 1623 1587 1625 3012 2976 3014
8857 6 2 6 1 954 1471 1478 2343 2860 2867
8858 6 2 6 1 861 866 1477 2250 2255 2866
8859 6 2 6 1 660 656 1496 2049 2045 2885
8860 6 2 6 1 679 682 1658 2068 2071 3047
8861 6 2 6 1 1047 1049 1605 2436 2438 2994
8862 6 2 6 1 1453 1274 1692 2842 2663 3081
8863 6 2 6 1 1333 1115 1809 2722 2504 3198
8864 6 2 6 1 939 1279 1476 2328 2668 2865
8865 6 2 6 1 1026 1143 1766 2415 2532 3155
8866 6 2 6 1 1230 1733 1862 2619 3122 3251
8867 6 2 6 1 1135 1362 1671 2524 2751 3060
8868 6 2 6 1 1694 1590 1695 3083 2979 3084
8869 6 2 6 1 901 1131 1727 2290 2520 3116
8870 6 2 6 1 1138 1235 1863 2527 2624 3252
8871 6 2 6 1 82 81 1027 515 516 2416
8872 6 2 6 1 1314 644 1757 2703 2033 3146
8873 6 2 6 1 717 1423 1447 2106 2812 2836
8874 6 2 6 1 910 954 1488 2299 2343 2877
8875 6 2 6 1 1558 1563 1568 2947 2952 2957
8876 6 2 6 1 173 716 1449 424 2105 2838
8877 6 2 6 1 914 924 1490 2303 2313 2879
8878 6 2 6 1 1360 1295 1510 2749 2684 2899
8879 6 2 6 1 116 1609 1610 481 2998 2999
8880 6 2 6 1 1091 1072 1178 2480 2461 2567
8881 6 2 6 1 577 703 1699 1966 2092 3088
8882 6 2 6 1 1096 1097 1166 2485 2486 2555
8883 6 2 6 1 1128 1430 1864 2517 2819 3253
8884 6 2 6 1 1037 1034 1754 2426 2423 3143
8885 6 2 6 1 923 1171 1491 2312 2560 2880
8886 6 2 6 1 786 765 1489 2175 2154 2878
8887 6 2 6 1 1047 1048 1049 2436 2437 2438
8888 6 2 6 1 780 778 1514 2169 2167 2903
8889 6 2 6 1 716 172 1436 2105 425 2825
8890 6 2 6 1 940 935 1482 2329 2324 2871
8891 6 2 6 1 1043 1044 1047 2432 2433 2436
8892 6 2 6 1 767 786 1498 2156 2175 2887
8893 6 2 6 1 1152 1014 1617 2541 2403 3006
8894 6 2 6 1 105 104 1871 492 493 3260
8895 6 2 6 1 1358 591 1651 2747 1980 3040
8896 6 2 6 1 1240 960 1862 2629 2349 3251
8897 6 2 6 1 1175 1177 1868 2564 2566 3257
8898 6 2 6 1 793 753 1486 2182 2142 2875
8899 6 2 6 1 811 1443 1444 2200 2832 2833
8900 6 2 6 1 1446 1142 1500 2835 2531 2889
8901 6 2 6 1 665 1126 1641 2054 2515 3030
8902 6 2 6 1 108 1598 1680 489 2987 3069
8903 6 2 6 1 761 800 1672 2150 2189 3061
8904 6 2 6 1 613 695 1494 2002 2084 2883
8905 6 2 6 1 1137 1685 1686 2526 3074 3075
8906 6 2 6 1 578 575 1612 1967 1964 3001
8907 6 2 6 1 1631 1501 1738 3020 2890 3127
8908 6 2 6 1 796 1492 1616 2185 2881 3005
8909 6 2 6 1 1031 1462 1897 2420 2851 3286
8910 6 2 6 1 1531 1535 1536 2920 2924 2925
8911 6 2 6 1 100 1083 1614 497 2472 3003
8912 6 2 6 1 1102 1086 1158 2491 2475 2547
8913 6 2 6 1 958 611 1494 2347 2000 2883
8914 6 2 6 1 74 73 1024 523 524 2413
8915 6 2 6 1 929 926 1491 2318 2315 2880
8916 6 2 6 1 1769 98 1770 3158 499 3159
8917 6 2 6 1 759 757 1730 2148 2146 3119
8918 6 2 6 1 975 1446 1752 2364 2835 3141
8919 6 2 6 1 1171 917 1490 2560 2306 2879
8920 6 2 6 1 924 912 1488 2313 2301 2877
8921 6 2 6 1 1451 1253 1895 2840 2642 3284
8922 6 2 6 1 1015 1014 1016 2404 2403 2405
8923 6 2 6 1 805 769 1498 2194 2158 2887
8924 6 2 6 1 542 1588 1819 1931 2977 3208
8925 6 2 6 1 1773 1775 1776 3162 3164 3165
8926 6 2 6 1 1396 1395 1896 2785 2784 3285
8927 6 2 6 1 668 1439 1748 2057 2828 3137
8928 6 2 6 1 133 132 653 464 465 2042
8929 6 2 6 1 991 1261 1886 2380 2650 3275
8930 6 2 6 1 790 773 1511 2179 2162 2900
8931 6 2 6 1 640 642 1748 2029 2031 3137
8932 6 2 6 1 1523 1540 1626 2912 2929 3015
8933 6 2 6 1 815 822 1659 2204 2211 3048
8934 6 2 6 1 1509 1125 1603 2898 2514 2992
8935 6 2 6 1 1439 668 1703 2828 2057 3092
8936 6 2 6 1 1231 1508 1742 2620 2897 3131
8937 6 2 6 1 811 1442 1443 2200 2831 2832
8938 6 2 6 1 716 1436 1437 2105 2825 2826
8939 6 2 6 1 1768 1771 1805 3157 3160 3194
8940 6 2 6 1 771 805 1511 2160 2194 2900
8941 6 2 6 1 1110 6 1111 2499 12 2500
8942 6 2 6 1 1571 1574 1633 2960 2963 3022
8943 6 2 6 1 1126 673 1658 2515 2062 3047
8944 6 2 6 1 1112 1697 1849 2501 3086 3238
8945 6 2 6 1 1210 1100 1853 2599 2489 3242
8946 6 2 6 1 1791 1027 1792 3180 2416 3181
8947 6 2 6 1 1633 1094 1856 3022 2483 3245
8948 6 2 6 1 775 790 1512 2164 2179 2901
8949 6 2 6 1 1628 1519 1885 3017 2908 3274
8950 6 2 6 1 1084 1086 1102 2473 2475 2491
8951 6 2 6 1 1593 1695 1913 2982 3084 3302
8952 6 2 6 1 1627 1052 1759 3016 2441 3148
8953 6 2 6 1 1502 1501 1631 2891 2890 3020
8954 6 2 6 1 800 759 1730 2189 2148 3119
8955 6 2 6 1 1039 742 1718 2428 2131 3107
8956 6 2 6 1 1111 6 1265 2500 12 2654
8957 6 2 6 1 1075 114 1678 2464 483 3067
8958 6 2 6 1 158 157 1902 439 440 3291
8959 6 2 6 1 662 665 1641 2051 2054 3030
8960 6 2 6 1 1518 1701 1702 2907 3090 3091
8961 6 2 6 1 1525 1626 1627 2914 3015 3016
8962 6 2 6 1 1175 1779 1780 2564 3168 3169
8963 6 2 6 1 1101 1579 1774 2490 2968 3163
8964 6 2 6 1 1777 1772 1778 3166 3161 3167
8965 6 2 6 1 166 165 1904 431 432 3293
8966 6 2 6 1 1452 898 1652 2841 2287 3041
8967 6 2 6 1 1563 1565 1566 2952 2954 2955
8968 6 2 6 1 149 148 652 448 449 2041
8969 6 2 6 1 604 1180 1751 1993 2569 3140
8970 6 2 6 1 1235 927 1863 2624 2316 3252
8971 6 2 6 1 1102 1158 1247 2491 2547 2636
8972 6 2 6 1 95 1777 1778 502 3166 3167
8973 6 2 6 1 792 1445 1632 2181 2834 3021
8974 6 2 6 1 1505 1502 1506 2894 2891 2895
8975 6 2 6 1 1331 897 1710 2720 2286 3099
8976 6 2 6 1 1177 1176 1868 2566 2565 3257
8977 6 2 6 1 1584 1545 1602 2973 2934 2991
8978 6 2 6 1 821 6 1110 2210 12 2499
8979 6 2 6 1 1079 101 1614 2468 496 3003
8980 6 2 6 1 988 1425 1723 2377 2814 3112
8981 6 2 6 1 1736 1737 1828 3125 3126 3217
8982 6 2 6 1 1040 1041 1425 2429 2430 2814
8983 6 2 6 1 1538 1539 1828 2927 2928 3217
8984 6 2 6 1 1653 1654 1737 3042 3043 3126
8985 6 2 6 1 1334 1312 1650 2723 2701 3039
8986 6 2 6 1 1367 1398 1883 2756 2787 3272
8987 6 2 6 1 1615 1567 1707 3004 2956 3096
8988 6 2 6 1 1438 640 1748 2827 2029 3137
8989 6 2 6 1 1072 1073 1693 2461 2462 3082
8990 6 2 6 1 712 1618 1764 2101 3007 3153
8991 6 2 6 1 1087 1096 1822 2476 2485 3211
8992 6 2 6 1 1219 1129 1815 2608 2518 3204
8993 6 2 6 1 992 1246 1847 2381 2635 3236
8994 6 2 6 1 889 894 1621 2278 2283 3010
8995 6 2 6 1 862 1387 1844 2251 2776 3233
8996 6 2 6 1 658 1798 1804 2047 3187 3193
8997 6 2 6 1 1770 543 1771 3159 1932 3160
8998 6 2 6 1 1548 1585 1593 2937 2974 2982
8999 6 2 6 1 1334 1650 1744 2723 3039 3133
9000 6 2 6 1 1082 103 1635 2471 494 3024
9001 6 2 6 1 1107 1694 1695 2496 3083 3084
9002 6 2 6 1 785 780 1514 2174 2169 2903
9003 6 2 6 1 1683 1467 1728 3072 2856 3117
9004 6 2 6 1 1128 991 1886 2517 2380 3275
9005 6 2 6 1 1320 889 1621 2709 2278 3010
9006 6 2 6 1 1489 763 1672 2878 2152 3061
9007 6 2 6 1 1342 1029 1689 2731 2418 3078
9008 6 2 6 1 168 167 1700 429 430 3089
9009 6 2 6 1 1623 1625 1755 3012 3014 3144
9010 6 2 6 1 1073 1084 1693 2462 2473 3082
9011 6 2 6 1 1654 1538 1737 3043 2927 3126
9012 6 2 6 1 1112 1849 1850 2501 3238 3239
9013 6 2 6 1 75 74 1836 522 523 3225
9014 6 2 6 1 120 1555 1581 477 2944 2970
9015 6 2 6 1 102 1079 1635 495 2468 3024
9016 6 2 6 1 1600 847 1697 2989 2236 3086
9017 6 2 6 1 1505 1506 1800 2894 2895 3189
9018 6 2 6 1 1167 1631 1912 2556 3020 3301
9019 6 2 6 1 957 125 1639 2346 472 3028
9020 6 2 6 1 559 1848 1867 1948 3237 3256
9021 6 2 6 1 1454 1127 1864 2843 2516 3253
9022 6 2 6 1 110 1076 1645 487 2465 3034
9023 6 2 6 1 1049 1098 1605 2438 2487 2994
9024 6 2 6 1 1397 602 1643 2786 1991 3032
9025 6 2 6 1 1265 1046 1266 2654 2435 2655
9026 6 2 6 1 1343 932 1685 2732 2321 3074
9027 6 2 6 1 145 1062 1541 452 2451 2930
9028 6 2 6 1 1346 882 1644 2735 2271 3033
9029 6 2 6 1 124 1081 1639 473 2470 3028
9030 6 2 6 1 1153 1152 1821 2542 2541 3210
9031 6 2 6 1 1080 121 1581 2469 476 2970
9032 6 2 6 1 1158 1262 1869 2547 2651 3258
9033 6 2 6 1 946 940 1616 2335 2329 3005
9034 6 2 6 1 1057 1050 1475 2446 2439 2864
9035 6 2 6 1 1081 123 1647 2470 474 3036
9036 6 2 6 1 122 1080 1647 475 2469 3036
9037 6 2 6 1 112 1074 1679 485 2463 3068
9038 6 2 6 1 1074 111 1645 2463 486 3034
9039 6 2 6 1 1218 990 1510 2607 2379 2899
9040 6 2 6 1 1426 1372 1898 2815 2761 3287
9041 6 2 6 1 1583 1544 1591 2972 2933 2980
9042 6 2 6 1 618 620 1812 2007 2009 3201
9043 6 2 6 1 1086 1087 1822 2475 2476 3211
9044 6 2 6 1 1067 136 1582 2456 461 2971
9045 6 2 6 1 1096 1166 1262 2485 2555 2651
9046 6 2 6 1 1250 604 1751 2639 1993 3140
9047 6 2 6 1 1428 1396 1896 2817 2785 3285
9048 6 2 6 1 1775 1772 1777 3164 3161 3166
9049 6 2 6 1 1688 1143 1907 3077 2532 3296
9050 6 2 6 1 811 1444 1611 2200 2833 3000
9051 6 2 6 1 1586 1572 1597 2975 2961 2986
9052 6 2 6 1 1540 1521 1623 2929 2910 3012
9053 6 2 6 1 712 1764 1873 2101 3153 3262
9054 6 2 6 1 1849 982 1850 3238 2371 3239
9055 6 2 6 1 1579 1773 1774 2968 3162 3163
9056 6 2 6 1 1678 113 1679 3067 484 3068
9057 6 2 6 1 1025 1020 1132 2414 2409 2521
9058 6 2 6 1 821 1110 1112 2210 2499 2501
9059 6 2 6 1 672 106 1715 2061 491 3104
9060 6 2 6 1 135 1545 1582 462 2934 2971
9061 6 2 6 1 1555 119 1819 2944 478 3208
9062 6 2 6 1 1431 959 1827 2820 2348 3216
9063 6 2 6 1 1627 1054 1722 3016 2443 3111
9064 6 2 6 1 1533 1105 1851 2922 2494 3240
9065 6 2 6 1 1062 144 1663 2451 453 3052
9066 6 2 6 1 1125 963 1859 2514 2352 3248
9067 6 2 6 1 652 1607 1637 2041 2996 3026
9068 6 2 6 1 1100 1473 1765 2489 2862 3154
9069 6 2 6 1 165 164 1045 432 433 2434
9070 6 2 6 1 1133 1387 1691 2522 2776 3080
9071 6 2 6 1 1390 1300 1763 2779 2689 3152
9072 6 2 6 1 695 618 1812 2084 2007 3201
9073 6 2 6 1 598 1455 1808 1987 2844 3197
9074 6 2 6 1 1787 1783 1861 3176 3172 3250
9075 6 2 6 1 1052 1627 1722 2441 3016 3111
9076 6 2 6 1 673 679 1658 2062 2068 3047
9077 6 2 6 1 1070 1091 1666 2459 2480 3055
9078 6 2 6 1 575 1409 1612 1964 2798 3001
9079 6 2 6 1 1802 1024 1803 3191 2413 3192
9080 6 2 6 1 1191 1064 1666 2580 2453 3055
9081 6 2 6 1 1249 1008 1811 2638 2397 3200
9082 6 2 6 1 1533 1527 1894 2922 2916 3283
9083 6 2 6 1 1347 1346 1644 2736 2735 3033
9084 6 2 6 1 1532 146 1541 2921 451 2930
9085 6 2 6 1 721 1669 1670 2110 3058 3059
9086 6 2 6 1 1141 1683 1728 2530 3072 3117
9087 6 2 6 1 659 86 1789 2048 511 3178
9088 6 2 6 1 715 722 1719 2104 2111 3108
9089 6 2 6 1 592 1359 1671 1981 2748 3060
9090 6 2 6 1 1140 1327 1753 2529 2716 3142
9091 6 2 6 1 1576 1707 1725 2965 3096 3114
9092 6 2 6 1 77 658 1804 520 2047 3193
9093 6 2 6 1 1503 1502 1504 2892 2891 2893
9094 6 2 6 1 1089 93 1834 2478 504 3223
9095 6 2 6 1 1076 109 1680 2465 488 3069
9096 6 2 6 1 1430 559 1864 2819 1948 3253
9097 6 2 6 1 1604 1113 1619 2993 2502 3008
9098 6 2 6 1 1033 1031 1897 2422 2420 3286
9099 6 2 6 1 1504 1502 1505 2893 2891 2894
9100 6 2 6 1 1455 1114 1808 2844 2503 3197
9101 6 2 6 1 1588 1555 1819 2977 2944 3208
9102 6 2 6 1 653 1584 1602 2042 2973 2991
9103 6 2 6 1 563 1370 1684 1952 2759 3073
9104 6 2 6 1 1261 737 1886 2650 2126 3275
9105 6 2 6 1 882 1348 1675 2271 2737 3064
9106 6 2 6 1 897 1305 1710 2286 2694 3099
9107 6 2 6 1 1268 1266 1472 2657 2655 2861
9108 6 2 6 1 1688 680 1876 3077 2069 3265
9109 6 2 6 1 1178 1072 1693 2567 2461 3082
9110 6 2 6 1 819 837 1668 2208 2226 3057
9111 6 2 6 1 580 698 1900 1969 2087 3289
9112 6 2 6 1 1429 1261 1664 2818 2650 3053
9113 6 2 6 1 670 1431 1827 2059 2820 3216
9114 6 2 6 1 1107 128 1694 2496 469 3083
9115 6 2 6 1 1362 592 1671 2751 1981 3060
9116 6 2 6 1 104 1082 1871 493 2471 3260
9117 6 2 6 1 1721 966 1896 3110 2355 3285
9118 6 2 6 1 1127 1128 1864 2516 2517 3253
9119 6 2 6 1 1695 1560 1913 3084 2949 3302
9120 6 2 6 1 1012 1018 1617 2401 2407 3006
9121 6 2 6 1 129 1107 1708 468 2496 3097
9122 6 2 6 1 1047 1605 1901 2436 2994 3290
9123 6 2 6 1 706 1440 1756 2095 2829 3145
9124 6 2 6 1 1388 558 1681 2777 1947 3070
9125 6 2 6 1 1798 1793 1804 3187 3182 3193
9126 6 2 6 1 1381 564 1689 2770 1953 3078
9127 6 2 6 1 837 1460 1668 2226 2849 3057
9128 6 2 6 1 1444 1464 1611 2833 2853 3000
9129 6 2 6 1 1080 1581 1714 2469 2970 3103
9130 6 2 6 1 1113 1469 1619 2502 2858 3008
9131 6 2 6 1 1341 1365 1674 2730 2754 3063
9132 6 2 6 1 778 1512 1514 2167 2901 2903
9133 6 2 6 1 940 1482 1616 2329 2871 3005
9134 6 2 6 1 1370 921 1683 2759 2310 3072
9135 6 2 6 1 1495 1111 1825 2884 2500 3214
9136 6 2 6 1 1561 1106 1826 2950 2495 3215
9137 6 2 6 1 1737 1538 1828 3126 2927 3217
9138 6 2 6 1 1262 1166 1766 2651 2555 3155
9139 6 2 6 1 137 1067 1865 460 2456 3254
9140 6 2 6 1 1176 1785 1818 2565 3174 3207
9141 6 2 6 1 1458 953 1860 2847 2342 3249
9142 6 2 6 1 1578 1592 1767 2967 2981 3156
9143 6 2 6 1 932 1378 1686 2321 2767 3075
9144 6 2 6 1 1529 1531 1655 2918 2920 3044
9145 6 2 6 1 1653 1591 1654 3042 2980 3043
9146 6 2 6 1 1364 918 1698 2753 2307 3087
9147 6 2 6 1 169 168 1046 428 429 2435
9148 6 2 6 1 1378 1208 1686 2767 2597 3075
9149 6 2 6 1 87 659 1816 510 2048 3205
9150 6 2 6 1 1773 1776 1779 3162 3165 3168
9151 6 2 6 1 1454 559 1867 2843 1948 3256
9152 6 2 6 1 1382 1381 1689 2771 2770 3078
9153 6 2 6 1 558 1405 1681 1947 2794 3070
9154 6 2 6 1 1839 1095 1840 3228 2484 3229
9155 6 2 6 1 1014 1012 1617 2403 2401 3006
9156 6 2 6 1 1582 1545 1583 2971 2934 2972
9157 6 2 6 1 1645 1076 1725 3034 2465 3114
9158 6 2 6 1 143 1063 1663 454 2452 3052
9159 6 2 6 1 1405 1380 1844 2794 2769 3233
9160 6 2 6 1 1493 958 1744 2882 2347 3133
9161 6 2 6 1 1642 631 1740 3031 2020 3129
9162 6 2 6 1 1521 1587 1623 2910 2976 3012
9163 6 2 6 1 1558 1568 1870 2947 2957 3259
9164 6 2 6 1 1342 1341 1674 2731 2730 3063
9165 6 2 6 1 1365 1366 1674 2754 2755 3063
9166 6 2 6 1 1377 608 1704 2766 1997 3093
9167 6 2 6 1 564 1342 1689 1953 2731 3078
9168 6 2 6 1 1350 598 1808 2739 1987 3197
9169 6 2 6 1 1395 1721 1896 2784 3110 3285
9170 6 2 6 1 1208 1378 1601 2597 2767 2990
9171 6 2 6 1 918 1382 1698 2307 2771 3087
9172 6 2 6 1 92 1088 1834 505 2477 3223
9173 6 2 6 1 1312 1458 1914 2701 2847 3303
9174 6 2 6 1 1394 609 1720 2783 1998 3109
9175 6 2 6 1 1380 862 1844 2769 2251 3233
9176 6 2 6 1 1463 1233 1642 2852 2622 3031
9177 6 2 6 1 1323 1489 1672 2712 2878 3061
9178 6 2 6 1 1585 1546 1909 2974 2935 3298
9179 6 2 6 1 1587 1519 1628 2976 2908 3017
9180 6 2 6 1 1392 1123 1717 2781 2512 3106
9181 6 2 6 1 696 1641 1749 2085 3030 3138
9182 6 2 6 1 1265 1266 1268 2654 2655 2657
9183 6 2 6 1 921 1467 1683 2310 2856 3072
9184 6 2 6 1 1609 1564 1610 2998 2953 2999
9185 6 2 6 1 1790 1089 1834 3179 2478 3223
9186 6 2 6 1 1715 105 1871 3104 492 3260
9187 6 2 6 1 1400 787 1824 2789 2176 3213
9188 6 2 6 1 546 1820 1915 1935 3209 3304
9189 6 2 6 1 1554 1558 1870 2943 2947 3259
9190 6 2 6 1 1084 1102 1693 2473 2491 3082
9191 6 2 6 1 1545 134 1602 2934 463 2991
9192 6 2 6 1 800 1730 1899 2189 3119 3288
9193 6 2 6 1 1575 1589 1594 2964 2978 2983
9194 6 2 6 1 1517 732 1876 2906 2121 3265
9195 6 2 6 1 1280 1363 1762 2669 2752 3151
9196 6 2 6 1 1158 1086 1822 2547 2475 3211
9197 6 2 6 1 159 649 1755 438 2038 3144
9198 6 2 6 1 810 811 1611 2199 2200 3000
9199 6 2 6 1 1467 1377 1704 2856 2766 3093
9200 6 2 6 1 1054 155 1722 2443 442 3111
9201 6 2 6 1 1736 1069 1737 3125 2458 3126
9202 6 2 6 1 722 989 1719 2111 2378 3108
9203 6 2 6 1 608 1393 1704 1997 2782 3093
9204 6 2 6 1 1021 810 1611 2410 2199 3000
9205 6 2 6 1 1592 1575 1594 2981 2964 2983
9206 6 2 6 1 1799 1806 1836 3188 3195 3225
9207 6 2 6 1 649 158 1902 2038 439 3291
9208 6 2 6 1 1090 1786 1829 2479 3175 3218
9209 6 2 6 1 85 1788 1789 512 3177 3178
9210 6 2 6 1 721 1460 1669 2110 2849 3058
9211 6 2 6 1 156 1054 1743 441 2443 3132
9212 6 2 6 1 609 1404 1724 1998 2793 3113
9213 6 2 6 1 1223 1021 1464 2612 2410 2853
9214 6 2 6 1 1393 1392 1717 2782 2781 3106
9215 6 2 6 1 154 1052 1722 443 2441 3111
9216 6 2 6 1 822 819 1668 2211 2208 3057
9217 6 2 6 1 1069 138 1865 2458 459 3254
9218 6 2 6 1 1614 1083 1767 3003 2472 3156
9219 6 2 6 1 1794 1194 1818 3183 2583 3207
9220 6 2 6 1 71 70 1023 526 527 2412
9221 6 2 6 1 1793 78 1804 3182 519 3193
9222 6 2 6 1 1123 1369 1717 2512 2758 3106
9223 6 2 6 1 1395 1394 1720 2784 2783 3109
9224 6 2 6 1 1063 142 1735 2452 455 3124
9225 6 2 6 1 1448 1030 1724 2837 2419 3113
9226 6 2 6 1 139 1069 1736 458 2458 3125
9227 6 2 6 1 962 1316 1842 2351 2705 3231
9228 6 2 6 1 1628 1661 1662 3017 3050 3051
9229 6 2 6 1 147 1532 1607 450 2921 2996
9230 6 2 6 1 1404 1448 1724 2793 2837 3113
9231 6 2 6 1 1527 1529 1894 2916 2918 3283
9232 6 2 6 1 653 1845 1909 2042 3234 3298
9233 6 2 6 1 1096 1262 1822 2485 2651 3211
9234 6 2 6 1 1133 1405 1844 2522 2794 3233
9235 6 2 6 1 1222 1019 1852 2611 2408 3241
9236 6 2 6 1 1598 1597 1680 2987 2986 3069
9237 6 2 6 1 1300 1157 1763 2689 2546 3152
9238 6 2 6 1 1816 659 1817 3205 2048 3206
9239 6 2 6 1 1560 1550 1913 2949 2939 3302
9240 6 2 6 1 1108 130 1708 2497 467 3097
9241 6 2 6 1 603 1383 1866 1992 2772 3255
9242 6 2 6 1 1022 1222 1852 2411 2611 3241
9243 6 2 6 1 1726 800 1899 3115 2189 3288
9244 6 2 6 1 1052 1758 1759 2441 3147 3148
9245 6 2 6 1 162 1474 1662 435 2863 3051
9246 6 2 6 1 1088 1790 1834 2477 3179 3223
9247 6 2 6 1 1584 653 1909 2973 2042 3298
9248 6 2 6 1 980 1660 1858 2369 3049 3247
9249 6 2 6 1 1052 153 1758 2441 444 3147
9250 6 2 6 1 1578 1805 1875 2967 3194 3264
9251 6 2 6 1 1590 1560 1695 2979 2949 3084
9252 6 2 6 1 1796 1793 1798 3185 3182 3187
9253 6 2 6 1 982 1849 1910 2371 3238 3299
9254 6 2 6 1 157 1743 1902 440 3132 3291
9255 6 2 6 1 1110 1111 1495 2499 2500 2884
9256 6 2 6 1 1437 982 1887 2826 2371 3276
9257 6 2 6 1 1273 1741 1857 2662 3130 3246
9258 6 2 6 1 1644 882 1675 3033 2271 3064
9259 6 2 6 1 84 1784 1788 513 3173 3177
9260 6 2 6 1 590 1353 1872 1979 2742 3261
9261 6 2 6 1 1067 1653 1865 2456 3042 3254
9262 6 2 6 1 1048 1210 1853 2437 2599 3242
9263 6 2 6 1 1467 1120 1728 2856 2509 3117
9264 6 2 6 1 141 651 1735 456 2040 3124
9265 6 2 6 1 1650 703 1744 3039 2092 3133
9266 6 2 6 1 795 1604 1619 2184 2993 3008
9267 6 2 6 1 651 140 1736 2040 457 3125
9268 6 2 6 1 1041 1043 1723 2430 2432 3112
9269 6 2 6 1 1806 75 1836 3195 522 3225
9270 6 2 6 1 1327 1603 1753 2716 2992 3142
9271 6 2 6 1 1685 932 1686 3074 2321 3075
9272 6 2 6 1 1171 1490 1843 2560 2879 3232
9273 6 2 6 1 79 1793 1795 518 3182 3184
9274 6 2 6 1 1101 1774 1839 2490 3163 3228
9275 6 2 6 1 1670 719 1903 3059 2108 3292
9276 6 2 6 1 1055 1515 1837 2444 2904 3226
9277 6 2 6 1 1791 1784 1832 3180 3173 3221
9278 6 2 6 1 1120 1467 1704 2509 2856 3093
9279 6 2 6 1 1701 1267 1702 3090 2656 3091
9280 6 2 6 1 1475 1055 1837 2864 2444 3226
9281 6 2 6 1 150 1608 1810 447 2997 3199
9282 6 2 6 1 1109 1600 1697 2498 2989 3086
9283 6 2 6 1 1531 1536 1655 2920 2925 3044
9284 6 2 6 1 1687 680 1688 3076 2069 3077
9285 6 2 6 1 1460 721 1906 2849 2110 3295
9286 6 2 6 1 1370 1683 1684 2759 3072 3073
9287 6 2 6 1 1105 1655 1823 2494 3044 3212
9288 6 2 6 1 1784 83 1832 3173 514 3221
9289 6 2 6 1 559 1454 1864 1948 2843 3253
9290 6 2 6 1 1026 1167 1912 2415 2556 3301
9291 6 2 6 1 1098 1277 1911 2487 2666 3300
9292 6 2 6 1 1789 1788 1861 3178 3177 3250
9293 6 2 6 1 1653 1069 1865 3042 2458 3254
9294 6 2 6 1 1502 1167 1506 2891 2556 2895
9295 6 2 6 1 1417 1411 1893 2806 2800 3282
9296 6 2 6 1 1522 1099 1874 2911 2488 3263
9297 6 2 6 1 1848 557 1867 3237 1946 3256
9298 6 2 6 1 1411 1413 1893 2800 2802 3282
9299 6 2 6 1 1541 1062 1881 2930 2451 3270
9300 6 2 6 1 80 1795 1801 517 3184 3190
9301 6 2 6 1 1548 1593 1913 2937 2982 3302
9302 6 2 6 1 152 1053 1758 445 2442 3147
9303 6 2 6 1 1529 1655 1894 2918 3044 3283
9304 6 2 6 1 1387 1133 1844 2776 2522 3233
9305 6 2 6 1 1618 1673 1764 3007 3062 3153
9306 6 2 6 1 131 1108 1845 466 2497 3234
9307 6 2 6 1 1576 1615 1707 2965 3004 3096
9308 6 2 6 1 1027 1791 1832 2416 3180 3221
9309 6 2 6 1 1661 163 1662 3050 434 3051
9310 6 2 6 1 1053 151 1810 2442 446 3199
9311 6 2 6 1 1697 847 1849 3086 2236 3238
9312 6 2 6 1 1840 1095 1855 3229 2484 3244
9313 6 2 6 1 1805 1579 1875 3194 2968 3264
9314 6 2 6 1 1700 1267 1701 3089 2656 3090
9315 6 2 6 1 1631 1022 1912 3020 2411 3301
9316 6 2 6 1 1458 570 1914 2847 1959 3303
9317 6 2 6 1 672 1715 1716 2061 3104 3105
9318 6 2 6 1 1655 1536 1823 3044 2925 3212
9319 6 2 6 1 1600 1109 1878 2989 2498 3267
9320 6 2 6 1 1101 1839 1840 2490 3228 3229
9321 6 2 6 1 1720 609 1724 3109 1998 3113
9322 6 2 6 1 1702 1267 1904 3091 2656 3293
9323 6 2 6 1 1786 1782 1829 3175 3171 3218
9324 6 2 6 1 1500 1501 1503 2889 2890 2892
9325 6 2 6 1 1795 1793 1796 3184 3182 3185
9326 6 2 6 1 1500 1223 1501 2889 2612 2890
9327 6 2 6 1 1226 1516 1882 2615 2905 3271
9328 6 2 6 1 82 1027 1832 515 2416 3221
9329 6 2 6 1 984 1417 1893 2373 2806 3282
9330 6 2 6 1 1480 973 1891 2869 2362 3280
9331 6 2 6 1 1696 974 1890 3085 2363 3279
9332 6 2 6 1 133 653 1602 464 2042 2991
9333 6 2 6 1 1027 81 1801 2416 516 3190
9334 6 2 6 1 1425 1041 1723 2814 2430 3112
9335 6 2 6 1 149 652 1608 448 2041 2997
9336 6 2 6 1 1464 1021 1611 2853 2410 3000
9337 6 2 6 1 1774 1773 1779 3163 3162 3168
9338 6 2 6 1 1687 1688 1907 3076 3077 3296
9339 6 2 6 1 1855 1087 1856 3244 2476 3245
9340 6 2 6 1 652 148 1607 2041 449 2996
9341 6 2 6 1 790 1511 1898 2179 2900 3287
9342 6 2 6 1 653 132 1845 2042 465 3234
9343 6 2 6 1 1702 1045 1885 3091 2434 3274
9344 6 2 6 1 1028 1811 1880 2417 3200 3269
9345 6 2 6 1 1683 1141 1684 3072 2530 3073
9346 6 2 6 1 1525 1627 1759 2914 3016 3148
9347 6 2 6 1 1273 1857 1892 2662 3246 3281
9348 6 2 6 1 1136 1726 1899 2525 3115 3288
9349 6 2 6 1 74 1024 1836 523 2413 3225
9350 6 2 6 1 1568 1093 1870 2957 2482 3259
9351 6 2 6 1 1045 1702 1904 2434 3091 3293
9352 6 2 6 1 1267 166 1904 2656 431 3293
9353 6 2 6 1 1857 1276 1892 3246 2665 3281
9354 6 2 6 1 1143 1025 1907 2532 2414 3296
9355 6 2 6 1 1661 1628 1885 3050 3017 3274
9356 6 2 6 1 1655 1105 1894 3044 2494 3283
9357 6 2 6 1 167 1267 1700 430 2656 3089
9358 6 2 6 1 1464 1222 1738 2853 2611 3127
9359 6 2 6 1 1167 1502 1631 2556 2891 3020
9360 6 2 6 1 1094 1840 1855 2483 3229 3244
9361 6 2 6 1 1786 1816 1817 3175 3205 3206
9362 6 2 6 1 1043 1047 1901 2432 2436 3290
9363 6 2 6 1 1045 164 1661 2434 433 3050
9364 6 2 6 1 988 1723 1901 2377 3112 3290
9365 6 2 6 1 1668 1460 1906 3057 2849 3295
9366 6 2 6 1 1025 1132 1907 2414 2521 3296
9367 6 2 6 1 1567 1678 1679 2956 3067 3068
9368 6 2 6 1 1730 1258 1899 3119 2647 3288
9369 6 2 6 1 1765 1058 1917 3154 2447 3306
9370 6 2 6 1 1094 1855 1856 2483 3244 3245
9371 6 2 6 1 1223 1464 1738 2612 2853 3127
9372 6 2 6 1 165 1045 1904 432 2434 3293
9373 6 2 6 1 1849 847 1910 3238 2236 3299
9374 6 2 6 1 1501 1223 1738 2890 2612 3127
9375 6 2 6 1 1715 1595 1716 3104 2984 3105
9376 6 2 6 1 1829 1781 1830 3218 3170 3219
9377 6 2 6 1 1505 1802 1803 2894 3191 3192
9378 6 2 6 1 678 1517 1876 2067 2906 3265
9379 6 2 6 1 1782 1786 1817 3171 3175 3206
9380 6 2 6 1 1046 168 1700 2435 429 3089
9381 6 2 6 1 1723 1043 1901 3112 2432 3290
9382 6 2 6 1 1595 1715 1871 2984 3104 3260
9383 6 2 6 1 1045 1661 1885 2434 3050 3274
9384 6 2 6 1 1090 1829 1830 2479 3218 3219
9385 6 2 6 1 1743 1624 1902 3132 3013 3291
9386 6 2 6 1 69 5 1504 528 11 2893
9387 6 2 6 1 70 69 1023 527 528 2412
9388 6 2 6 1 1097 1176 1818 2486 2565 3207
9389 6 2 6 1 1544 1583 1584 2933 2972 2973
9390 6 2 6 1 1785 1783 1787 3174 3172 3176
$EndElements
